kafka-3-1  | 2026-09-21T21:52:14.422026616Z ===> User
kafka-3-1  | 2026-09-21T21:52:14.422783465Z uid=1000(appuser) gid=1000(appuser) groups=1000(appuser)
kafka-3-1  | 2026-09-21T21:52:14.423027681Z ===> Setting default values of environment variables if not already set.
kafka-3-1  | 2026-09-21T21:52:14.423269697Z ===> Configuring ...
kafka-3-1  | 2026-09-21T21:52:14.423332201Z Running in KRaft mode...
kafka-3-1  | 2026-09-21T21:52:14.423867136Z ===> Launching ... 
kafka-3-1  | 2026-09-21T21:52:14.426742123Z ===> Using provided cluster id 5L6g3nShT-eMCtK--X86sw ...
kafka-3-1  | 2026-09-21T21:52:16.569301039Z [2026-09-21 21:52:16,568] INFO Registered kafka:type=kafka.Log4jController MBean (kafka.utils.Log4jControllerRegistration$)
kafka-3-1  | 2026-09-21T21:52:16.637342469Z [2026-09-21 21:52:16,637] INFO Setting -D jdk.tls.rejectClientInitiatedRenegotiation=true to disable client-initiated TLS renegotiation (org.apache.zookeeper.common.X509Util)
kafka-3-1  | 2026-09-21T21:52:16.639391303Z [2026-09-21 21:52:16,639] INFO RemoteLogManagerConfig values: 
kafka-3-1  | 2026-09-21T21:52:16.639409004Z 	log.local.retention.bytes = -2
kafka-3-1  | 2026-09-21T21:52:16.639411704Z 	log.local.retention.ms = -2
kafka-3-1  | 2026-09-21T21:52:16.639413004Z 	remote.fetch.max.wait.ms = 500
kafka-3-1  | 2026-09-21T21:52:16.639414204Z 	remote.log.index.file.cache.total.size.bytes = 1073741824
kafka-3-1  | 2026-09-21T21:52:16.639415504Z 	remote.log.manager.copier.thread.pool.size = 10
kafka-3-1  | 2026-09-21T21:52:16.639416704Z 	remote.log.manager.copy.max.bytes.per.second = 9223372036854775807
kafka-3-1  | 2026-09-21T21:52:16.639417905Z 	remote.log.manager.copy.quota.window.num = 11
kafka-3-1  | 2026-09-21T21:52:16.639419105Z 	remote.log.manager.copy.quota.window.size.seconds = 1
kafka-3-1  | 2026-09-21T21:52:16.639420205Z 	remote.log.manager.expiration.thread.pool.size = 10
kafka-3-1  | 2026-09-21T21:52:16.639421405Z 	remote.log.manager.fetch.max.bytes.per.second = 9223372036854775807
kafka-3-1  | 2026-09-21T21:52:16.639422605Z 	remote.log.manager.fetch.quota.window.num = 11
kafka-3-1  | 2026-09-21T21:52:16.639423805Z 	remote.log.manager.fetch.quota.window.size.seconds = 1
kafka-3-1  | 2026-09-21T21:52:16.639425005Z 	remote.log.manager.task.interval.ms = 30000
kafka-3-1  | 2026-09-21T21:52:16.639426205Z 	remote.log.manager.task.retry.backoff.max.ms = 30000
kafka-3-1  | 2026-09-21T21:52:16.639427305Z 	remote.log.manager.task.retry.backoff.ms = 500
kafka-3-1  | 2026-09-21T21:52:16.639428505Z 	remote.log.manager.task.retry.jitter = 0.2
kafka-3-1  | 2026-09-21T21:52:16.639429605Z 	remote.log.manager.thread.pool.size = 10
kafka-3-1  | 2026-09-21T21:52:16.639430705Z 	remote.log.metadata.custom.metadata.max.bytes = 128
kafka-3-1  | 2026-09-21T21:52:16.639432005Z 	remote.log.metadata.manager.class.name = org.apache.kafka.server.log.remote.metadata.storage.TopicBasedRemoteLogMetadataManager
kafka-3-1  | 2026-09-21T21:52:16.639433306Z 	remote.log.metadata.manager.class.path = null
kafka-3-1  | 2026-09-21T21:52:16.639434506Z 	remote.log.metadata.manager.impl.prefix = rlmm.config.
kafka-3-1  | 2026-09-21T21:52:16.639435606Z 	remote.log.metadata.manager.listener.name = null
kafka-3-1  | 2026-09-21T21:52:16.639445506Z 	remote.log.reader.max.pending.tasks = 100
kafka-3-1  | 2026-09-21T21:52:16.639447006Z 	remote.log.reader.threads = 10
kafka-3-1  | 2026-09-21T21:52:16.639448207Z 	remote.log.storage.manager.class.name = null
kafka-3-1  | 2026-09-21T21:52:16.639449307Z 	remote.log.storage.manager.class.path = null
kafka-3-1  | 2026-09-21T21:52:16.639450507Z 	remote.log.storage.manager.impl.prefix = rsm.config.
kafka-3-1  | 2026-09-21T21:52:16.639451607Z 	remote.log.storage.system.enable = false
kafka-3-1  | 2026-09-21T21:52:16.639452907Z  (org.apache.kafka.server.log.remote.storage.RemoteLogManagerConfig)
kafka-3-1  | 2026-09-21T21:52:16.725637119Z [2026-09-21 21:52:16,725] INFO RemoteLogManagerConfig values: 
kafka-3-1  | 2026-09-21T21:52:16.725664021Z 	log.local.retention.bytes = -2
kafka-3-1  | 2026-09-21T21:52:16.725667821Z 	log.local.retention.ms = -2
kafka-3-1  | 2026-09-21T21:52:16.725669121Z 	remote.fetch.max.wait.ms = 500
kafka-3-1  | 2026-09-21T21:52:16.725670321Z 	remote.log.index.file.cache.total.size.bytes = 1073741824
kafka-3-1  | 2026-09-21T21:52:16.725671521Z 	remote.log.manager.copier.thread.pool.size = 10
kafka-3-1  | 2026-09-21T21:52:16.725673021Z 	remote.log.manager.copy.max.bytes.per.second = 9223372036854775807
kafka-3-1  | 2026-09-21T21:52:16.725674421Z 	remote.log.manager.copy.quota.window.num = 11
kafka-3-1  | 2026-09-21T21:52:16.725675521Z 	remote.log.manager.copy.quota.window.size.seconds = 1
kafka-3-1  | 2026-09-21T21:52:16.725690822Z 	remote.log.manager.expiration.thread.pool.size = 10
kafka-3-1  | 2026-09-21T21:52:16.725693223Z 	remote.log.manager.fetch.max.bytes.per.second = 9223372036854775807
kafka-3-1  | 2026-09-21T21:52:16.725694523Z 	remote.log.manager.fetch.quota.window.num = 11
kafka-3-1  | 2026-09-21T21:52:16.725695623Z 	remote.log.manager.fetch.quota.window.size.seconds = 1
kafka-3-1  | 2026-09-21T21:52:16.725696923Z 	remote.log.manager.task.interval.ms = 30000
kafka-3-1  | 2026-09-21T21:52:16.725698023Z 	remote.log.manager.task.retry.backoff.max.ms = 30000
kafka-3-1  | 2026-09-21T21:52:16.725699223Z 	remote.log.manager.task.retry.backoff.ms = 500
kafka-3-1  | 2026-09-21T21:52:16.725700423Z 	remote.log.manager.task.retry.jitter = 0.2
kafka-3-1  | 2026-09-21T21:52:16.725701523Z 	remote.log.manager.thread.pool.size = 10
kafka-3-1  | 2026-09-21T21:52:16.725702723Z 	remote.log.metadata.custom.metadata.max.bytes = 128
kafka-3-1  | 2026-09-21T21:52:16.725704023Z 	remote.log.metadata.manager.class.name = org.apache.kafka.server.log.remote.metadata.storage.TopicBasedRemoteLogMetadataManager
kafka-3-1  | 2026-09-21T21:52:16.725705423Z 	remote.log.metadata.manager.class.path = null
kafka-3-1  | 2026-09-21T21:52:16.725706523Z 	remote.log.metadata.manager.impl.prefix = rlmm.config.
kafka-3-1  | 2026-09-21T21:52:16.725707723Z 	remote.log.metadata.manager.listener.name = null
kafka-3-1  | 2026-09-21T21:52:16.725708824Z 	remote.log.reader.max.pending.tasks = 100
kafka-3-1  | 2026-09-21T21:52:16.725710124Z 	remote.log.reader.threads = 10
kafka-3-1  | 2026-09-21T21:52:16.725711324Z 	remote.log.storage.manager.class.name = null
kafka-3-1  | 2026-09-21T21:52:16.725723524Z 	remote.log.storage.manager.class.path = null
kafka-3-1  | 2026-09-21T21:52:16.725727325Z 	remote.log.storage.manager.impl.prefix = rsm.config.
kafka-3-1  | 2026-09-21T21:52:16.725728525Z 	remote.log.storage.system.enable = false
kafka-3-1  | 2026-09-21T21:52:16.725729725Z  (org.apache.kafka.server.log.remote.storage.RemoteLogManagerConfig)
kafka-3-1  | 2026-09-21T21:52:16.735450358Z [2026-09-21 21:52:16,735] INFO RemoteLogManagerConfig values: 
kafka-3-1  | 2026-09-21T21:52:16.735480260Z 	log.local.retention.bytes = -2
kafka-3-1  | 2026-09-21T21:52:16.735483260Z 	log.local.retention.ms = -2
kafka-3-1  | 2026-09-21T21:52:16.735484560Z 	remote.fetch.max.wait.ms = 500
kafka-3-1  | 2026-09-21T21:52:16.735485860Z 	remote.log.index.file.cache.total.size.bytes = 1073741824
kafka-3-1  | 2026-09-21T21:52:16.735487060Z 	remote.log.manager.copier.thread.pool.size = 10
kafka-3-1  | 2026-09-21T21:52:16.735488260Z 	remote.log.manager.copy.max.bytes.per.second = 9223372036854775807
kafka-3-1  | 2026-09-21T21:52:16.735489560Z 	remote.log.manager.copy.quota.window.num = 11
kafka-3-1  | 2026-09-21T21:52:16.735490760Z 	remote.log.manager.copy.quota.window.size.seconds = 1
kafka-3-1  | 2026-09-21T21:52:16.735491961Z 	remote.log.manager.expiration.thread.pool.size = 10
kafka-3-1  | 2026-09-21T21:52:16.735493161Z 	remote.log.manager.fetch.max.bytes.per.second = 9223372036854775807
kafka-3-1  | 2026-09-21T21:52:16.735494461Z 	remote.log.manager.fetch.quota.window.num = 11
kafka-3-1  | 2026-09-21T21:52:16.735495561Z 	remote.log.manager.fetch.quota.window.size.seconds = 1
kafka-3-1  | 2026-09-21T21:52:16.735496761Z 	remote.log.manager.task.interval.ms = 30000
kafka-3-1  | 2026-09-21T21:52:16.735497961Z 	remote.log.manager.task.retry.backoff.max.ms = 30000
kafka-3-1  | 2026-09-21T21:52:16.735499161Z 	remote.log.manager.task.retry.backoff.ms = 500
kafka-3-1  | 2026-09-21T21:52:16.735500361Z 	remote.log.manager.task.retry.jitter = 0.2
kafka-3-1  | 2026-09-21T21:52:16.735501561Z 	remote.log.manager.thread.pool.size = 10
kafka-3-1  | 2026-09-21T21:52:16.735502761Z 	remote.log.metadata.custom.metadata.max.bytes = 128
kafka-3-1  | 2026-09-21T21:52:16.735504061Z 	remote.log.metadata.manager.class.name = org.apache.kafka.server.log.remote.metadata.storage.TopicBasedRemoteLogMetadataManager
kafka-3-1  | 2026-09-21T21:52:16.735505361Z 	remote.log.metadata.manager.class.path = null
kafka-3-1  | 2026-09-21T21:52:16.735506562Z 	remote.log.metadata.manager.impl.prefix = rlmm.config.
kafka-3-1  | 2026-09-21T21:52:16.735507762Z 	remote.log.metadata.manager.listener.name = null
kafka-3-1  | 2026-09-21T21:52:16.735509062Z 	remote.log.reader.max.pending.tasks = 100
kafka-3-1  | 2026-09-21T21:52:16.735510262Z 	remote.log.reader.threads = 10
kafka-3-1  | 2026-09-21T21:52:16.735515162Z 	remote.log.storage.manager.class.name = null
kafka-3-1  | 2026-09-21T21:52:16.735516362Z 	remote.log.storage.manager.class.path = null
kafka-3-1  | 2026-09-21T21:52:16.735517562Z 	remote.log.storage.manager.impl.prefix = rsm.config.
kafka-3-1  | 2026-09-21T21:52:16.735525163Z 	remote.log.storage.system.enable = false
kafka-3-1  | 2026-09-21T21:52:16.735526663Z  (org.apache.kafka.server.log.remote.storage.RemoteLogManagerConfig)
kafka-3-1  | 2026-09-21T21:52:16.749591479Z [2026-09-21 21:52:16,749] INFO Registered signal handlers for TERM, INT, HUP (org.apache.kafka.common.utils.LoggingSignalHandler)
kafka-3-1  | 2026-09-21T21:52:16.751552206Z [2026-09-21 21:52:16,751] INFO [ControllerServer id=3] Starting controller (kafka.server.ControllerServer)
kafka-3-1  | 2026-09-21T21:52:16.753834955Z [2026-09-21 21:52:16,753] INFO RemoteLogManagerConfig values: 
kafka-3-1  | 2026-09-21T21:52:16.753855756Z 	log.local.retention.bytes = -2
kafka-3-1  | 2026-09-21T21:52:16.753857956Z 	log.local.retention.ms = -2
kafka-3-1  | 2026-09-21T21:52:16.753916860Z 	remote.fetch.max.wait.ms = 500
kafka-3-1  | 2026-09-21T21:52:16.753919260Z 	remote.log.index.file.cache.total.size.bytes = 1073741824
kafka-3-1  | 2026-09-21T21:52:16.753920561Z 	remote.log.manager.copier.thread.pool.size = 10
kafka-3-1  | 2026-09-21T21:52:16.753921761Z 	remote.log.manager.copy.max.bytes.per.second = 9223372036854775807
kafka-3-1  | 2026-09-21T21:52:16.753922961Z 	remote.log.manager.copy.quota.window.num = 11
kafka-3-1  | 2026-09-21T21:52:16.753924161Z 	remote.log.manager.copy.quota.window.size.seconds = 1
kafka-3-1  | 2026-09-21T21:52:16.753925261Z 	remote.log.manager.expiration.thread.pool.size = 10
kafka-3-1  | 2026-09-21T21:52:16.753926461Z 	remote.log.manager.fetch.max.bytes.per.second = 9223372036854775807
kafka-3-1  | 2026-09-21T21:52:16.753927661Z 	remote.log.manager.fetch.quota.window.num = 11
kafka-3-1  | 2026-09-21T21:52:16.753928761Z 	remote.log.manager.fetch.quota.window.size.seconds = 1
kafka-3-1  | 2026-09-21T21:52:16.753929861Z 	remote.log.manager.task.interval.ms = 30000
kafka-3-1  | 2026-09-21T21:52:16.753931061Z 	remote.log.manager.task.retry.backoff.max.ms = 30000
kafka-3-1  | 2026-09-21T21:52:16.753932261Z 	remote.log.manager.task.retry.backoff.ms = 500
kafka-3-1  | 2026-09-21T21:52:16.753933361Z 	remote.log.manager.task.retry.jitter = 0.2
kafka-3-1  | 2026-09-21T21:52:16.753934561Z 	remote.log.manager.thread.pool.size = 10
kafka-3-1  | 2026-09-21T21:52:16.753935662Z 	remote.log.metadata.custom.metadata.max.bytes = 128
kafka-3-1  | 2026-09-21T21:52:16.753936862Z 	remote.log.metadata.manager.class.name = org.apache.kafka.server.log.remote.metadata.storage.TopicBasedRemoteLogMetadataManager
kafka-3-1  | 2026-09-21T21:52:16.753938162Z 	remote.log.metadata.manager.class.path = null
kafka-3-1  | 2026-09-21T21:52:16.753939262Z 	remote.log.metadata.manager.impl.prefix = rlmm.config.
kafka-3-1  | 2026-09-21T21:52:16.753940462Z 	remote.log.metadata.manager.listener.name = null
kafka-3-1  | 2026-09-21T21:52:16.753941562Z 	remote.log.reader.max.pending.tasks = 100
kafka-3-1  | 2026-09-21T21:52:16.753942762Z 	remote.log.reader.threads = 10
kafka-3-1  | 2026-09-21T21:52:16.753943862Z 	remote.log.storage.manager.class.name = null
kafka-3-1  | 2026-09-21T21:52:16.753945062Z 	remote.log.storage.manager.class.path = null
kafka-3-1  | 2026-09-21T21:52:16.753954763Z 	remote.log.storage.manager.impl.prefix = rsm.config.
kafka-3-1  | 2026-09-21T21:52:16.753956163Z 	remote.log.storage.system.enable = false
kafka-3-1  | 2026-09-21T21:52:16.753957263Z  (org.apache.kafka.server.log.remote.storage.RemoteLogManagerConfig)
kafka-3-1  | 2026-09-21T21:52:16.930489658Z [2026-09-21 21:52:16,930] INFO Updated connection-accept-rate max connection creation rate to 2147483647 (kafka.network.ConnectionQuotas)
kafka-3-1  | 2026-09-21T21:52:16.946456998Z [2026-09-21 21:52:16,946] INFO [SocketServer listenerType=CONTROLLER, nodeId=3] Created data-plane acceptor and processors for endpoint : ListenerName(CONTROLLER) (kafka.network.SocketServer)
kafka-3-1  | 2026-09-21T21:52:16.950848484Z [2026-09-21 21:52:16,950] INFO authorizerStart completed for endpoint CONTROLLER. Endpoint is now READY. (org.apache.kafka.server.network.EndpointReadyFutures)
kafka-3-1  | 2026-09-21T21:52:16.951493726Z [2026-09-21 21:52:16,951] INFO [SharedServer id=3] Starting SharedServer (kafka.server.SharedServer)
kafka-3-1  | 2026-09-21T21:52:16.953255641Z [2026-09-21 21:52:16,953] INFO RemoteLogManagerConfig values: 
kafka-3-1  | 2026-09-21T21:52:16.953269641Z 	log.local.retention.bytes = -2
kafka-3-1  | 2026-09-21T21:52:16.953271442Z 	log.local.retention.ms = -2
kafka-3-1  | 2026-09-21T21:52:16.953272542Z 	remote.fetch.max.wait.ms = 500
kafka-3-1  | 2026-09-21T21:52:16.953273642Z 	remote.log.index.file.cache.total.size.bytes = 1073741824
kafka-3-1  | 2026-09-21T21:52:16.953274942Z 	remote.log.manager.copier.thread.pool.size = 10
kafka-3-1  | 2026-09-21T21:52:16.953276042Z 	remote.log.manager.copy.max.bytes.per.second = 9223372036854775807
kafka-3-1  | 2026-09-21T21:52:16.953277242Z 	remote.log.manager.copy.quota.window.num = 11
kafka-3-1  | 2026-09-21T21:52:16.953278342Z 	remote.log.manager.copy.quota.window.size.seconds = 1
kafka-3-1  | 2026-09-21T21:52:16.953279542Z 	remote.log.manager.expiration.thread.pool.size = 10
kafka-3-1  | 2026-09-21T21:52:16.953280742Z 	remote.log.manager.fetch.max.bytes.per.second = 9223372036854775807
kafka-3-1  | 2026-09-21T21:52:16.953281842Z 	remote.log.manager.fetch.quota.window.num = 11
kafka-3-1  | 2026-09-21T21:52:16.953282942Z 	remote.log.manager.fetch.quota.window.size.seconds = 1
kafka-3-1  | 2026-09-21T21:52:16.953284142Z 	remote.log.manager.task.interval.ms = 30000
kafka-3-1  | 2026-09-21T21:52:16.953285242Z 	remote.log.manager.task.retry.backoff.max.ms = 30000
kafka-3-1  | 2026-09-21T21:52:16.953286343Z 	remote.log.manager.task.retry.backoff.ms = 500
kafka-3-1  | 2026-09-21T21:52:16.953287543Z 	remote.log.manager.task.retry.jitter = 0.2
kafka-3-1  | 2026-09-21T21:52:16.953288643Z 	remote.log.manager.thread.pool.size = 10
kafka-3-1  | 2026-09-21T21:52:16.953289743Z 	remote.log.metadata.custom.metadata.max.bytes = 128
kafka-3-1  | 2026-09-21T21:52:16.953290943Z 	remote.log.metadata.manager.class.name = org.apache.kafka.server.log.remote.metadata.storage.TopicBasedRemoteLogMetadataManager
kafka-3-1  | 2026-09-21T21:52:16.953292243Z 	remote.log.metadata.manager.class.path = null
kafka-3-1  | 2026-09-21T21:52:16.953293343Z 	remote.log.metadata.manager.impl.prefix = rlmm.config.
kafka-3-1  | 2026-09-21T21:52:16.953294543Z 	remote.log.metadata.manager.listener.name = null
kafka-3-1  | 2026-09-21T21:52:16.953318945Z 	remote.log.reader.max.pending.tasks = 100
kafka-3-1  | 2026-09-21T21:52:16.953321245Z 	remote.log.reader.threads = 10
kafka-3-1  | 2026-09-21T21:52:16.953322445Z 	remote.log.storage.manager.class.name = null
kafka-3-1  | 2026-09-21T21:52:16.953323645Z 	remote.log.storage.manager.class.path = null
kafka-3-1  | 2026-09-21T21:52:16.953324745Z 	remote.log.storage.manager.impl.prefix = rsm.config.
kafka-3-1  | 2026-09-21T21:52:16.953325945Z 	remote.log.storage.system.enable = false
kafka-3-1  | 2026-09-21T21:52:16.953327145Z  (org.apache.kafka.server.log.remote.storage.RemoteLogManagerConfig)
kafka-3-1  | 2026-09-21T21:52:17.012121974Z [2026-09-21 21:52:17,011] INFO [LogLoader partition=__cluster_metadata-0, dir=/tmp/kafka-logs] Loading producer state till offset 0 with message format version 2 (kafka.log.UnifiedLog$)
kafka-3-1  | 2026-09-21T21:52:17.013353354Z [2026-09-21 21:52:17,013] INFO [LogLoader partition=__cluster_metadata-0, dir=/tmp/kafka-logs] Reloading from producer snapshot and rebuilding producer state from offset 0 (kafka.log.UnifiedLog$)
kafka-3-1  | 2026-09-21T21:52:17.013586169Z [2026-09-21 21:52:17,013] INFO [LogLoader partition=__cluster_metadata-0, dir=/tmp/kafka-logs] Producer state recovery took 0ms for snapshot load and 0ms for segment recovery from offset 0 (kafka.log.UnifiedLog$)
kafka-3-1  | 2026-09-21T21:52:17.023412009Z [2026-09-21 21:52:17,023] INFO Initialized snapshots with IDs SortedSet() from /tmp/kafka-logs/__cluster_metadata-0 (kafka.raft.KafkaMetadataLog$)
kafka-3-1  | 2026-09-21T21:52:17.029748421Z [2026-09-21 21:52:17,029] INFO [raft-expiration-reaper]: Starting (kafka.raft.TimingWheelExpirationService$ExpiredOperationReaper)
kafka-3-1  | 2026-09-21T21:52:17.032198181Z [2026-09-21 21:52:17,031] INFO [RaftManager id=3] Reading KRaft snapshot and log as part of the initialization (org.apache.kafka.raft.KafkaRaftClient)
kafka-3-1  | 2026-09-21T21:52:17.033226948Z [2026-09-21 21:52:17,033] INFO [RaftManager id=3] Starting request manager with static voters: [kafka-1:9093 (id: 1 rack: null), kafka-2:9093 (id: 2 rack: null), kafka-3:9093 (id: 3 rack: null)] (org.apache.kafka.raft.KafkaRaftClient)
kafka-3-1  | 2026-09-21T21:52:17.060727339Z [2026-09-21 21:52:17,060] INFO [RaftManager id=3] Completed transition to Unattached(epoch=0, voters=[1, 2, 3], electionTimeoutMs=1739) from null (org.apache.kafka.raft.QuorumState)
kafka-3-1  | 2026-09-21T21:52:17.064085657Z [2026-09-21 21:52:17,063] INFO [kafka-3-raft-outbound-request-thread]: Starting (org.apache.kafka.raft.KafkaNetworkChannel$SendThread)
kafka-3-1  | 2026-09-21T21:52:17.066849537Z [2026-09-21 21:52:17,066] INFO [kafka-3-raft-io-thread]: Starting (org.apache.kafka.raft.KafkaRaftClientDriver)
kafka-3-1  | 2026-09-21T21:52:17.081071663Z [2026-09-21 21:52:17,080] INFO [MetadataLoader id=3] initializeNewPublishers: the loader is still catching up because we still don't know the high water mark yet. (org.apache.kafka.image.loader.MetadataLoader)
kafka-3-1  | 2026-09-21T21:52:17.082604463Z [2026-09-21 21:52:17,082] INFO [RaftManager id=3] Registered the listener org.apache.kafka.image.loader.MetadataLoader@14363964 (org.apache.kafka.raft.KafkaRaftClient)
kafka-3-1  | 2026-09-21T21:52:17.083148899Z [2026-09-21 21:52:17,081] INFO [ControllerServer id=3] Waiting for controller quorum voters future (kafka.server.ControllerServer)
kafka-3-1  | 2026-09-21T21:52:17.083299209Z [2026-09-21 21:52:17,083] INFO [ControllerServer id=3] Finished waiting for controller quorum voters future (kafka.server.ControllerServer)
kafka-3-1  | 2026-09-21T21:52:17.091775360Z [2026-09-21 21:52:17,091] INFO [RaftManager id=3] Registered the listener org.apache.kafka.controller.QuorumController$QuorumMetaLogListener@1081927388 (org.apache.kafka.raft.KafkaRaftClient)
kafka-3-1  | 2026-09-21T21:52:17.092341997Z [2026-09-21 21:52:17,092] INFO [controller-3-ThrottledChannelReaper-Fetch]: Starting (kafka.server.ClientQuotaManager$ThrottledChannelReaper)
kafka-3-1  | 2026-09-21T21:52:17.094256422Z [2026-09-21 21:52:17,094] INFO [controller-3-ThrottledChannelReaper-Produce]: Starting (kafka.server.ClientQuotaManager$ThrottledChannelReaper)
kafka-3-1  | 2026-09-21T21:52:17.094680750Z [2026-09-21 21:52:17,094] INFO [controller-3-ThrottledChannelReaper-Request]: Starting (kafka.server.ClientQuotaManager$ThrottledChannelReaper)
kafka-3-1  | 2026-09-21T21:52:17.097966364Z [2026-09-21 21:52:17,097] INFO [controller-3-ThrottledChannelReaper-ControllerMutation]: Starting (kafka.server.ClientQuotaManager$ThrottledChannelReaper)
kafka-3-1  | 2026-09-21T21:52:17.101954323Z [2026-09-21 21:52:17,101] INFO [ExpirationReaper-3-AlterAcls]: Starting (kafka.server.DelayedOperationPurgatory$ExpiredOperationReaper)
kafka-3-1  | 2026-09-21T21:52:17.114266925Z [2026-09-21 21:52:17,114] INFO [MetadataLoader id=3] initializeNewPublishers: the loader is still catching up because we still don't know the high water mark yet. (org.apache.kafka.image.loader.MetadataLoader)
kafka-3-1  | 2026-09-21T21:52:17.114436536Z [2026-09-21 21:52:17,114] INFO [ControllerServer id=3] Waiting for the controller metadata publishers to be installed (kafka.server.ControllerServer)
kafka-3-1  | 2026-09-21T21:52:17.114596546Z [2026-09-21 21:52:17,114] INFO [ControllerServer id=3] Finished waiting for the controller metadata publishers to be installed (kafka.server.ControllerServer)
kafka-3-1  | 2026-09-21T21:52:17.115355096Z [2026-09-21 21:52:17,115] INFO [SocketServer listenerType=CONTROLLER, nodeId=3] Enabling request processing. (kafka.network.SocketServer)
kafka-3-1  | 2026-09-21T21:52:17.120304118Z [2026-09-21 21:52:17,119] INFO Awaiting socket connections on 0.0.0.0:9093. (kafka.network.DataPlaneAcceptor)
kafka-3-1  | 2026-09-21T21:52:17.129413811Z [2026-09-21 21:52:17,127] INFO [ControllerServer id=3] Waiting for all of the authorizer futures to be completed (kafka.server.ControllerServer)
kafka-3-1  | 2026-09-21T21:52:17.129436913Z [2026-09-21 21:52:17,127] INFO [ControllerServer id=3] Finished waiting for all of the authorizer futures to be completed (kafka.server.ControllerServer)
kafka-3-1  | 2026-09-21T21:52:17.129439113Z [2026-09-21 21:52:17,127] INFO [ControllerServer id=3] Waiting for all of the SocketServer Acceptors to be started (kafka.server.ControllerServer)
kafka-3-1  | 2026-09-21T21:52:17.129440713Z [2026-09-21 21:52:17,128] INFO [ControllerServer id=3] Finished waiting for all of the SocketServer Acceptors to be started (kafka.server.ControllerServer)
kafka-3-1  | 2026-09-21T21:52:17.129495717Z [2026-09-21 21:52:17,129] INFO [controller-3-to-controller-registration-channel-manager]: Starting (kafka.server.NodeToControllerRequestThread)
kafka-3-1  | 2026-09-21T21:52:17.131672758Z [2026-09-21 21:52:17,131] INFO [ControllerRegistrationManager id=3 incarnation=_ggy3qD4SSOP-teuZYB7-w] initialized channel manager. (kafka.server.ControllerRegistrationManager)
kafka-3-1  | 2026-09-21T21:52:17.132814433Z [2026-09-21 21:52:17,132] INFO [ControllerRegistrationManager id=3 incarnation=_ggy3qD4SSOP-teuZYB7-w] maybeSendControllerRegistration: cannot register yet because the metadata.version is still 3.0-IV1, which does not support KIP-919 controller registration. (kafka.server.ControllerRegistrationManager)
kafka-3-1  | 2026-09-21T21:52:17.132915439Z [2026-09-21 21:52:17,132] INFO [BrokerServer id=3] Transition from SHUTDOWN to STARTING (kafka.server.BrokerServer)
kafka-3-1  | 2026-09-21T21:52:17.133486076Z [2026-09-21 21:52:17,133] INFO [BrokerServer id=3] Starting broker (kafka.server.BrokerServer)
kafka-3-1  | 2026-09-21T21:52:17.135379100Z [2026-09-21 21:52:17,135] INFO RemoteLogManagerConfig values: 
kafka-3-1  | 2026-09-21T21:52:17.135400301Z 	log.local.retention.bytes = -2
kafka-3-1  | 2026-09-21T21:52:17.135402401Z 	log.local.retention.ms = -2
kafka-3-1  | 2026-09-21T21:52:17.135403701Z 	remote.fetch.max.wait.ms = 500
kafka-3-1  | 2026-09-21T21:52:17.135404801Z 	remote.log.index.file.cache.total.size.bytes = 1073741824
kafka-3-1  | 2026-09-21T21:52:17.135406002Z 	remote.log.manager.copier.thread.pool.size = 10
kafka-3-1  | 2026-09-21T21:52:17.135407202Z 	remote.log.manager.copy.max.bytes.per.second = 9223372036854775807
kafka-3-1  | 2026-09-21T21:52:17.135408302Z 	remote.log.manager.copy.quota.window.num = 11
kafka-3-1  | 2026-09-21T21:52:17.135409402Z 	remote.log.manager.copy.quota.window.size.seconds = 1
kafka-3-1  | 2026-09-21T21:52:17.135410602Z 	remote.log.manager.expiration.thread.pool.size = 10
kafka-3-1  | 2026-09-21T21:52:17.135411702Z 	remote.log.manager.fetch.max.bytes.per.second = 9223372036854775807
kafka-3-1  | 2026-09-21T21:52:17.135413002Z 	remote.log.manager.fetch.quota.window.num = 11
kafka-3-1  | 2026-09-21T21:52:17.135414202Z 	remote.log.manager.fetch.quota.window.size.seconds = 1
kafka-3-1  | 2026-09-21T21:52:17.135415302Z 	remote.log.manager.task.interval.ms = 30000
kafka-3-1  | 2026-09-21T21:52:17.135416402Z 	remote.log.manager.task.retry.backoff.max.ms = 30000
kafka-3-1  | 2026-09-21T21:52:17.135417502Z 	remote.log.manager.task.retry.backoff.ms = 500
kafka-3-1  | 2026-09-21T21:52:17.135418602Z 	remote.log.manager.task.retry.jitter = 0.2
kafka-3-1  | 2026-09-21T21:52:17.135419702Z 	remote.log.manager.thread.pool.size = 10
kafka-3-1  | 2026-09-21T21:52:17.135420802Z 	remote.log.metadata.custom.metadata.max.bytes = 128
kafka-3-1  | 2026-09-21T21:52:17.135422103Z 	remote.log.metadata.manager.class.name = org.apache.kafka.server.log.remote.metadata.storage.TopicBasedRemoteLogMetadataManager
kafka-3-1  | 2026-09-21T21:52:17.135423403Z 	remote.log.metadata.manager.class.path = null
kafka-3-1  | 2026-09-21T21:52:17.135424503Z 	remote.log.metadata.manager.impl.prefix = rlmm.config.
kafka-3-1  | 2026-09-21T21:52:17.135425603Z 	remote.log.metadata.manager.listener.name = null
kafka-3-1  | 2026-09-21T21:52:17.135426703Z 	remote.log.reader.max.pending.tasks = 100
kafka-3-1  | 2026-09-21T21:52:17.135427903Z 	remote.log.reader.threads = 10
kafka-3-1  | 2026-09-21T21:52:17.135428903Z 	remote.log.storage.manager.class.name = null
kafka-3-1  | 2026-09-21T21:52:17.135430003Z 	remote.log.storage.manager.class.path = null
kafka-3-1  | 2026-09-21T21:52:17.135431203Z 	remote.log.storage.manager.impl.prefix = rsm.config.
kafka-3-1  | 2026-09-21T21:52:17.135440504Z 	remote.log.storage.system.enable = false
kafka-3-1  | 2026-09-21T21:52:17.135442004Z  (org.apache.kafka.server.log.remote.storage.RemoteLogManagerConfig)
kafka-3-1  | 2026-09-21T21:52:17.141537801Z [2026-09-21 21:52:17,141] INFO [broker-3-ThrottledChannelReaper-Fetch]: Starting (kafka.server.ClientQuotaManager$ThrottledChannelReaper)
kafka-3-1  | 2026-09-21T21:52:17.142119439Z [2026-09-21 21:52:17,141] INFO [broker-3-ThrottledChannelReaper-Produce]: Starting (kafka.server.ClientQuotaManager$ThrottledChannelReaper)
kafka-3-1  | 2026-09-21T21:52:17.142536166Z [2026-09-21 21:52:17,142] INFO [broker-3-ThrottledChannelReaper-Request]: Starting (kafka.server.ClientQuotaManager$ThrottledChannelReaper)
kafka-3-1  | 2026-09-21T21:52:17.142952193Z [2026-09-21 21:52:17,142] INFO [broker-3-ThrottledChannelReaper-ControllerMutation]: Starting (kafka.server.ClientQuotaManager$ThrottledChannelReaper)
kafka-3-1  | 2026-09-21T21:52:17.171995984Z [2026-09-21 21:52:17,171] INFO [BrokerServer id=3] Waiting for controller quorum voters future (kafka.server.BrokerServer)
kafka-3-1  | 2026-09-21T21:52:17.172015085Z [2026-09-21 21:52:17,171] INFO [BrokerServer id=3] Finished waiting for controller quorum voters future (kafka.server.BrokerServer)
kafka-3-1  | 2026-09-21T21:52:17.176664488Z [2026-09-21 21:52:17,176] INFO [broker-3-to-controller-forwarding-channel-manager]: Starting (kafka.server.NodeToControllerRequestThread)
kafka-3-1  | 2026-09-21T21:52:17.181380395Z [2026-09-21 21:52:17,181] INFO [client-metrics-reaper]: Starting (org.apache.kafka.server.util.timer.SystemTimerReaper$Reaper)
kafka-3-1  | 2026-09-21T21:52:17.215250401Z [2026-09-21 21:52:17,215] INFO [MetadataLoader id=3] initializeNewPublishers: the loader is still catching up because we still don't know the high water mark yet. (org.apache.kafka.image.loader.MetadataLoader)
kafka-3-1  | 2026-09-21T21:52:17.261426808Z [2026-09-21 21:52:17,261] INFO Updated connection-accept-rate max connection creation rate to 2147483647 (kafka.network.ConnectionQuotas)
kafka-3-1  | 2026-09-21T21:52:17.267519704Z [2026-09-21 21:52:17,267] INFO [SocketServer listenerType=BROKER, nodeId=3] Created data-plane acceptor and processors for endpoint : ListenerName(PLAINTEXT) (kafka.network.SocketServer)
kafka-3-1  | 2026-09-21T21:52:17.273105868Z [2026-09-21 21:52:17,272] INFO [broker-3-to-controller-alter-partition-channel-manager]: Starting (kafka.server.NodeToControllerRequestThread)
kafka-3-1  | 2026-09-21T21:52:17.282317368Z [2026-09-21 21:52:17,282] INFO [broker-3-to-controller-directory-assignments-channel-manager]: Starting (kafka.server.NodeToControllerRequestThread)
kafka-3-1  | 2026-09-21T21:52:17.285899101Z [2026-09-21 21:52:17,285] INFO [ExpirationReaper-3-Produce]: Starting (kafka.server.DelayedOperationPurgatory$ExpiredOperationReaper)
kafka-3-1  | 2026-09-21T21:52:17.294292348Z [2026-09-21 21:52:17,294] INFO [ExpirationReaper-3-Fetch]: Starting (kafka.server.DelayedOperationPurgatory$ExpiredOperationReaper)
kafka-3-1  | 2026-09-21T21:52:17.297673968Z [2026-09-21 21:52:17,297] INFO [ExpirationReaper-3-DeleteRecords]: Starting (kafka.server.DelayedOperationPurgatory$ExpiredOperationReaper)
kafka-3-1  | 2026-09-21T21:52:17.300648962Z [2026-09-21 21:52:17,300] INFO [ExpirationReaper-3-ElectLeader]: Starting (kafka.server.DelayedOperationPurgatory$ExpiredOperationReaper)
kafka-3-1  | 2026-09-21T21:52:17.302490681Z [2026-09-21 21:52:17,300] INFO [ExpirationReaper-3-RemoteFetch]: Starting (kafka.server.DelayedOperationPurgatory$ExpiredOperationReaper)
kafka-3-1  | 2026-09-21T21:52:17.308839895Z [2026-09-21 21:52:17,308] INFO [ExpirationReaper-3-Heartbeat]: Starting (kafka.server.DelayedOperationPurgatory$ExpiredOperationReaper)
kafka-3-1  | 2026-09-21T21:52:17.310576908Z [2026-09-21 21:52:17,310] INFO [ExpirationReaper-3-Rebalance]: Starting (kafka.server.DelayedOperationPurgatory$ExpiredOperationReaper)
kafka-3-1  | 2026-09-21T21:52:17.318794943Z [2026-09-21 21:52:17,318] INFO [MetadataLoader id=3] initializeNewPublishers: the loader is still catching up because we still don't know the high water mark yet. (org.apache.kafka.image.loader.MetadataLoader)
kafka-3-1  | 2026-09-21T21:52:17.353001871Z [2026-09-21 21:52:17,352] INFO Unable to read the broker epoch in /tmp/kafka-logs. (kafka.log.LogManager)
kafka-3-1  | 2026-09-21T21:52:17.356173777Z [2026-09-21 21:52:17,356] INFO [broker-3-to-controller-heartbeat-channel-manager]: Starting (kafka.server.NodeToControllerRequestThread)
kafka-3-1  | 2026-09-21T21:52:17.359203274Z [2026-09-21 21:52:17,359] INFO [ExpirationReaper-3-AlterAcls]: Starting (kafka.server.DelayedOperationPurgatory$ExpiredOperationReaper)
kafka-3-1  | 2026-09-21T21:52:17.360427554Z [2026-09-21 21:52:17,360] INFO [BrokerLifecycleManager id=3] Incarnation e8vDrwYhRV-9CYh-6sSvcw of broker 3 in cluster 5L6g3nShT-eMCtK--X86sw is now STARTING. (kafka.server.BrokerLifecycleManager)
kafka-3-1  | 2026-09-21T21:52:17.421587437Z [2026-09-21 21:52:17,418] INFO [MetadataLoader id=3] initializeNewPublishers: the loader is still catching up because we still don't know the high water mark yet. (org.apache.kafka.image.loader.MetadataLoader)
kafka-3-1  | 2026-09-21T21:52:17.421610438Z [2026-09-21 21:52:17,421] INFO [BrokerServer id=3] Waiting for the broker metadata publishers to be installed (kafka.server.BrokerServer)
kafka-3-1  | 2026-09-21T21:52:17.421612438Z [2026-09-21 21:52:17,421] INFO [BrokerServer id=3] Finished waiting for the broker metadata publishers to be installed (kafka.server.BrokerServer)
kafka-3-1  | 2026-09-21T21:52:17.421614038Z [2026-09-21 21:52:17,421] INFO [MetadataLoader id=3] initializeNewPublishers: the loader is still catching up because we still don't know the high water mark yet. (org.apache.kafka.image.loader.MetadataLoader)
kafka-3-1  | 2026-09-21T21:52:17.423029130Z [2026-09-21 21:52:17,421] INFO [BrokerServer id=3] Waiting for the controller to acknowledge that we are caught up (kafka.server.BrokerServer)
kafka-3-1  | 2026-09-21T21:52:17.522097081Z [2026-09-21 21:52:17,521] INFO [MetadataLoader id=3] initializeNewPublishers: the loader is still catching up because we still don't know the high water mark yet. (org.apache.kafka.image.loader.MetadataLoader)
kafka-3-1  | 2026-09-21T21:52:17.623472083Z [2026-09-21 21:52:17,622] INFO [MetadataLoader id=3] initializeNewPublishers: the loader is still catching up because we still don't know the high water mark yet. (org.apache.kafka.image.loader.MetadataLoader)
kafka-3-1  | 2026-09-21T21:52:17.724932189Z [2026-09-21 21:52:17,723] INFO [MetadataLoader id=3] initializeNewPublishers: the loader is still catching up because we still don't know the high water mark yet. (org.apache.kafka.image.loader.MetadataLoader)
kafka-3-1  | 2026-09-21T21:52:17.826172982Z [2026-09-21 21:52:17,824] INFO [MetadataLoader id=3] initializeNewPublishers: the loader is still catching up because we still don't know the high water mark yet. (org.apache.kafka.image.loader.MetadataLoader)
kafka-3-1  | 2026-09-21T21:52:17.926839537Z [2026-09-21 21:52:17,926] INFO [MetadataLoader id=3] initializeNewPublishers: the loader is still catching up because we still don't know the high water mark yet. (org.apache.kafka.image.loader.MetadataLoader)
kafka-3-1  | 2026-09-21T21:52:18.027292878Z [2026-09-21 21:52:18,026] INFO [MetadataLoader id=3] initializeNewPublishers: the loader is still catching up because we still don't know the high water mark yet. (org.apache.kafka.image.loader.MetadataLoader)
kafka-3-1  | 2026-09-21T21:52:18.127735718Z [2026-09-21 21:52:18,127] INFO [MetadataLoader id=3] initializeNewPublishers: the loader is still catching up because we still don't know the high water mark yet. (org.apache.kafka.image.loader.MetadataLoader)
kafka-3-1  | 2026-09-21T21:52:18.228439276Z [2026-09-21 21:52:18,228] INFO [MetadataLoader id=3] initializeNewPublishers: the loader is still catching up because we still don't know the high water mark yet. (org.apache.kafka.image.loader.MetadataLoader)
kafka-3-1  | 2026-09-21T21:52:18.329589162Z [2026-09-21 21:52:18,328] INFO [MetadataLoader id=3] initializeNewPublishers: the loader is still catching up because we still don't know the high water mark yet. (org.apache.kafka.image.loader.MetadataLoader)
kafka-3-1  | 2026-09-21T21:52:18.430113508Z [2026-09-21 21:52:18,429] INFO [MetadataLoader id=3] initializeNewPublishers: the loader is still catching up because we still don't know the high water mark yet. (org.apache.kafka.image.loader.MetadataLoader)
kafka-3-1  | 2026-09-21T21:52:18.466184157Z [2026-09-21 21:52:18,465] INFO [RaftManager id=3] Completed transition to Unattached(epoch=1, voters=[1, 2, 3], electionTimeoutMs=319) from Unattached(epoch=0, voters=[1, 2, 3], electionTimeoutMs=1739) (org.apache.kafka.raft.QuorumState)
kafka-3-1  | 2026-09-21T21:52:18.473123709Z [2026-09-21 21:52:18,472] INFO [RaftManager id=3] Completed transition to Voted(epoch=1, votedKey=ReplicaKey(id=2, directoryId=Optional.empty), voters=[1, 2, 3], electionTimeoutMs=1805, highWatermark=Optional.empty) from Unattached(epoch=1, voters=[1, 2, 3], electionTimeoutMs=319) (org.apache.kafka.raft.QuorumState)
kafka-3-1  | 2026-09-21T21:52:18.473406227Z [2026-09-21 21:52:18,473] INFO [RaftManager id=3] Vote request VoteRequestData(clusterId='5L6g3nShT-eMCtK--X86sw', topics=[TopicData(topicName='__cluster_metadata', partitions=[PartitionData(partitionIndex=0, candidateEpoch=1, candidateId=2, lastOffsetEpoch=0, lastOffset=0)])]) with epoch 1 is granted (org.apache.kafka.raft.KafkaRaftClient)
kafka-3-1  | 2026-09-21T21:52:18.521382951Z [2026-09-21 21:52:18,520] INFO [RaftManager id=3] Completed transition to FollowerState(fetchTimeoutMs=2000, epoch=1, leader=kafka-2:9093 (id: 2 rack: null) voters=[1, 2, 3], highWatermark=Optional.empty, fetchingSnapshot=Optional.empty) from Voted(epoch=1, votedKey=ReplicaKey(id=2, directoryId=Optional.empty), voters=[1, 2, 3], electionTimeoutMs=1805, highWatermark=Optional.empty) (org.apache.kafka.raft.QuorumState)
kafka-3-1  | 2026-09-21T21:52:18.530341835Z [2026-09-21 21:52:18,529] INFO [MetadataLoader id=3] initializeNewPublishers: the loader is still catching up because we still don't know the high water mark yet. (org.apache.kafka.image.loader.MetadataLoader)
kafka-3-1  | 2026-09-21T21:52:18.555869097Z [2026-09-21 21:52:18,555] INFO [controller-3-to-controller-registration-channel-manager]: Recorded new KRaft controller, from now on will use node kafka-2:9093 (id: 2 rack: null) (kafka.server.NodeToControllerRequestThread)
kafka-3-1  | 2026-09-21T21:52:18.561841686Z [2026-09-21 21:52:18,561] INFO [broker-3-to-controller-heartbeat-channel-manager]: Recorded new KRaft controller, from now on will use node kafka-2:9093 (id: 2 rack: null) (kafka.server.NodeToControllerRequestThread)
kafka-3-1  | 2026-09-21T21:52:18.572938308Z [2026-09-21 21:52:18,572] INFO [NodeToControllerChannelManager id=3 name=heartbeat] Client requested disconnect from node 2 (org.apache.kafka.clients.NetworkClient)
kafka-3-1  | 2026-09-21T21:52:18.573930473Z [2026-09-21 21:52:18,573] INFO [broker-3-to-controller-heartbeat-channel-manager]: Recorded new KRaft controller, from now on will use node kafka-2:9093 (id: 2 rack: null) (kafka.server.NodeToControllerRequestThread)
kafka-3-1  | 2026-09-21T21:52:18.579402729Z [2026-09-21 21:52:18,579] INFO [broker-3-to-controller-alter-partition-channel-manager]: Recorded new KRaft controller, from now on will use node kafka-2:9093 (id: 2 rack: null) (kafka.server.NodeToControllerRequestThread)
kafka-3-1  | 2026-09-21T21:52:18.590775270Z [2026-09-21 21:52:18,590] INFO [broker-3-to-controller-forwarding-channel-manager]: Recorded new KRaft controller, from now on will use node kafka-2:9093 (id: 2 rack: null) (kafka.server.NodeToControllerRequestThread)
kafka-3-1  | 2026-09-21T21:52:18.590813472Z [2026-09-21 21:52:18,590] INFO [broker-3-to-controller-directory-assignments-channel-manager]: Recorded new KRaft controller, from now on will use node kafka-2:9093 (id: 2 rack: null) (kafka.server.NodeToControllerRequestThread)
kafka-3-1  | 2026-09-21T21:52:18.620068177Z [2026-09-21 21:52:18,619] INFO [RaftManager id=3] High watermark set to Optional[LogOffsetMetadata(offset=1, metadata=Optional.empty)] for the first time for epoch 1 (org.apache.kafka.raft.FollowerState)
kafka-3-1  | 2026-09-21T21:52:18.622058607Z [2026-09-21 21:52:18,621] INFO [MetadataLoader id=3] maybePublishMetadata(LOG_DELTA): The loader is still catching up because we have not loaded a controller record as of offset 0 and high water mark is 1 (org.apache.kafka.image.loader.MetadataLoader)
kafka-3-1  | 2026-09-21T21:52:18.624750082Z [2026-09-21 21:52:18,624] INFO [broker-3-to-controller-heartbeat-channel-manager]: Recorded new KRaft controller, from now on will use node kafka-2:9093 (id: 2 rack: null) (kafka.server.NodeToControllerRequestThread)
kafka-3-1  | 2026-09-21T21:52:18.630688769Z [2026-09-21 21:52:18,630] INFO [MetadataLoader id=3] initializeNewPublishers: The loader finished catching up to the current high water mark of 1 (org.apache.kafka.image.loader.MetadataLoader)
kafka-3-1  | 2026-09-21T21:52:18.631797641Z [2026-09-21 21:52:18,631] INFO [MetadataLoader id=3] InitializeNewPublishers: initializing SnapshotGenerator with a snapshot at offset 0 (org.apache.kafka.image.loader.MetadataLoader)
kafka-3-1  | 2026-09-21T21:52:18.632158965Z [2026-09-21 21:52:18,631] INFO [MetadataLoader id=3] InitializeNewPublishers: initializing KRaftMetadataCachePublisher with a snapshot at offset 0 (org.apache.kafka.image.loader.MetadataLoader)
kafka-3-1  | 2026-09-21T21:52:18.632290173Z [2026-09-21 21:52:18,632] INFO [MetadataLoader id=3] InitializeNewPublishers: initializing FeaturesPublisher with a snapshot at offset 0 (org.apache.kafka.image.loader.MetadataLoader)
kafka-3-1  | 2026-09-21T21:52:18.632427782Z [2026-09-21 21:52:18,632] INFO [ControllerServer id=3] Loaded new metadata Features(metadataVersion=3.0-IV1, finalizedFeatures={metadata.version=1}, finalizedFeaturesEpoch=0). (org.apache.kafka.metadata.publisher.FeaturesPublisher)
kafka-3-1  | 2026-09-21T21:52:18.632725502Z [2026-09-21 21:52:18,632] INFO [MetadataLoader id=3] InitializeNewPublishers: initializing ControllerRegistrationsPublisher with a snapshot at offset 0 (org.apache.kafka.image.loader.MetadataLoader)
kafka-3-1  | 2026-09-21T21:52:18.632732402Z [2026-09-21 21:52:18,632] INFO [MetadataLoader id=3] InitializeNewPublishers: initializing ControllerRegistrationManager with a snapshot at offset 0 (org.apache.kafka.image.loader.MetadataLoader)
kafka-3-1  | 2026-09-21T21:52:18.632854910Z [2026-09-21 21:52:18,632] INFO [MetadataLoader id=3] InitializeNewPublishers: initializing DynamicConfigPublisher controller id=3 with a snapshot at offset 0 (org.apache.kafka.image.loader.MetadataLoader)
kafka-3-1  | 2026-09-21T21:52:18.633100926Z [2026-09-21 21:52:18,632] INFO [ControllerRegistrationManager id=3 incarnation=_ggy3qD4SSOP-teuZYB7-w] maybeSendControllerRegistration: cannot register yet because the metadata.version is still 3.0-IV1, which does not support KIP-919 controller registration. (kafka.server.ControllerRegistrationManager)
kafka-3-1  | 2026-09-21T21:52:18.633837174Z [2026-09-21 21:52:18,633] INFO [MetadataLoader id=3] InitializeNewPublishers: initializing DynamicClientQuotaPublisher controller id=3 with a snapshot at offset 0 (org.apache.kafka.image.loader.MetadataLoader)
kafka-3-1  | 2026-09-21T21:52:18.634817638Z [2026-09-21 21:52:18,634] INFO [MetadataLoader id=3] InitializeNewPublishers: initializing ScramPublisher controller id=3 with a snapshot at offset 0 (org.apache.kafka.image.loader.MetadataLoader)
kafka-3-1  | 2026-09-21T21:52:18.635463680Z [2026-09-21 21:52:18,635] INFO [MetadataLoader id=3] InitializeNewPublishers: initializing DelegationTokenPublisher controller id=3 with a snapshot at offset 0 (org.apache.kafka.image.loader.MetadataLoader)
kafka-3-1  | 2026-09-21T21:52:18.636743663Z [2026-09-21 21:52:18,636] INFO [MetadataLoader id=3] InitializeNewPublishers: initializing ControllerMetadataMetricsPublisher with a snapshot at offset 0 (org.apache.kafka.image.loader.MetadataLoader)
kafka-3-1  | 2026-09-21T21:52:18.636903674Z [2026-09-21 21:52:18,636] INFO [MetadataLoader id=3] InitializeNewPublishers: initializing AclPublisher controller id=3 with a snapshot at offset 0 (org.apache.kafka.image.loader.MetadataLoader)
kafka-3-1  | 2026-09-21T21:52:18.637467810Z [2026-09-21 21:52:18,637] INFO [MetadataLoader id=3] InitializeNewPublishers: initializing MetadataVersionPublisher(id=3) with a snapshot at offset 0 (org.apache.kafka.image.loader.MetadataLoader)
kafka-3-1  | 2026-09-21T21:52:18.637476911Z [2026-09-21 21:52:18,637] INFO [MetadataLoader id=3] InitializeNewPublishers: initializing BrokerMetadataPublisher with a snapshot at offset 0 (org.apache.kafka.image.loader.MetadataLoader)
kafka-3-1  | 2026-09-21T21:52:18.638249961Z [2026-09-21 21:52:18,637] INFO [BrokerMetadataPublisher id=3] Publishing initial metadata at offset OffsetAndEpoch(offset=0, epoch=1) with metadata.version 3.0-IV1. (kafka.server.metadata.BrokerMetadataPublisher)
kafka-3-1  | 2026-09-21T21:52:18.639109117Z [2026-09-21 21:52:18,638] INFO Loading logs from log dirs ArrayBuffer(/tmp/kafka-logs) (kafka.log.LogManager)
kafka-3-1  | 2026-09-21T21:52:18.641763790Z [2026-09-21 21:52:18,641] INFO No logs found to be loaded in /tmp/kafka-logs (kafka.log.LogManager)
kafka-3-1  | 2026-09-21T21:52:18.651452721Z [2026-09-21 21:52:18,650] INFO Loaded 0 logs in 11ms (kafka.log.LogManager)
kafka-3-1  | 2026-09-21T21:52:18.652254973Z [2026-09-21 21:52:18,652] INFO Starting log cleanup with a period of 300000 ms. (kafka.log.LogManager)
kafka-3-1  | 2026-09-21T21:52:18.656424845Z [2026-09-21 21:52:18,654] INFO Starting log flusher with a default period of 9223372036854775807 ms. (kafka.log.LogManager)
kafka-3-1  | 2026-09-21T21:52:18.669061568Z [2026-09-21 21:52:18,668] INFO [BrokerLifecycleManager id=3] Successfully registered broker 3 with broker epoch 7 (kafka.server.BrokerLifecycleManager)
kafka-3-1  | 2026-09-21T21:52:18.779954289Z [2026-09-21 21:52:18,779] INFO [kafka-log-cleaner-thread-0]: Starting (kafka.log.LogCleaner$CleanerThread)
kafka-3-1  | 2026-09-21T21:52:18.783653529Z [2026-09-21 21:52:18,783] INFO [LogDirFailureHandler]: Starting (kafka.server.ReplicaManager$LogDirFailureHandler)
kafka-3-1  | 2026-09-21T21:52:18.784278470Z [2026-09-21 21:52:18,784] INFO [AddPartitionsToTxnSenderThread-3]: Starting (kafka.server.AddPartitionsToTxnManager)
kafka-3-1  | 2026-09-21T21:52:18.785203930Z [2026-09-21 21:52:18,785] INFO [GroupCoordinator 3]: Starting up. (kafka.coordinator.group.GroupCoordinator)
kafka-3-1  | 2026-09-21T21:52:18.786974346Z [2026-09-21 21:52:18,786] INFO [GroupCoordinator 3]: Startup complete. (kafka.coordinator.group.GroupCoordinator)
kafka-3-1  | 2026-09-21T21:52:18.788867769Z [2026-09-21 21:52:18,787] INFO [TransactionCoordinator id=3] Starting up. (kafka.coordinator.transaction.TransactionCoordinator)
kafka-3-1  | 2026-09-21T21:52:18.791625949Z [2026-09-21 21:52:18,789] INFO [TxnMarkerSenderThread-3]: Starting (kafka.coordinator.transaction.TransactionMarkerChannelManager)
kafka-3-1  | 2026-09-21T21:52:18.791646350Z [2026-09-21 21:52:18,790] INFO [TransactionCoordinator id=3] Startup complete. (kafka.coordinator.transaction.TransactionCoordinator)
kafka-3-1  | 2026-09-21T21:52:18.797169510Z [2026-09-21 21:52:18,797] INFO [MetadataLoader id=3] InitializeNewPublishers: initializing BrokerRegistrationTracker(id=3) with a snapshot at offset 0 (org.apache.kafka.image.loader.MetadataLoader)
kafka-3-1  | 2026-09-21T21:52:18.798334585Z [2026-09-21 21:52:18,798] INFO [ControllerServer id=3] Loaded new metadata Features(metadataVersion=3.8-IV0, finalizedFeatures={metadata.version=20}, finalizedFeaturesEpoch=5). (org.apache.kafka.metadata.publisher.FeaturesPublisher)
kafka-3-1  | 2026-09-21T21:52:18.799400755Z [2026-09-21 21:52:18,799] INFO [ControllerRegistrationManager id=3 incarnation=_ggy3qD4SSOP-teuZYB7-w] sendControllerRegistration: attempting to send ControllerRegistrationRequestData(controllerId=3, incarnationId=_ggy3qD4SSOP-teuZYB7-w, zkMigrationReady=false, listeners=[Listener(name='CONTROLLER', host='0.0.0.0', port=9093, securityProtocol=0)], features=[Feature(name='metadata.version', minSupportedVersion=1, maxSupportedVersion=20)]) (kafka.server.ControllerRegistrationManager)
kafka-3-1  | 2026-09-21T21:52:18.842651371Z [2026-09-21 21:52:18,842] INFO [BrokerLifecycleManager id=3] The broker has caught up. Transitioning from STARTING to RECOVERY. (kafka.server.BrokerLifecycleManager)
kafka-3-1  | 2026-09-21T21:52:18.843067298Z [2026-09-21 21:52:18,842] INFO [BrokerServer id=3] Finished waiting for the controller to acknowledge that we are caught up (kafka.server.BrokerServer)
kafka-3-1  | 2026-09-21T21:52:18.843075399Z [2026-09-21 21:52:18,842] INFO [BrokerServer id=3] Waiting for the initial broker metadata update to be published (kafka.server.BrokerServer)
kafka-3-1  | 2026-09-21T21:52:18.843077299Z [2026-09-21 21:52:18,842] INFO [BrokerServer id=3] Finished waiting for the initial broker metadata update to be published (kafka.server.BrokerServer)
kafka-3-1  | 2026-09-21T21:52:18.843926754Z [2026-09-21 21:52:18,843] INFO [ControllerRegistrationManager id=3 incarnation=_ggy3qD4SSOP-teuZYB7-w] RegistrationResponseHandler: controller acknowledged ControllerRegistrationRequest. (kafka.server.ControllerRegistrationManager)
kafka-3-1  | 2026-09-21T21:52:18.848080625Z [2026-09-21 21:52:18,847] INFO KafkaConfig values: 
kafka-3-1  | 2026-09-21T21:52:18.848102926Z 	advertised.listeners = PLAINTEXT://kafka-3:9092
kafka-3-1  | 2026-09-21T21:52:18.848105026Z 	alter.config.policy.class.name = null
kafka-3-1  | 2026-09-21T21:52:18.848106226Z 	alter.log.dirs.replication.quota.window.num = 11
kafka-3-1  | 2026-09-21T21:52:18.848107426Z 	alter.log.dirs.replication.quota.window.size.seconds = 1
kafka-3-1  | 2026-09-21T21:52:18.848116727Z 	authorizer.class.name = 
kafka-3-1  | 2026-09-21T21:52:18.848118127Z 	auto.create.topics.enable = false
kafka-3-1  | 2026-09-21T21:52:18.848130128Z 	auto.include.jmx.reporter = true
kafka-3-1  | 2026-09-21T21:52:18.848132128Z 	auto.leader.rebalance.enable = true
kafka-3-1  | 2026-09-21T21:52:18.848133328Z 	background.threads = 10
kafka-3-1  | 2026-09-21T21:52:18.848134328Z 	broker.heartbeat.interval.ms = 2000
kafka-3-1  | 2026-09-21T21:52:18.848135528Z 	broker.id = 3
kafka-3-1  | 2026-09-21T21:52:18.848136628Z 	broker.id.generation.enable = true
kafka-3-1  | 2026-09-21T21:52:18.848137728Z 	broker.rack = null
kafka-3-1  | 2026-09-21T21:52:18.848138828Z 	broker.session.timeout.ms = 9000
kafka-3-1  | 2026-09-21T21:52:18.848140029Z 	client.quota.callback.class = null
kafka-3-1  | 2026-09-21T21:52:18.848141129Z 	compression.gzip.level = -1
kafka-3-1  | 2026-09-21T21:52:18.848142229Z 	compression.lz4.level = 9
kafka-3-1  | 2026-09-21T21:52:18.848143329Z 	compression.type = producer
kafka-3-1  | 2026-09-21T21:52:18.848144429Z 	compression.zstd.level = 3
kafka-3-1  | 2026-09-21T21:52:18.848145529Z 	connection.failed.authentication.delay.ms = 100
kafka-3-1  | 2026-09-21T21:52:18.848146629Z 	connections.max.idle.ms = 600000
kafka-3-1  | 2026-09-21T21:52:18.848147829Z 	connections.max.reauth.ms = 0
kafka-3-1  | 2026-09-21T21:52:18.848148929Z 	control.plane.listener.name = null
kafka-3-1  | 2026-09-21T21:52:18.848150029Z 	controlled.shutdown.enable = true
kafka-3-1  | 2026-09-21T21:52:18.848151129Z 	controlled.shutdown.max.retries = 3
kafka-3-1  | 2026-09-21T21:52:18.848152229Z 	controlled.shutdown.retry.backoff.ms = 5000
kafka-3-1  | 2026-09-21T21:52:18.848153329Z 	controller.listener.names = CONTROLLER
kafka-3-1  | 2026-09-21T21:52:18.848154429Z 	controller.quorum.append.linger.ms = 25
kafka-3-1  | 2026-09-21T21:52:18.848155530Z 	controller.quorum.bootstrap.servers = []
kafka-3-1  | 2026-09-21T21:52:18.848156730Z 	controller.quorum.election.backoff.max.ms = 1000
kafka-3-1  | 2026-09-21T21:52:18.848160430Z 	controller.quorum.election.timeout.ms = 1000
kafka-3-1  | 2026-09-21T21:52:18.848161630Z 	controller.quorum.fetch.timeout.ms = 2000
kafka-3-1  | 2026-09-21T21:52:18.848162830Z 	controller.quorum.request.timeout.ms = 2000
kafka-3-1  | 2026-09-21T21:52:18.848164030Z 	controller.quorum.retry.backoff.ms = 20
kafka-3-1  | 2026-09-21T21:52:18.848165130Z 	controller.quorum.voters = [1@kafka-1:9093, 2@kafka-2:9093, 3@kafka-3:9093]
kafka-3-1  | 2026-09-21T21:52:18.848166330Z 	controller.quota.window.num = 11
kafka-3-1  | 2026-09-21T21:52:18.848167430Z 	controller.quota.window.size.seconds = 1
kafka-3-1  | 2026-09-21T21:52:18.848168730Z 	controller.socket.timeout.ms = 30000
kafka-3-1  | 2026-09-21T21:52:18.848169830Z 	create.topic.policy.class.name = null
kafka-3-1  | 2026-09-21T21:52:18.848171031Z 	default.replication.factor = 3
kafka-3-1  | 2026-09-21T21:52:18.848226334Z 	delegation.token.expiry.check.interval.ms = 3600000
kafka-3-1  | 2026-09-21T21:52:18.848230334Z 	delegation.token.expiry.time.ms = 86400000
kafka-3-1  | 2026-09-21T21:52:18.848231635Z 	delegation.token.master.key = null
kafka-3-1  | 2026-09-21T21:52:18.848232835Z 	delegation.token.max.lifetime.ms = 604800000
kafka-3-1  | 2026-09-21T21:52:18.848233935Z 	delegation.token.secret.key = null
kafka-3-1  | 2026-09-21T21:52:18.848235035Z 	delete.records.purgatory.purge.interval.requests = 1
kafka-3-1  | 2026-09-21T21:52:18.848236235Z 	delete.topic.enable = true
kafka-3-1  | 2026-09-21T21:52:18.848237435Z 	early.start.listeners = null
kafka-3-1  | 2026-09-21T21:52:18.848238635Z 	eligible.leader.replicas.enable = false
kafka-3-1  | 2026-09-21T21:52:18.848239835Z 	fetch.max.bytes = 57671680
kafka-3-1  | 2026-09-21T21:52:18.848240935Z 	fetch.purgatory.purge.interval.requests = 1000
kafka-3-1  | 2026-09-21T21:52:18.848243535Z 	group.consumer.assignors = [org.apache.kafka.coordinator.group.assignor.UniformAssignor, org.apache.kafka.coordinator.group.assignor.RangeAssignor]
kafka-3-1  | 2026-09-21T21:52:18.848244935Z 	group.consumer.heartbeat.interval.ms = 5000
kafka-3-1  | 2026-09-21T21:52:18.848246035Z 	group.consumer.max.heartbeat.interval.ms = 15000
kafka-3-1  | 2026-09-21T21:52:18.848247136Z 	group.consumer.max.session.timeout.ms = 60000
kafka-3-1  | 2026-09-21T21:52:18.848248236Z 	group.consumer.max.size = 2147483647
kafka-3-1  | 2026-09-21T21:52:18.848249436Z 	group.consumer.migration.policy = disabled
kafka-3-1  | 2026-09-21T21:52:18.848250536Z 	group.consumer.min.heartbeat.interval.ms = 5000
kafka-3-1  | 2026-09-21T21:52:18.848251636Z 	group.consumer.min.session.timeout.ms = 45000
kafka-3-1  | 2026-09-21T21:52:18.848252836Z 	group.consumer.session.timeout.ms = 45000
kafka-3-1  | 2026-09-21T21:52:18.848253936Z 	group.coordinator.append.linger.ms = 10
kafka-3-1  | 2026-09-21T21:52:18.848255036Z 	group.coordinator.new.enable = false
kafka-3-1  | 2026-09-21T21:52:18.848256136Z 	group.coordinator.rebalance.protocols = [classic]
kafka-3-1  | 2026-09-21T21:52:18.848257236Z 	group.coordinator.threads = 1
kafka-3-1  | 2026-09-21T21:52:18.848258436Z 	group.initial.rebalance.delay.ms = 3000
kafka-3-1  | 2026-09-21T21:52:18.848259536Z 	group.max.session.timeout.ms = 1800000
kafka-3-1  | 2026-09-21T21:52:18.848260736Z 	group.max.size = 2147483647
kafka-3-1  | 2026-09-21T21:52:18.848261836Z 	group.min.session.timeout.ms = 6000
kafka-3-1  | 2026-09-21T21:52:18.848264037Z 	initial.broker.registration.timeout.ms = 60000
kafka-3-1  | 2026-09-21T21:52:18.848265337Z 	inter.broker.listener.name = PLAINTEXT
kafka-3-1  | 2026-09-21T21:52:18.848266337Z 	inter.broker.protocol.version = 3.8-IV0
kafka-3-1  | 2026-09-21T21:52:18.848267437Z 	kafka.metrics.polling.interval.secs = 10
kafka-3-1  | 2026-09-21T21:52:18.848268637Z 	kafka.metrics.reporters = []
kafka-3-1  | 2026-09-21T21:52:18.848269737Z 	leader.imbalance.check.interval.seconds = 300
kafka-3-1  | 2026-09-21T21:52:18.848270937Z 	leader.imbalance.per.broker.percentage = 10
kafka-3-1  | 2026-09-21T21:52:18.848274037Z 	listener.security.protocol.map = PLAINTEXT:PLAINTEXT,CONTROLLER:PLAINTEXT
kafka-3-1  | 2026-09-21T21:52:18.848275337Z 	listeners = PLAINTEXT://0.0.0.0:9092,CONTROLLER://0.0.0.0:9093
kafka-3-1  | 2026-09-21T21:52:18.848276537Z 	log.cleaner.backoff.ms = 15000
kafka-3-1  | 2026-09-21T21:52:18.848277638Z 	log.cleaner.dedupe.buffer.size = 134217728
kafka-3-1  | 2026-09-21T21:52:18.848278738Z 	log.cleaner.delete.retention.ms = 86400000
kafka-3-1  | 2026-09-21T21:52:18.848279938Z 	log.cleaner.enable = true
kafka-3-1  | 2026-09-21T21:52:18.848281038Z 	log.cleaner.io.buffer.load.factor = 0.9
kafka-3-1  | 2026-09-21T21:52:18.848282138Z 	log.cleaner.io.buffer.size = 524288
kafka-3-1  | 2026-09-21T21:52:18.848283238Z 	log.cleaner.io.max.bytes.per.second = 1.7976931348623157E308
kafka-3-1  | 2026-09-21T21:52:18.848284338Z 	log.cleaner.max.compaction.lag.ms = 9223372036854775807
kafka-3-1  | 2026-09-21T21:52:18.848285538Z 	log.cleaner.min.cleanable.ratio = 0.5
kafka-3-1  | 2026-09-21T21:52:18.848286638Z 	log.cleaner.min.compaction.lag.ms = 0
kafka-3-1  | 2026-09-21T21:52:18.848287738Z 	log.cleaner.threads = 1
kafka-3-1  | 2026-09-21T21:52:18.848288938Z 	log.cleanup.policy = [delete]
kafka-3-1  | 2026-09-21T21:52:18.848290038Z 	log.dir = /tmp/kafka-logs
kafka-3-1  | 2026-09-21T21:52:18.848291238Z 	log.dir.failure.timeout.ms = 30000
kafka-3-1  | 2026-09-21T21:52:18.848292338Z 	log.dirs = null
kafka-3-1  | 2026-09-21T21:52:18.848293439Z 	log.flush.interval.messages = 9223372036854775807
kafka-3-1  | 2026-09-21T21:52:18.848294539Z 	log.flush.interval.ms = null
kafka-3-1  | 2026-09-21T21:52:18.848295639Z 	log.flush.offset.checkpoint.interval.ms = 60000
kafka-3-1  | 2026-09-21T21:52:18.848296839Z 	log.flush.scheduler.interval.ms = 9223372036854775807
kafka-3-1  | 2026-09-21T21:52:18.848298039Z 	log.flush.start.offset.checkpoint.interval.ms = 60000
kafka-3-1  | 2026-09-21T21:52:18.848299439Z 	log.index.interval.bytes = 4096
kafka-3-1  | 2026-09-21T21:52:18.848300639Z 	log.index.size.max.bytes = 10485760
kafka-3-1  | 2026-09-21T21:52:18.848301739Z 	log.initial.task.delay.ms = 30000
kafka-3-1  | 2026-09-21T21:52:18.848302839Z 	log.local.retention.bytes = -2
kafka-3-1  | 2026-09-21T21:52:18.848304039Z 	log.local.retention.ms = -2
kafka-3-1  | 2026-09-21T21:52:18.848305339Z 	log.message.downconversion.enable = true
kafka-3-1  | 2026-09-21T21:52:18.848306439Z 	log.message.format.version = 3.0-IV1
kafka-3-1  | 2026-09-21T21:52:18.848307539Z 	log.message.timestamp.after.max.ms = 9223372036854775807
kafka-3-1  | 2026-09-21T21:52:18.848308740Z 	log.message.timestamp.before.max.ms = 9223372036854775807
kafka-3-1  | 2026-09-21T21:52:18.848309940Z 	log.message.timestamp.difference.max.ms = 9223372036854775807
kafka-3-1  | 2026-09-21T21:52:18.848311140Z 	log.message.timestamp.type = CreateTime
kafka-3-1  | 2026-09-21T21:52:18.848312240Z 	log.preallocate = false
kafka-3-1  | 2026-09-21T21:52:18.848313440Z 	log.retention.bytes = -1
kafka-3-1  | 2026-09-21T21:52:18.848317240Z 	log.retention.check.interval.ms = 300000
kafka-3-1  | 2026-09-21T21:52:18.848318540Z 	log.retention.hours = 168
kafka-3-1  | 2026-09-21T21:52:18.848319640Z 	log.retention.minutes = null
kafka-3-1  | 2026-09-21T21:52:18.848320740Z 	log.retention.ms = null
kafka-3-1  | 2026-09-21T21:52:18.848321940Z 	log.roll.hours = 168
kafka-3-1  | 2026-09-21T21:52:18.848323040Z 	log.roll.jitter.hours = 0
kafka-3-1  | 2026-09-21T21:52:18.848324041Z 	log.roll.jitter.ms = null
kafka-3-1  | 2026-09-21T21:52:18.848325141Z 	log.roll.ms = null
kafka-3-1  | 2026-09-21T21:52:18.848326241Z 	log.segment.bytes = 1073741824
kafka-3-1  | 2026-09-21T21:52:18.848327341Z 	log.segment.delete.delay.ms = 60000
kafka-3-1  | 2026-09-21T21:52:18.848328541Z 	max.connection.creation.rate = 2147483647
kafka-3-1  | 2026-09-21T21:52:18.848329741Z 	max.connections = 2147483647
kafka-3-1  | 2026-09-21T21:52:18.848330841Z 	max.connections.per.ip = 2147483647
kafka-3-1  | 2026-09-21T21:52:18.848331941Z 	max.connections.per.ip.overrides = 
kafka-3-1  | 2026-09-21T21:52:18.848333141Z 	max.incremental.fetch.session.cache.slots = 1000
kafka-3-1  | 2026-09-21T21:52:18.848334241Z 	max.request.partition.size.limit = 2000
kafka-3-1  | 2026-09-21T21:52:18.848335341Z 	message.max.bytes = 1048588
kafka-3-1  | 2026-09-21T21:52:18.848336441Z 	metadata.log.dir = null
kafka-3-1  | 2026-09-21T21:52:18.848337641Z 	metadata.log.max.record.bytes.between.snapshots = 20971520
kafka-3-1  | 2026-09-21T21:52:18.848338741Z 	metadata.log.max.snapshot.interval.ms = 3600000
kafka-3-1  | 2026-09-21T21:52:18.848339942Z 	metadata.log.segment.bytes = 1073741824
kafka-3-1  | 2026-09-21T21:52:18.848341042Z 	metadata.log.segment.min.bytes = 8388608
kafka-3-1  | 2026-09-21T21:52:18.848342142Z 	metadata.log.segment.ms = 604800000
kafka-3-1  | 2026-09-21T21:52:18.848343242Z 	metadata.max.idle.interval.ms = 500
kafka-3-1  | 2026-09-21T21:52:18.848344342Z 	metadata.max.retention.bytes = 104857600
kafka-3-1  | 2026-09-21T21:52:18.848345442Z 	metadata.max.retention.ms = 604800000
kafka-3-1  | 2026-09-21T21:52:18.848346542Z 	metric.reporters = []
kafka-3-1  | 2026-09-21T21:52:18.848347642Z 	metrics.num.samples = 2
kafka-3-1  | 2026-09-21T21:52:18.848348742Z 	metrics.recording.level = INFO
kafka-3-1  | 2026-09-21T21:52:18.848349942Z 	metrics.sample.window.ms = 30000
kafka-3-1  | 2026-09-21T21:52:18.848351042Z 	min.insync.replicas = 2
kafka-3-1  | 2026-09-21T21:52:18.848352042Z 	node.id = 3
kafka-3-1  | 2026-09-21T21:52:18.848353142Z 	num.io.threads = 8
kafka-3-1  | 2026-09-21T21:52:18.848354242Z 	num.network.threads = 3
kafka-3-1  | 2026-09-21T21:52:18.848355443Z 	num.partitions = 1
kafka-3-1  | 2026-09-21T21:52:18.848356643Z 	num.recovery.threads.per.data.dir = 1
kafka-3-1  | 2026-09-21T21:52:18.848357743Z 	num.replica.alter.log.dirs.threads = null
kafka-3-1  | 2026-09-21T21:52:18.848358943Z 	num.replica.fetchers = 1
kafka-3-1  | 2026-09-21T21:52:18.848362643Z 	offset.metadata.max.bytes = 4096
kafka-3-1  | 2026-09-21T21:52:18.848363843Z 	offsets.commit.required.acks = -1
kafka-3-1  | 2026-09-21T21:52:18.848365043Z 	offsets.commit.timeout.ms = 5000
kafka-3-1  | 2026-09-21T21:52:18.848366143Z 	offsets.load.buffer.size = 5242880
kafka-3-1  | 2026-09-21T21:52:18.848367243Z 	offsets.retention.check.interval.ms = 600000
kafka-3-1  | 2026-09-21T21:52:18.848368343Z 	offsets.retention.minutes = 10080
kafka-3-1  | 2026-09-21T21:52:18.848369543Z 	offsets.topic.compression.codec = 0
kafka-3-1  | 2026-09-21T21:52:18.848370744Z 	offsets.topic.num.partitions = 50
kafka-3-1  | 2026-09-21T21:52:18.848372144Z 	offsets.topic.replication.factor = 3
kafka-3-1  | 2026-09-21T21:52:18.848373344Z 	offsets.topic.segment.bytes = 104857600
kafka-3-1  | 2026-09-21T21:52:18.848374444Z 	password.encoder.cipher.algorithm = AES/CBC/PKCS5Padding
kafka-3-1  | 2026-09-21T21:52:18.848375544Z 	password.encoder.iterations = 4096
kafka-3-1  | 2026-09-21T21:52:18.848376744Z 	password.encoder.key.length = 128
kafka-3-1  | 2026-09-21T21:52:18.848377844Z 	password.encoder.keyfactory.algorithm = null
kafka-3-1  | 2026-09-21T21:52:18.848378944Z 	password.encoder.old.secret = null
kafka-3-1  | 2026-09-21T21:52:18.848380144Z 	password.encoder.secret = null
kafka-3-1  | 2026-09-21T21:52:18.848381344Z 	principal.builder.class = class org.apache.kafka.common.security.authenticator.DefaultKafkaPrincipalBuilder
kafka-3-1  | 2026-09-21T21:52:18.848382544Z 	process.roles = [broker, controller]
kafka-3-1  | 2026-09-21T21:52:18.848383644Z 	producer.id.expiration.check.interval.ms = 600000
kafka-3-1  | 2026-09-21T21:52:18.848384744Z 	producer.id.expiration.ms = 86400000
kafka-3-1  | 2026-09-21T21:52:18.848385945Z 	producer.purgatory.purge.interval.requests = 1000
kafka-3-1  | 2026-09-21T21:52:18.848387145Z 	queued.max.request.bytes = -1
kafka-3-1  | 2026-09-21T21:52:18.848388245Z 	queued.max.requests = 500
kafka-3-1  | 2026-09-21T21:52:18.848389445Z 	quota.window.num = 11
kafka-3-1  | 2026-09-21T21:52:18.848390445Z 	quota.window.size.seconds = 1
kafka-3-1  | 2026-09-21T21:52:18.848391545Z 	remote.fetch.max.wait.ms = 500
kafka-3-1  | 2026-09-21T21:52:18.848392645Z 	remote.log.index.file.cache.total.size.bytes = 1073741824
kafka-3-1  | 2026-09-21T21:52:18.848393845Z 	remote.log.manager.copier.thread.pool.size = 10
kafka-3-1  | 2026-09-21T21:52:18.848395045Z 	remote.log.manager.copy.max.bytes.per.second = 9223372036854775807
kafka-3-1  | 2026-09-21T21:52:18.848396245Z 	remote.log.manager.copy.quota.window.num = 11
kafka-3-1  | 2026-09-21T21:52:18.848397445Z 	remote.log.manager.copy.quota.window.size.seconds = 1
kafka-3-1  | 2026-09-21T21:52:18.848398645Z 	remote.log.manager.expiration.thread.pool.size = 10
kafka-3-1  | 2026-09-21T21:52:18.848399845Z 	remote.log.manager.fetch.max.bytes.per.second = 9223372036854775807
kafka-3-1  | 2026-09-21T21:52:18.848401046Z 	remote.log.manager.fetch.quota.window.num = 11
kafka-3-1  | 2026-09-21T21:52:18.848403846Z 	remote.log.manager.fetch.quota.window.size.seconds = 1
kafka-3-1  | 2026-09-21T21:52:18.848405046Z 	remote.log.manager.task.interval.ms = 30000
kafka-3-1  | 2026-09-21T21:52:18.848406246Z 	remote.log.manager.task.retry.backoff.max.ms = 30000
kafka-3-1  | 2026-09-21T21:52:18.848407446Z 	remote.log.manager.task.retry.backoff.ms = 500
kafka-3-1  | 2026-09-21T21:52:18.848408646Z 	remote.log.manager.task.retry.jitter = 0.2
kafka-3-1  | 2026-09-21T21:52:18.848409746Z 	remote.log.manager.thread.pool.size = 10
kafka-3-1  | 2026-09-21T21:52:18.848410846Z 	remote.log.metadata.custom.metadata.max.bytes = 128
kafka-3-1  | 2026-09-21T21:52:18.848412046Z 	remote.log.metadata.manager.class.name = org.apache.kafka.server.log.remote.metadata.storage.TopicBasedRemoteLogMetadataManager
kafka-3-1  | 2026-09-21T21:52:18.848413246Z 	remote.log.metadata.manager.class.path = null
kafka-3-1  | 2026-09-21T21:52:18.848414346Z 	remote.log.metadata.manager.impl.prefix = rlmm.config.
kafka-3-1  | 2026-09-21T21:52:18.848415546Z 	remote.log.metadata.manager.listener.name = null
kafka-3-1  | 2026-09-21T21:52:18.848416747Z 	remote.log.reader.max.pending.tasks = 100
kafka-3-1  | 2026-09-21T21:52:18.848418047Z 	remote.log.reader.threads = 10
kafka-3-1  | 2026-09-21T21:52:18.848419247Z 	remote.log.storage.manager.class.name = null
kafka-3-1  | 2026-09-21T21:52:18.848420347Z 	remote.log.storage.manager.class.path = null
kafka-3-1  | 2026-09-21T21:52:18.848421447Z 	remote.log.storage.manager.impl.prefix = rsm.config.
kafka-3-1  | 2026-09-21T21:52:18.848422947Z 	remote.log.storage.system.enable = false
kafka-3-1  | 2026-09-21T21:52:18.848424147Z 	replica.fetch.backoff.ms = 1000
kafka-3-1  | 2026-09-21T21:52:18.848425447Z 	replica.fetch.max.bytes = 1048576
kafka-3-1  | 2026-09-21T21:52:18.848426747Z 	replica.fetch.min.bytes = 1
kafka-3-1  | 2026-09-21T21:52:18.848427847Z 	replica.fetch.response.max.bytes = 10485760
kafka-3-1  | 2026-09-21T21:52:18.848429047Z 	replica.fetch.wait.max.ms = 500
kafka-3-1  | 2026-09-21T21:52:18.848430347Z 	replica.high.watermark.checkpoint.interval.ms = 5000
kafka-3-1  | 2026-09-21T21:52:18.848431848Z 	replica.lag.time.max.ms = 30000
kafka-3-1  | 2026-09-21T21:52:18.848432948Z 	replica.selector.class = null
kafka-3-1  | 2026-09-21T21:52:18.848434148Z 	replica.socket.receive.buffer.bytes = 65536
kafka-3-1  | 2026-09-21T21:52:18.848435348Z 	replica.socket.timeout.ms = 30000
kafka-3-1  | 2026-09-21T21:52:18.848436448Z 	replication.quota.window.num = 11
kafka-3-1  | 2026-09-21T21:52:18.848437548Z 	replication.quota.window.size.seconds = 1
kafka-3-1  | 2026-09-21T21:52:18.848438748Z 	request.timeout.ms = 30000
kafka-3-1  | 2026-09-21T21:52:18.848439848Z 	reserved.broker.max.id = 1000
kafka-3-1  | 2026-09-21T21:52:18.848440948Z 	sasl.client.callback.handler.class = null
kafka-3-1  | 2026-09-21T21:52:18.848442048Z 	sasl.enabled.mechanisms = [GSSAPI]
kafka-3-1  | 2026-09-21T21:52:18.848443348Z 	sasl.jaas.config = null
kafka-3-1  | 2026-09-21T21:52:18.848444848Z 	sasl.kerberos.kinit.cmd = /usr/bin/kinit
kafka-3-1  | 2026-09-21T21:52:18.848447649Z 	sasl.kerberos.min.time.before.relogin = 60000
kafka-3-1  | 2026-09-21T21:52:18.848448949Z 	sasl.kerberos.principal.to.local.rules = [DEFAULT]
kafka-3-1  | 2026-09-21T21:52:18.848450149Z 	sasl.kerberos.service.name = null
kafka-3-1  | 2026-09-21T21:52:18.848451249Z 	sasl.kerberos.ticket.renew.jitter = 0.05
kafka-3-1  | 2026-09-21T21:52:18.848452349Z 	sasl.kerberos.ticket.renew.window.factor = 0.8
kafka-3-1  | 2026-09-21T21:52:18.848453449Z 	sasl.login.callback.handler.class = null
kafka-3-1  | 2026-09-21T21:52:18.848454649Z 	sasl.login.class = null
kafka-3-1  | 2026-09-21T21:52:18.848455849Z 	sasl.login.connect.timeout.ms = null
kafka-3-1  | 2026-09-21T21:52:18.848457049Z 	sasl.login.read.timeout.ms = null
kafka-3-1  | 2026-09-21T21:52:18.848458149Z 	sasl.login.refresh.buffer.seconds = 300
kafka-3-1  | 2026-09-21T21:52:18.848459249Z 	sasl.login.refresh.min.period.seconds = 60
kafka-3-1  | 2026-09-21T21:52:18.848460349Z 	sasl.login.refresh.window.factor = 0.8
kafka-3-1  | 2026-09-21T21:52:18.848461449Z 	sasl.login.refresh.window.jitter = 0.05
kafka-3-1  | 2026-09-21T21:52:18.848462550Z 	sasl.login.retry.backoff.max.ms = 10000
kafka-3-1  | 2026-09-21T21:52:18.848468050Z 	sasl.login.retry.backoff.ms = 100
kafka-3-1  | 2026-09-21T21:52:18.848472650Z 	sasl.mechanism.controller.protocol = GSSAPI
kafka-3-1  | 2026-09-21T21:52:18.848473850Z 	sasl.mechanism.inter.broker.protocol = GSSAPI
kafka-3-1  | 2026-09-21T21:52:18.848475050Z 	sasl.oauthbearer.clock.skew.seconds = 30
kafka-3-1  | 2026-09-21T21:52:18.848476150Z 	sasl.oauthbearer.expected.audience = null
kafka-3-1  | 2026-09-21T21:52:18.848478751Z 	sasl.oauthbearer.expected.issuer = null
kafka-3-1  | 2026-09-21T21:52:18.848479851Z 	sasl.oauthbearer.jwks.endpoint.refresh.ms = 3600000
kafka-3-1  | 2026-09-21T21:52:18.848481051Z 	sasl.oauthbearer.jwks.endpoint.retry.backoff.max.ms = 10000
kafka-3-1  | 2026-09-21T21:52:18.848482151Z 	sasl.oauthbearer.jwks.endpoint.retry.backoff.ms = 100
kafka-3-1  | 2026-09-21T21:52:18.848483451Z 	sasl.oauthbearer.jwks.endpoint.url = null
kafka-3-1  | 2026-09-21T21:52:18.848484551Z 	sasl.oauthbearer.scope.claim.name = scope
kafka-3-1  | 2026-09-21T21:52:18.848485751Z 	sasl.oauthbearer.sub.claim.name = sub
kafka-3-1  | 2026-09-21T21:52:18.848486851Z 	sasl.oauthbearer.token.endpoint.url = null
kafka-3-1  | 2026-09-21T21:52:18.848487951Z 	sasl.server.callback.handler.class = null
kafka-3-1  | 2026-09-21T21:52:18.848489051Z 	sasl.server.max.receive.size = 524288
kafka-3-1  | 2026-09-21T21:52:18.848490151Z 	security.inter.broker.protocol = PLAINTEXT
kafka-3-1  | 2026-09-21T21:52:18.848491251Z 	security.providers = null
kafka-3-1  | 2026-09-21T21:52:18.848492351Z 	server.max.startup.time.ms = 9223372036854775807
kafka-3-1  | 2026-09-21T21:52:18.848494052Z 	socket.connection.setup.timeout.max.ms = 30000
kafka-3-1  | 2026-09-21T21:52:18.848495252Z 	socket.connection.setup.timeout.ms = 10000
kafka-3-1  | 2026-09-21T21:52:18.848498752Z 	socket.listen.backlog.size = 50
kafka-3-1  | 2026-09-21T21:52:18.848499952Z 	socket.receive.buffer.bytes = 102400
kafka-3-1  | 2026-09-21T21:52:18.848501052Z 	socket.request.max.bytes = 104857600
kafka-3-1  | 2026-09-21T21:52:18.848502152Z 	socket.send.buffer.bytes = 102400
kafka-3-1  | 2026-09-21T21:52:18.848503452Z 	ssl.allow.dn.changes = false
kafka-3-1  | 2026-09-21T21:52:18.848504552Z 	ssl.allow.san.changes = false
kafka-3-1  | 2026-09-21T21:52:18.848505752Z 	ssl.cipher.suites = []
kafka-3-1  | 2026-09-21T21:52:18.848506852Z 	ssl.client.auth = none
kafka-3-1  | 2026-09-21T21:52:18.848507852Z 	ssl.enabled.protocols = [TLSv1.2, TLSv1.3]
kafka-3-1  | 2026-09-21T21:52:18.848509053Z 	ssl.endpoint.identification.algorithm = https
kafka-3-1  | 2026-09-21T21:52:18.848510153Z 	ssl.engine.factory.class = null
kafka-3-1  | 2026-09-21T21:52:18.848511253Z 	ssl.key.password = null
kafka-3-1  | 2026-09-21T21:52:18.848512453Z 	ssl.keymanager.algorithm = SunX509
kafka-3-1  | 2026-09-21T21:52:18.848513553Z 	ssl.keystore.certificate.chain = null
kafka-3-1  | 2026-09-21T21:52:18.848514753Z 	ssl.keystore.key = null
kafka-3-1  | 2026-09-21T21:52:18.848515953Z 	ssl.keystore.location = null
kafka-3-1  | 2026-09-21T21:52:18.848517053Z 	ssl.keystore.password = null
kafka-3-1  | 2026-09-21T21:52:18.848518153Z 	ssl.keystore.type = JKS
kafka-3-1  | 2026-09-21T21:52:18.848519353Z 	ssl.principal.mapping.rules = DEFAULT
kafka-3-1  | 2026-09-21T21:52:18.848520553Z 	ssl.protocol = TLSv1.3
kafka-3-1  | 2026-09-21T21:52:18.848521553Z 	ssl.provider = null
kafka-3-1  | 2026-09-21T21:52:18.848522753Z 	ssl.secure.random.implementation = null
kafka-3-1  | 2026-09-21T21:52:18.848523854Z 	ssl.trustmanager.algorithm = PKIX
kafka-3-1  | 2026-09-21T21:52:18.848525054Z 	ssl.truststore.certificates = null
kafka-3-1  | 2026-09-21T21:52:18.848526154Z 	ssl.truststore.location = null
kafka-3-1  | 2026-09-21T21:52:18.848527354Z 	ssl.truststore.password = null
kafka-3-1  | 2026-09-21T21:52:18.848528454Z 	ssl.truststore.type = JKS
kafka-3-1  | 2026-09-21T21:52:18.848529554Z 	telemetry.max.bytes = 1048576
kafka-3-1  | 2026-09-21T21:52:18.848530654Z 	transaction.abort.timed.out.transaction.cleanup.interval.ms = 10000
kafka-3-1  | 2026-09-21T21:52:18.848531954Z 	transaction.max.timeout.ms = 900000
kafka-3-1  | 2026-09-21T21:52:18.848533054Z 	transaction.partition.verification.enable = true
kafka-3-1  | 2026-09-21T21:52:18.848534254Z 	transaction.remove.expired.transaction.cleanup.interval.ms = 3600000
kafka-3-1  | 2026-09-21T21:52:18.848535454Z 	transaction.state.log.load.buffer.size = 5242880
kafka-3-1  | 2026-09-21T21:52:18.848536554Z 	transaction.state.log.min.isr = 2
kafka-3-1  | 2026-09-21T21:52:18.848537654Z 	transaction.state.log.num.partitions = 50
kafka-3-1  | 2026-09-21T21:52:18.848538755Z 	transaction.state.log.replication.factor = 3
kafka-3-1  | 2026-09-21T21:52:18.848539855Z 	transaction.state.log.segment.bytes = 104857600
kafka-3-1  | 2026-09-21T21:52:18.848542755Z 	transactional.id.expiration.ms = 604800000
kafka-3-1  | 2026-09-21T21:52:18.848544055Z 	unclean.leader.election.enable = false
kafka-3-1  | 2026-09-21T21:52:18.848545255Z 	unstable.api.versions.enable = false
kafka-3-1  | 2026-09-21T21:52:18.848546355Z 	unstable.feature.versions.enable = false
kafka-3-1  | 2026-09-21T21:52:18.848547655Z 	zookeeper.clientCnxnSocket = null
kafka-3-1  | 2026-09-21T21:52:18.848549155Z 	zookeeper.connect = null
kafka-3-1  | 2026-09-21T21:52:18.848550355Z 	zookeeper.connection.timeout.ms = null
kafka-3-1  | 2026-09-21T21:52:18.848551455Z 	zookeeper.max.in.flight.requests = 10
kafka-3-1  | 2026-09-21T21:52:18.848552555Z 	zookeeper.metadata.migration.enable = false
kafka-3-1  | 2026-09-21T21:52:18.848553855Z 	zookeeper.metadata.migration.min.batch.size = 200
kafka-3-1  | 2026-09-21T21:52:18.848554956Z 	zookeeper.session.timeout.ms = 18000
kafka-3-1  | 2026-09-21T21:52:18.848556056Z 	zookeeper.set.acl = false
kafka-3-1  | 2026-09-21T21:52:18.848557156Z 	zookeeper.ssl.cipher.suites = null
kafka-3-1  | 2026-09-21T21:52:18.848558256Z 	zookeeper.ssl.client.enable = false
kafka-3-1  | 2026-09-21T21:52:18.848559356Z 	zookeeper.ssl.crl.enable = false
kafka-3-1  | 2026-09-21T21:52:18.848561356Z 	zookeeper.ssl.enabled.protocols = null
kafka-3-1  | 2026-09-21T21:52:18.848562556Z 	zookeeper.ssl.endpoint.identification.algorithm = HTTPS
kafka-3-1  | 2026-09-21T21:52:18.848563656Z 	zookeeper.ssl.keystore.location = null
kafka-3-1  | 2026-09-21T21:52:18.848564856Z 	zookeeper.ssl.keystore.password = null
kafka-3-1  | 2026-09-21T21:52:18.848565956Z 	zookeeper.ssl.keystore.type = null
kafka-3-1  | 2026-09-21T21:52:18.848567056Z 	zookeeper.ssl.ocsp.enable = false
kafka-3-1  | 2026-09-21T21:52:18.848568156Z 	zookeeper.ssl.protocol = TLSv1.2
kafka-3-1  | 2026-09-21T21:52:18.848569256Z 	zookeeper.ssl.truststore.location = null
kafka-3-1  | 2026-09-21T21:52:18.848570457Z 	zookeeper.ssl.truststore.password = null
kafka-3-1  | 2026-09-21T21:52:18.848571657Z 	zookeeper.ssl.truststore.type = null
kafka-3-1  | 2026-09-21T21:52:18.848572757Z  (kafka.server.KafkaConfig)
kafka-3-1  | 2026-09-21T21:52:18.848860375Z [2026-09-21 21:52:18,848] INFO RemoteLogManagerConfig values: 
kafka-3-1  | 2026-09-21T21:52:18.848868376Z 	log.local.retention.bytes = -2
kafka-3-1  | 2026-09-21T21:52:18.848870476Z 	log.local.retention.ms = -2
kafka-3-1  | 2026-09-21T21:52:18.848871876Z 	remote.fetch.max.wait.ms = 500
kafka-3-1  | 2026-09-21T21:52:18.848873076Z 	remote.log.index.file.cache.total.size.bytes = 1073741824
kafka-3-1  | 2026-09-21T21:52:18.848874276Z 	remote.log.manager.copier.thread.pool.size = 10
kafka-3-1  | 2026-09-21T21:52:18.848875476Z 	remote.log.manager.copy.max.bytes.per.second = 9223372036854775807
kafka-3-1  | 2026-09-21T21:52:18.848876677Z 	remote.log.manager.copy.quota.window.num = 11
kafka-3-1  | 2026-09-21T21:52:18.848877777Z 	remote.log.manager.copy.quota.window.size.seconds = 1
kafka-3-1  | 2026-09-21T21:52:18.848886877Z 	remote.log.manager.expiration.thread.pool.size = 10
kafka-3-1  | 2026-09-21T21:52:18.848888277Z 	remote.log.manager.fetch.max.bytes.per.second = 9223372036854775807
kafka-3-1  | 2026-09-21T21:52:18.848890277Z 	remote.log.manager.fetch.quota.window.num = 11
kafka-3-1  | 2026-09-21T21:52:18.848891477Z 	remote.log.manager.fetch.quota.window.size.seconds = 1
kafka-3-1  | 2026-09-21T21:52:18.848892678Z 	remote.log.manager.task.interval.ms = 30000
kafka-3-1  | 2026-09-21T21:52:18.848893778Z 	remote.log.manager.task.retry.backoff.max.ms = 30000
kafka-3-1  | 2026-09-21T21:52:18.848894978Z 	remote.log.manager.task.retry.backoff.ms = 500
kafka-3-1  | 2026-09-21T21:52:18.848896078Z 	remote.log.manager.task.retry.jitter = 0.2
kafka-3-1  | 2026-09-21T21:52:18.848897278Z 	remote.log.manager.thread.pool.size = 10
kafka-3-1  | 2026-09-21T21:52:18.848898378Z 	remote.log.metadata.custom.metadata.max.bytes = 128
kafka-3-1  | 2026-09-21T21:52:18.848899678Z 	remote.log.metadata.manager.class.name = org.apache.kafka.server.log.remote.metadata.storage.TopicBasedRemoteLogMetadataManager
kafka-3-1  | 2026-09-21T21:52:18.848900878Z 	remote.log.metadata.manager.class.path = null
kafka-3-1  | 2026-09-21T21:52:18.848902078Z 	remote.log.metadata.manager.impl.prefix = rlmm.config.
kafka-3-1  | 2026-09-21T21:52:18.848903278Z 	remote.log.metadata.manager.listener.name = null
kafka-3-1  | 2026-09-21T21:52:18.848904378Z 	remote.log.reader.max.pending.tasks = 100
kafka-3-1  | 2026-09-21T21:52:18.848905678Z 	remote.log.reader.threads = 10
kafka-3-1  | 2026-09-21T21:52:18.848906878Z 	remote.log.storage.manager.class.name = null
kafka-3-1  | 2026-09-21T21:52:18.848908079Z 	remote.log.storage.manager.class.path = null
kafka-3-1  | 2026-09-21T21:52:18.848909279Z 	remote.log.storage.manager.impl.prefix = rsm.config.
kafka-3-1  | 2026-09-21T21:52:18.848910479Z 	remote.log.storage.system.enable = false
kafka-3-1  | 2026-09-21T21:52:18.848911679Z  (org.apache.kafka.server.log.remote.storage.RemoteLogManagerConfig)
kafka-3-1  | 2026-09-21T21:52:18.852956942Z [2026-09-21 21:52:18,852] INFO [BrokerServer id=3] Waiting for the broker to be unfenced (kafka.server.BrokerServer)
kafka-3-1  | 2026-09-21T21:52:18.859020337Z [2026-09-21 21:52:18,858] INFO [BrokerLifecycleManager id=3] The broker is in RECOVERY. (kafka.server.BrokerLifecycleManager)
kafka-3-1  | 2026-09-21T21:52:18.893849405Z [2026-09-21 21:52:18,893] INFO [ControllerRegistrationManager id=3 incarnation=_ggy3qD4SSOP-teuZYB7-w] Our registration has been persisted to the metadata log. (kafka.server.ControllerRegistrationManager)
kafka-3-1  | 2026-09-21T21:52:18.896762895Z [2026-09-21 21:52:18,896] INFO [BrokerLifecycleManager id=3] The broker has been unfenced. Transitioning from RECOVERY to RUNNING. (kafka.server.BrokerLifecycleManager)
kafka-3-1  | 2026-09-21T21:52:18.896932206Z [2026-09-21 21:52:18,896] INFO [BrokerServer id=3] Finished waiting for the broker to be unfenced (kafka.server.BrokerServer)
kafka-3-1  | 2026-09-21T21:52:18.897672654Z [2026-09-21 21:52:18,897] INFO authorizerStart completed for endpoint PLAINTEXT. Endpoint is now READY. (org.apache.kafka.server.network.EndpointReadyFutures)
kafka-3-1  | 2026-09-21T21:52:18.897742458Z [2026-09-21 21:52:18,897] INFO [SocketServer listenerType=BROKER, nodeId=3] Enabling request processing. (kafka.network.SocketServer)
kafka-3-1  | 2026-09-21T21:52:18.898156185Z [2026-09-21 21:52:18,897] INFO Awaiting socket connections on 0.0.0.0:9092. (kafka.network.DataPlaneAcceptor)
kafka-3-1  | 2026-09-21T21:52:18.899451770Z [2026-09-21 21:52:18,899] INFO [BrokerServer id=3] Waiting for all of the authorizer futures to be completed (kafka.server.BrokerServer)
kafka-3-1  | 2026-09-21T21:52:18.899462070Z [2026-09-21 21:52:18,899] INFO [BrokerServer id=3] Finished waiting for all of the authorizer futures to be completed (kafka.server.BrokerServer)
kafka-3-1  | 2026-09-21T21:52:18.899468371Z [2026-09-21 21:52:18,899] INFO [BrokerServer id=3] Waiting for all of the SocketServer Acceptors to be started (kafka.server.BrokerServer)
kafka-3-1  | 2026-09-21T21:52:18.899470171Z [2026-09-21 21:52:18,899] INFO [BrokerServer id=3] Finished waiting for all of the SocketServer Acceptors to be started (kafka.server.BrokerServer)
kafka-3-1  | 2026-09-21T21:52:18.899629481Z [2026-09-21 21:52:18,899] INFO [BrokerServer id=3] Transition from STARTING to STARTED (kafka.server.BrokerServer)
kafka-3-1  | 2026-09-21T21:52:18.899941702Z [2026-09-21 21:52:18,899] INFO Kafka version: 3.8.0 (org.apache.kafka.common.utils.AppInfoParser)
kafka-3-1  | 2026-09-21T21:52:18.899949802Z [2026-09-21 21:52:18,899] INFO Kafka commitId: 771b9576b00ecf5b (org.apache.kafka.common.utils.AppInfoParser)
kafka-3-1  | 2026-09-21T21:52:18.900026707Z [2026-09-21 21:52:18,899] INFO Kafka startTimeMs: 1790027538899 (org.apache.kafka.common.utils.AppInfoParser)
kafka-3-1  | 2026-09-21T21:52:18.901251187Z [2026-09-21 21:52:18,901] INFO [KafkaRaftServer nodeId=3] Kafka Server started (kafka.server.KafkaRaftServer)
kafka-3-1  | 2026-09-21T21:52:23.124309069Z [2026-09-21 21:52:23,124] INFO [ReplicaFetcherManager on broker 3] Removed fetcher for partitions Set(dados-sensores-0, dados-sensores-3) (kafka.server.ReplicaFetcherManager)
kafka-3-1  | 2026-09-21T21:52:23.140963745Z [2026-09-21 21:52:23,140] INFO [LogLoader partition=dados-sensores-0, dir=/tmp/kafka-logs] Loading producer state till offset 0 with message format version 2 (kafka.log.UnifiedLog$)
kafka-3-1  | 2026-09-21T21:52:23.143821892Z [2026-09-21 21:52:23,143] INFO Created log for partition dados-sensores-0 in /tmp/kafka-logs/dados-sensores-0 with properties {min.insync.replicas=2} (kafka.log.LogManager)
kafka-3-1  | 2026-09-21T21:52:23.145795825Z [2026-09-21 21:52:23,145] INFO [Partition dados-sensores-0 broker=3] No checkpointed highwatermark is found for partition dados-sensores-0 (kafka.cluster.Partition)
kafka-3-1  | 2026-09-21T21:52:23.146913943Z [2026-09-21 21:52:23,146] INFO [Partition dados-sensores-0 broker=3] Log loaded for partition dados-sensores-0 with initial high watermark 0 (kafka.cluster.Partition)
kafka-3-1  | 2026-09-21T21:52:23.168596902Z [2026-09-21 21:52:23,168] INFO [LogLoader partition=dados-sensores-3, dir=/tmp/kafka-logs] Loading producer state till offset 0 with message format version 2 (kafka.log.UnifiedLog$)
kafka-3-1  | 2026-09-21T21:52:23.169457016Z [2026-09-21 21:52:23,169] INFO Created log for partition dados-sensores-3 in /tmp/kafka-logs/dados-sensores-3 with properties {min.insync.replicas=2} (kafka.log.LogManager)
kafka-3-1  | 2026-09-21T21:52:23.169797622Z [2026-09-21 21:52:23,169] INFO [Partition dados-sensores-3 broker=3] No checkpointed highwatermark is found for partition dados-sensores-3 (kafka.cluster.Partition)
kafka-3-1  | 2026-09-21T21:52:23.170040426Z [2026-09-21 21:52:23,169] INFO [Partition dados-sensores-3 broker=3] Log loaded for partition dados-sensores-3 with initial high watermark 0 (kafka.cluster.Partition)
kafka-3-1  | 2026-09-21T21:52:23.186910305Z [2026-09-21 21:52:23,186] INFO [LogLoader partition=dados-sensores-5, dir=/tmp/kafka-logs] Loading producer state till offset 0 with message format version 2 (kafka.log.UnifiedLog$)
kafka-3-1  | 2026-09-21T21:52:23.187794020Z [2026-09-21 21:52:23,187] INFO Created log for partition dados-sensores-5 in /tmp/kafka-logs/dados-sensores-5 with properties {min.insync.replicas=2} (kafka.log.LogManager)
kafka-3-1  | 2026-09-21T21:52:23.187901122Z [2026-09-21 21:52:23,187] INFO [Partition dados-sensores-5 broker=3] No checkpointed highwatermark is found for partition dados-sensores-5 (kafka.cluster.Partition)
kafka-3-1  | 2026-09-21T21:52:23.187908222Z [2026-09-21 21:52:23,187] INFO [Partition dados-sensores-5 broker=3] Log loaded for partition dados-sensores-5 with initial high watermark 0 (kafka.cluster.Partition)
kafka-3-1  | 2026-09-21T21:52:23.194606233Z [2026-09-21 21:52:23,194] INFO [LogLoader partition=dados-sensores-4, dir=/tmp/kafka-logs] Loading producer state till offset 0 with message format version 2 (kafka.log.UnifiedLog$)
kafka-3-1  | 2026-09-21T21:52:23.195628750Z [2026-09-21 21:52:23,195] INFO Created log for partition dados-sensores-4 in /tmp/kafka-logs/dados-sensores-4 with properties {min.insync.replicas=2} (kafka.log.LogManager)
kafka-3-1  | 2026-09-21T21:52:23.196644167Z [2026-09-21 21:52:23,195] INFO [Partition dados-sensores-4 broker=3] No checkpointed highwatermark is found for partition dados-sensores-4 (kafka.cluster.Partition)
kafka-3-1  | 2026-09-21T21:52:23.196655567Z [2026-09-21 21:52:23,195] INFO [Partition dados-sensores-4 broker=3] Log loaded for partition dados-sensores-4 with initial high watermark 0 (kafka.cluster.Partition)
kafka-3-1  | 2026-09-21T21:52:23.202258859Z [2026-09-21 21:52:23,201] INFO [LogLoader partition=dados-sensores-1, dir=/tmp/kafka-logs] Loading producer state till offset 0 with message format version 2 (kafka.log.UnifiedLog$)
kafka-3-1  | 2026-09-21T21:52:23.203383878Z [2026-09-21 21:52:23,203] INFO Created log for partition dados-sensores-1 in /tmp/kafka-logs/dados-sensores-1 with properties {min.insync.replicas=2} (kafka.log.LogManager)
kafka-3-1  | 2026-09-21T21:52:23.203582581Z [2026-09-21 21:52:23,203] INFO [Partition dados-sensores-1 broker=3] No checkpointed highwatermark is found for partition dados-sensores-1 (kafka.cluster.Partition)
kafka-3-1  | 2026-09-21T21:52:23.203588681Z [2026-09-21 21:52:23,203] INFO [Partition dados-sensores-1 broker=3] Log loaded for partition dados-sensores-1 with initial high watermark 0 (kafka.cluster.Partition)
kafka-3-1  | 2026-09-21T21:52:23.209172974Z [2026-09-21 21:52:23,208] INFO [LogLoader partition=dados-sensores-2, dir=/tmp/kafka-logs] Loading producer state till offset 0 with message format version 2 (kafka.log.UnifiedLog$)
kafka-3-1  | 2026-09-21T21:52:23.210781301Z [2026-09-21 21:52:23,209] INFO Created log for partition dados-sensores-2 in /tmp/kafka-logs/dados-sensores-2 with properties {min.insync.replicas=2} (kafka.log.LogManager)
kafka-3-1  | 2026-09-21T21:52:23.210799501Z [2026-09-21 21:52:23,210] INFO [Partition dados-sensores-2 broker=3] No checkpointed highwatermark is found for partition dados-sensores-2 (kafka.cluster.Partition)
kafka-3-1  | 2026-09-21T21:52:23.210801601Z [2026-09-21 21:52:23,210] INFO [Partition dados-sensores-2 broker=3] Log loaded for partition dados-sensores-2 with initial high watermark 0 (kafka.cluster.Partition)
kafka-3-1  | 2026-09-21T21:52:23.211236208Z [2026-09-21 21:52:23,210] INFO [ReplicaFetcherManager on broker 3] Removed fetcher for partitions Set(dados-sensores-5, dados-sensores-4, dados-sensores-1, dados-sensores-2) (kafka.server.ReplicaFetcherManager)
kafka-3-1  | 2026-09-21T21:52:23.230924634Z [2026-09-21 21:52:23,230] INFO [ReplicaFetcherThread-0-1]: Starting (kafka.server.ReplicaFetcherThread)
kafka-3-1  | 2026-09-21T21:52:23.235215305Z [2026-09-21 21:52:23,234] INFO [ReplicaFetcherManager on broker 3] Added fetcher to broker 1 for partitions HashMap(dados-sensores-4 -> InitialFetchState(Some(TOQUTEIYQC2WEzitbIedXg),BrokerEndPoint(id=1, host=kafka-1:9092),0,0), dados-sensores-1 -> InitialFetchState(Some(TOQUTEIYQC2WEzitbIedXg),BrokerEndPoint(id=1, host=kafka-1:9092),0,0)) (kafka.server.ReplicaFetcherManager)
kafka-3-1  | 2026-09-21T21:52:23.236372224Z [2026-09-21 21:52:23,235] INFO [ReplicaFetcher replicaId=3, leaderId=1, fetcherId=0] Truncating partition dados-sensores-4 with TruncationState(offset=0, completed=true) due to local high watermark 0 (kafka.server.ReplicaFetcherThread)
kafka-3-1  | 2026-09-21T21:52:23.237496343Z [2026-09-21 21:52:23,236] INFO [UnifiedLog partition=dados-sensores-4, dir=/tmp/kafka-logs] Truncating to 0 has no effect as the largest offset in the log is -1 (kafka.log.UnifiedLog)
kafka-3-1  | 2026-09-21T21:52:23.238180154Z [2026-09-21 21:52:23,238] INFO [ReplicaFetcher replicaId=3, leaderId=1, fetcherId=0] Truncating partition dados-sensores-1 with TruncationState(offset=0, completed=true) due to local high watermark 0 (kafka.server.ReplicaFetcherThread)
kafka-3-1  | 2026-09-21T21:52:23.238613661Z [2026-09-21 21:52:23,238] INFO [UnifiedLog partition=dados-sensores-1, dir=/tmp/kafka-logs] Truncating to 0 has no effect as the largest offset in the log is -1 (kafka.log.UnifiedLog)
kafka-3-1  | 2026-09-21T21:52:23.239143370Z [2026-09-21 21:52:23,239] INFO [ReplicaFetcherThread-0-2]: Starting (kafka.server.ReplicaFetcherThread)
kafka-3-1  | 2026-09-21T21:52:23.239178871Z [2026-09-21 21:52:23,239] INFO [ReplicaFetcherManager on broker 3] Added fetcher to broker 2 for partitions HashMap(dados-sensores-5 -> InitialFetchState(Some(TOQUTEIYQC2WEzitbIedXg),BrokerEndPoint(id=2, host=kafka-2:9092),0,0), dados-sensores-2 -> InitialFetchState(Some(TOQUTEIYQC2WEzitbIedXg),BrokerEndPoint(id=2, host=kafka-2:9092),0,0)) (kafka.server.ReplicaFetcherManager)
kafka-3-1  | 2026-09-21T21:52:23.239307673Z [2026-09-21 21:52:23,239] INFO [ReplicaFetcher replicaId=3, leaderId=2, fetcherId=0] Truncating partition dados-sensores-5 with TruncationState(offset=0, completed=true) due to local high watermark 0 (kafka.server.ReplicaFetcherThread)
kafka-3-1  | 2026-09-21T21:52:23.239475776Z [2026-09-21 21:52:23,239] INFO [UnifiedLog partition=dados-sensores-5, dir=/tmp/kafka-logs] Truncating to 0 has no effect as the largest offset in the log is -1 (kafka.log.UnifiedLog)
kafka-3-1  | 2026-09-21T21:52:23.239588377Z [2026-09-21 21:52:23,239] INFO [ReplicaFetcher replicaId=3, leaderId=2, fetcherId=0] Truncating partition dados-sensores-2 with TruncationState(offset=0, completed=true) due to local high watermark 0 (kafka.server.ReplicaFetcherThread)
kafka-3-1  | 2026-09-21T21:52:23.239678679Z [2026-09-21 21:52:23,239] INFO [UnifiedLog partition=dados-sensores-2, dir=/tmp/kafka-logs] Truncating to 0 has no effect as the largest offset in the log is -1 (kafka.log.UnifiedLog)
kafka-3-1  | 2026-09-21T21:52:23.251996783Z [2026-09-21 21:52:23,251] INFO [DynamicConfigPublisher broker id=3] Updating topic dados-sensores with new configuration : min.insync.replicas -> 2 (kafka.server.metadata.DynamicConfigPublisher)
kafka-3-1  | 2026-09-21T21:52:26.510372619Z [2026-09-21 21:52:26,510] INFO Sent auto-creation request for Set(__consumer_offsets) to the active controller. (kafka.server.DefaultAutoTopicCreationManager)
kafka-3-1  | 2026-09-21T21:52:26.606481910Z [2026-09-21 21:52:26,606] INFO [ReplicaFetcherManager on broker 3] Removed fetcher for partitions Set(__consumer_offsets-13, __consumer_offsets-45, __consumer_offsets-11, __consumer_offsets-43, __consumer_offsets-22, __consumer_offsets-17, __consumer_offsets-49, __consumer_offsets-18, __consumer_offsets-31, __consumer_offsets-29, __consumer_offsets-25, __consumer_offsets-39, __consumer_offsets-6, __consumer_offsets-38, __consumer_offsets-4, __consumer_offsets-33, __consumer_offsets-2) (kafka.server.ReplicaFetcherManager)
kafka-3-1  | 2026-09-21T21:52:26.610606378Z [2026-09-21 21:52:26,610] INFO [LogLoader partition=__consumer_offsets-13, dir=/tmp/kafka-logs] Loading producer state till offset 0 with message format version 2 (kafka.log.UnifiedLog$)
kafka-3-1  | 2026-09-21T21:52:26.611441192Z [2026-09-21 21:52:26,611] INFO Created log for partition __consumer_offsets-13 in /tmp/kafka-logs/__consumer_offsets-13 with properties {cleanup.policy=compact, compression.type="producer", segment.bytes=104857600} (kafka.log.LogManager)
kafka-3-1  | 2026-09-21T21:52:26.612619712Z [2026-09-21 21:52:26,612] INFO [Partition __consumer_offsets-13 broker=3] No checkpointed highwatermark is found for partition __consumer_offsets-13 (kafka.cluster.Partition)
kafka-3-1  | 2026-09-21T21:52:26.613070819Z [2026-09-21 21:52:26,612] INFO [Partition __consumer_offsets-13 broker=3] Log loaded for partition __consumer_offsets-13 with initial high watermark 0 (kafka.cluster.Partition)
kafka-3-1  | 2026-09-21T21:52:26.629579892Z [2026-09-21 21:52:26,629] INFO [LogLoader partition=__consumer_offsets-45, dir=/tmp/kafka-logs] Loading producer state till offset 0 with message format version 2 (kafka.log.UnifiedLog$)
kafka-3-1  | 2026-09-21T21:52:26.630554609Z [2026-09-21 21:52:26,630] INFO Created log for partition __consumer_offsets-45 in /tmp/kafka-logs/__consumer_offsets-45 with properties {cleanup.policy=compact, compression.type="producer", segment.bytes=104857600} (kafka.log.LogManager)
kafka-3-1  | 2026-09-21T21:52:26.630648910Z [2026-09-21 21:52:26,630] INFO [Partition __consumer_offsets-45 broker=3] No checkpointed highwatermark is found for partition __consumer_offsets-45 (kafka.cluster.Partition)
kafka-3-1  | 2026-09-21T21:52:26.630783812Z [2026-09-21 21:52:26,630] INFO [Partition __consumer_offsets-45 broker=3] Log loaded for partition __consumer_offsets-45 with initial high watermark 0 (kafka.cluster.Partition)
kafka-3-1  | 2026-09-21T21:52:26.650744743Z [2026-09-21 21:52:26,650] INFO [LogLoader partition=__consumer_offsets-11, dir=/tmp/kafka-logs] Loading producer state till offset 0 with message format version 2 (kafka.log.UnifiedLog$)
kafka-3-1  | 2026-09-21T21:52:26.652787777Z [2026-09-21 21:52:26,652] INFO Created log for partition __consumer_offsets-11 in /tmp/kafka-logs/__consumer_offsets-11 with properties {cleanup.policy=compact, compression.type="producer", segment.bytes=104857600} (kafka.log.LogManager)
kafka-3-1  | 2026-09-21T21:52:26.659904694Z [2026-09-21 21:52:26,659] INFO [Partition __consumer_offsets-11 broker=3] No checkpointed highwatermark is found for partition __consumer_offsets-11 (kafka.cluster.Partition)
kafka-3-1  | 2026-09-21T21:52:26.660097798Z [2026-09-21 21:52:26,660] INFO [Partition __consumer_offsets-11 broker=3] Log loaded for partition __consumer_offsets-11 with initial high watermark 0 (kafka.cluster.Partition)
kafka-3-1  | 2026-09-21T21:52:26.688692971Z [2026-09-21 21:52:26,688] INFO [LogLoader partition=__consumer_offsets-43, dir=/tmp/kafka-logs] Loading producer state till offset 0 with message format version 2 (kafka.log.UnifiedLog$)
kafka-3-1  | 2026-09-21T21:52:26.689754688Z [2026-09-21 21:52:26,689] INFO Created log for partition __consumer_offsets-43 in /tmp/kafka-logs/__consumer_offsets-43 with properties {cleanup.policy=compact, compression.type="producer", segment.bytes=104857600} (kafka.log.LogManager)
kafka-3-1  | 2026-09-21T21:52:26.690007393Z [2026-09-21 21:52:26,689] INFO [Partition __consumer_offsets-43 broker=3] No checkpointed highwatermark is found for partition __consumer_offsets-43 (kafka.cluster.Partition)
kafka-3-1  | 2026-09-21T21:52:26.690222096Z [2026-09-21 21:52:26,690] INFO [Partition __consumer_offsets-43 broker=3] Log loaded for partition __consumer_offsets-43 with initial high watermark 0 (kafka.cluster.Partition)
kafka-3-1  | 2026-09-21T21:52:26.707279379Z [2026-09-21 21:52:26,707] INFO [LogLoader partition=__consumer_offsets-22, dir=/tmp/kafka-logs] Loading producer state till offset 0 with message format version 2 (kafka.log.UnifiedLog$)
kafka-3-1  | 2026-09-21T21:52:26.708083692Z [2026-09-21 21:52:26,707] INFO Created log for partition __consumer_offsets-22 in /tmp/kafka-logs/__consumer_offsets-22 with properties {cleanup.policy=compact, compression.type="producer", segment.bytes=104857600} (kafka.log.LogManager)
kafka-3-1  | 2026-09-21T21:52:26.708150093Z [2026-09-21 21:52:26,708] INFO [Partition __consumer_offsets-22 broker=3] No checkpointed highwatermark is found for partition __consumer_offsets-22 (kafka.cluster.Partition)
kafka-3-1  | 2026-09-21T21:52:26.708290095Z [2026-09-21 21:52:26,708] INFO [Partition __consumer_offsets-22 broker=3] Log loaded for partition __consumer_offsets-22 with initial high watermark 0 (kafka.cluster.Partition)
kafka-3-1  | 2026-09-21T21:52:26.717041040Z [2026-09-21 21:52:26,716] INFO [LogLoader partition=__consumer_offsets-17, dir=/tmp/kafka-logs] Loading producer state till offset 0 with message format version 2 (kafka.log.UnifiedLog$)
kafka-3-1  | 2026-09-21T21:52:26.719819386Z [2026-09-21 21:52:26,719] INFO Created log for partition __consumer_offsets-17 in /tmp/kafka-logs/__consumer_offsets-17 with properties {cleanup.policy=compact, compression.type="producer", segment.bytes=104857600} (kafka.log.LogManager)
kafka-3-1  | 2026-09-21T21:52:26.722147825Z [2026-09-21 21:52:26,721] INFO [Partition __consumer_offsets-17 broker=3] No checkpointed highwatermark is found for partition __consumer_offsets-17 (kafka.cluster.Partition)
kafka-3-1  | 2026-09-21T21:52:26.722170625Z [2026-09-21 21:52:26,722] INFO [Partition __consumer_offsets-17 broker=3] Log loaded for partition __consumer_offsets-17 with initial high watermark 0 (kafka.cluster.Partition)
kafka-3-1  | 2026-09-21T21:52:26.739275508Z [2026-09-21 21:52:26,738] INFO [LogLoader partition=__consumer_offsets-49, dir=/tmp/kafka-logs] Loading producer state till offset 0 with message format version 2 (kafka.log.UnifiedLog$)
kafka-3-1  | 2026-09-21T21:52:26.740674331Z [2026-09-21 21:52:26,740] INFO Created log for partition __consumer_offsets-49 in /tmp/kafka-logs/__consumer_offsets-49 with properties {cleanup.policy=compact, compression.type="producer", segment.bytes=104857600} (kafka.log.LogManager)
kafka-3-1  | 2026-09-21T21:52:26.740908935Z [2026-09-21 21:52:26,740] INFO [Partition __consumer_offsets-49 broker=3] No checkpointed highwatermark is found for partition __consumer_offsets-49 (kafka.cluster.Partition)
kafka-3-1  | 2026-09-21T21:52:26.741227841Z [2026-09-21 21:52:26,741] INFO [Partition __consumer_offsets-49 broker=3] Log loaded for partition __consumer_offsets-49 with initial high watermark 0 (kafka.cluster.Partition)
kafka-3-1  | 2026-09-21T21:52:26.755629779Z [2026-09-21 21:52:26,755] INFO [LogLoader partition=__consumer_offsets-18, dir=/tmp/kafka-logs] Loading producer state till offset 0 with message format version 2 (kafka.log.UnifiedLog$)
kafka-3-1  | 2026-09-21T21:52:26.756494493Z [2026-09-21 21:52:26,756] INFO Created log for partition __consumer_offsets-18 in /tmp/kafka-logs/__consumer_offsets-18 with properties {cleanup.policy=compact, compression.type="producer", segment.bytes=104857600} (kafka.log.LogManager)
kafka-3-1  | 2026-09-21T21:52:26.757063203Z [2026-09-21 21:52:26,756] INFO [Partition __consumer_offsets-18 broker=3] No checkpointed highwatermark is found for partition __consumer_offsets-18 (kafka.cluster.Partition)
kafka-3-1  | 2026-09-21T21:52:26.757222505Z [2026-09-21 21:52:26,757] INFO [Partition __consumer_offsets-18 broker=3] Log loaded for partition __consumer_offsets-18 with initial high watermark 0 (kafka.cluster.Partition)
kafka-3-1  | 2026-09-21T21:52:26.775010300Z [2026-09-21 21:52:26,774] INFO [LogLoader partition=__consumer_offsets-31, dir=/tmp/kafka-logs] Loading producer state till offset 0 with message format version 2 (kafka.log.UnifiedLog$)
kafka-3-1  | 2026-09-21T21:52:26.775918015Z [2026-09-21 21:52:26,775] INFO Created log for partition __consumer_offsets-31 in /tmp/kafka-logs/__consumer_offsets-31 with properties {cleanup.policy=compact, compression.type="producer", segment.bytes=104857600} (kafka.log.LogManager)
kafka-3-1  | 2026-09-21T21:52:26.776069717Z [2026-09-21 21:52:26,776] INFO [Partition __consumer_offsets-31 broker=3] No checkpointed highwatermark is found for partition __consumer_offsets-31 (kafka.cluster.Partition)
kafka-3-1  | 2026-09-21T21:52:26.776153919Z [2026-09-21 21:52:26,776] INFO [Partition __consumer_offsets-31 broker=3] Log loaded for partition __consumer_offsets-31 with initial high watermark 0 (kafka.cluster.Partition)
kafka-3-1  | 2026-09-21T21:52:26.788251019Z [2026-09-21 21:52:26,788] INFO [LogLoader partition=__consumer_offsets-29, dir=/tmp/kafka-logs] Loading producer state till offset 0 with message format version 2 (kafka.log.UnifiedLog$)
kafka-3-1  | 2026-09-21T21:52:26.788947930Z [2026-09-21 21:52:26,788] INFO Created log for partition __consumer_offsets-29 in /tmp/kafka-logs/__consumer_offsets-29 with properties {cleanup.policy=compact, compression.type="producer", segment.bytes=104857600} (kafka.log.LogManager)
kafka-3-1  | 2026-09-21T21:52:26.789100133Z [2026-09-21 21:52:26,789] INFO [Partition __consumer_offsets-29 broker=3] No checkpointed highwatermark is found for partition __consumer_offsets-29 (kafka.cluster.Partition)
kafka-3-1  | 2026-09-21T21:52:26.789209435Z [2026-09-21 21:52:26,789] INFO [Partition __consumer_offsets-29 broker=3] Log loaded for partition __consumer_offsets-29 with initial high watermark 0 (kafka.cluster.Partition)
kafka-3-1  | 2026-09-21T21:52:26.804956695Z [2026-09-21 21:52:26,804] INFO [LogLoader partition=__consumer_offsets-25, dir=/tmp/kafka-logs] Loading producer state till offset 0 with message format version 2 (kafka.log.UnifiedLog$)
kafka-3-1  | 2026-09-21T21:52:26.805744608Z [2026-09-21 21:52:26,805] INFO Created log for partition __consumer_offsets-25 in /tmp/kafka-logs/__consumer_offsets-25 with properties {cleanup.policy=compact, compression.type="producer", segment.bytes=104857600} (kafka.log.LogManager)
kafka-3-1  | 2026-09-21T21:52:26.805860710Z [2026-09-21 21:52:26,805] INFO [Partition __consumer_offsets-25 broker=3] No checkpointed highwatermark is found for partition __consumer_offsets-25 (kafka.cluster.Partition)
kafka-3-1  | 2026-09-21T21:52:26.805974812Z [2026-09-21 21:52:26,805] INFO [Partition __consumer_offsets-25 broker=3] Log loaded for partition __consumer_offsets-25 with initial high watermark 0 (kafka.cluster.Partition)
kafka-3-1  | 2026-09-21T21:52:26.821654472Z [2026-09-21 21:52:26,821] INFO [LogLoader partition=__consumer_offsets-39, dir=/tmp/kafka-logs] Loading producer state till offset 0 with message format version 2 (kafka.log.UnifiedLog$)
kafka-3-1  | 2026-09-21T21:52:26.822569787Z [2026-09-21 21:52:26,822] INFO Created log for partition __consumer_offsets-39 in /tmp/kafka-logs/__consumer_offsets-39 with properties {cleanup.policy=compact, compression.type="producer", segment.bytes=104857600} (kafka.log.LogManager)
kafka-3-1  | 2026-09-21T21:52:26.822661889Z [2026-09-21 21:52:26,822] INFO [Partition __consumer_offsets-39 broker=3] No checkpointed highwatermark is found for partition __consumer_offsets-39 (kafka.cluster.Partition)
kafka-3-1  | 2026-09-21T21:52:26.822734190Z [2026-09-21 21:52:26,822] INFO [Partition __consumer_offsets-39 broker=3] Log loaded for partition __consumer_offsets-39 with initial high watermark 0 (kafka.cluster.Partition)
kafka-3-1  | 2026-09-21T21:52:26.841182195Z [2026-09-21 21:52:26,840] INFO [LogLoader partition=__consumer_offsets-6, dir=/tmp/kafka-logs] Loading producer state till offset 0 with message format version 2 (kafka.log.UnifiedLog$)
kafka-3-1  | 2026-09-21T21:52:26.841905807Z [2026-09-21 21:52:26,841] INFO Created log for partition __consumer_offsets-6 in /tmp/kafka-logs/__consumer_offsets-6 with properties {cleanup.policy=compact, compression.type="producer", segment.bytes=104857600} (kafka.log.LogManager)
kafka-3-1  | 2026-09-21T21:52:26.842065910Z [2026-09-21 21:52:26,842] INFO [Partition __consumer_offsets-6 broker=3] No checkpointed highwatermark is found for partition __consumer_offsets-6 (kafka.cluster.Partition)
kafka-3-1  | 2026-09-21T21:52:26.842142211Z [2026-09-21 21:52:26,842] INFO [Partition __consumer_offsets-6 broker=3] Log loaded for partition __consumer_offsets-6 with initial high watermark 0 (kafka.cluster.Partition)
kafka-3-1  | 2026-09-21T21:52:26.860481115Z [2026-09-21 21:52:26,860] INFO [LogLoader partition=__consumer_offsets-38, dir=/tmp/kafka-logs] Loading producer state till offset 0 with message format version 2 (kafka.log.UnifiedLog$)
kafka-3-1  | 2026-09-21T21:52:26.861237827Z [2026-09-21 21:52:26,861] INFO Created log for partition __consumer_offsets-38 in /tmp/kafka-logs/__consumer_offsets-38 with properties {cleanup.policy=compact, compression.type="producer", segment.bytes=104857600} (kafka.log.LogManager)
kafka-3-1  | 2026-09-21T21:52:26.861364929Z [2026-09-21 21:52:26,861] INFO [Partition __consumer_offsets-38 broker=3] No checkpointed highwatermark is found for partition __consumer_offsets-38 (kafka.cluster.Partition)
kafka-3-1  | 2026-09-21T21:52:26.861459831Z [2026-09-21 21:52:26,861] INFO [Partition __consumer_offsets-38 broker=3] Log loaded for partition __consumer_offsets-38 with initial high watermark 0 (kafka.cluster.Partition)
kafka-3-1  | 2026-09-21T21:52:26.879991838Z [2026-09-21 21:52:26,879] INFO [LogLoader partition=__consumer_offsets-4, dir=/tmp/kafka-logs] Loading producer state till offset 0 with message format version 2 (kafka.log.UnifiedLog$)
kafka-3-1  | 2026-09-21T21:52:26.880839752Z [2026-09-21 21:52:26,880] INFO Created log for partition __consumer_offsets-4 in /tmp/kafka-logs/__consumer_offsets-4 with properties {cleanup.policy=compact, compression.type="producer", segment.bytes=104857600} (kafka.log.LogManager)
kafka-3-1  | 2026-09-21T21:52:26.881424061Z [2026-09-21 21:52:26,881] INFO [Partition __consumer_offsets-4 broker=3] No checkpointed highwatermark is found for partition __consumer_offsets-4 (kafka.cluster.Partition)
kafka-3-1  | 2026-09-21T21:52:26.881571764Z [2026-09-21 21:52:26,881] INFO [Partition __consumer_offsets-4 broker=3] Log loaded for partition __consumer_offsets-4 with initial high watermark 0 (kafka.cluster.Partition)
kafka-3-1  | 2026-09-21T21:52:26.898536744Z [2026-09-21 21:52:26,898] INFO [LogLoader partition=__consumer_offsets-33, dir=/tmp/kafka-logs] Loading producer state till offset 0 with message format version 2 (kafka.log.UnifiedLog$)
kafka-3-1  | 2026-09-21T21:52:26.899303857Z [2026-09-21 21:52:26,899] INFO Created log for partition __consumer_offsets-33 in /tmp/kafka-logs/__consumer_offsets-33 with properties {cleanup.policy=compact, compression.type="producer", segment.bytes=104857600} (kafka.log.LogManager)
kafka-3-1  | 2026-09-21T21:52:26.899440859Z [2026-09-21 21:52:26,899] INFO [Partition __consumer_offsets-33 broker=3] No checkpointed highwatermark is found for partition __consumer_offsets-33 (kafka.cluster.Partition)
kafka-3-1  | 2026-09-21T21:52:26.899633263Z [2026-09-21 21:52:26,899] INFO [Partition __consumer_offsets-33 broker=3] Log loaded for partition __consumer_offsets-33 with initial high watermark 0 (kafka.cluster.Partition)
kafka-3-1  | 2026-09-21T21:52:26.917652361Z [2026-09-21 21:52:26,917] INFO [LogLoader partition=__consumer_offsets-2, dir=/tmp/kafka-logs] Loading producer state till offset 0 with message format version 2 (kafka.log.UnifiedLog$)
kafka-3-1  | 2026-09-21T21:52:26.918731079Z [2026-09-21 21:52:26,918] INFO Created log for partition __consumer_offsets-2 in /tmp/kafka-logs/__consumer_offsets-2 with properties {cleanup.policy=compact, compression.type="producer", segment.bytes=104857600} (kafka.log.LogManager)
kafka-3-1  | 2026-09-21T21:52:26.918895481Z [2026-09-21 21:52:26,918] INFO [Partition __consumer_offsets-2 broker=3] No checkpointed highwatermark is found for partition __consumer_offsets-2 (kafka.cluster.Partition)
kafka-3-1  | 2026-09-21T21:52:26.919062484Z [2026-09-21 21:52:26,919] INFO [Partition __consumer_offsets-2 broker=3] Log loaded for partition __consumer_offsets-2 with initial high watermark 0 (kafka.cluster.Partition)
kafka-3-1  | 2026-09-21T21:52:26.933567724Z [2026-09-21 21:52:26,933] INFO [LogLoader partition=__consumer_offsets-15, dir=/tmp/kafka-logs] Loading producer state till offset 0 with message format version 2 (kafka.log.UnifiedLog$)
kafka-3-1  | 2026-09-21T21:52:26.935376054Z [2026-09-21 21:52:26,934] INFO Created log for partition __consumer_offsets-15 in /tmp/kafka-logs/__consumer_offsets-15 with properties {cleanup.policy=compact, compression.type="producer", segment.bytes=104857600} (kafka.log.LogManager)
kafka-3-1  | 2026-09-21T21:52:26.936253869Z [2026-09-21 21:52:26,936] INFO [Partition __consumer_offsets-15 broker=3] No checkpointed highwatermark is found for partition __consumer_offsets-15 (kafka.cluster.Partition)
kafka-3-1  | 2026-09-21T21:52:26.936284869Z [2026-09-21 21:52:26,936] INFO [Partition __consumer_offsets-15 broker=3] Log loaded for partition __consumer_offsets-15 with initial high watermark 0 (kafka.cluster.Partition)
kafka-3-1  | 2026-09-21T21:52:26.941243151Z [2026-09-21 21:52:26,941] INFO [LogLoader partition=__consumer_offsets-48, dir=/tmp/kafka-logs] Loading producer state till offset 0 with message format version 2 (kafka.log.UnifiedLog$)
kafka-3-1  | 2026-09-21T21:52:26.941992964Z [2026-09-21 21:52:26,941] INFO Created log for partition __consumer_offsets-48 in /tmp/kafka-logs/__consumer_offsets-48 with properties {cleanup.policy=compact, compression.type="producer", segment.bytes=104857600} (kafka.log.LogManager)
kafka-3-1  | 2026-09-21T21:52:26.942485072Z [2026-09-21 21:52:26,942] INFO [Partition __consumer_offsets-48 broker=3] No checkpointed highwatermark is found for partition __consumer_offsets-48 (kafka.cluster.Partition)
kafka-3-1  | 2026-09-21T21:52:26.942576073Z [2026-09-21 21:52:26,942] INFO [Partition __consumer_offsets-48 broker=3] Log loaded for partition __consumer_offsets-48 with initial high watermark 0 (kafka.cluster.Partition)
kafka-3-1  | 2026-09-21T21:52:26.946826344Z [2026-09-21 21:52:26,946] INFO [LogLoader partition=__consumer_offsets-46, dir=/tmp/kafka-logs] Loading producer state till offset 0 with message format version 2 (kafka.log.UnifiedLog$)
kafka-3-1  | 2026-09-21T21:52:26.947657758Z [2026-09-21 21:52:26,947] INFO Created log for partition __consumer_offsets-46 in /tmp/kafka-logs/__consumer_offsets-46 with properties {cleanup.policy=compact, compression.type="producer", segment.bytes=104857600} (kafka.log.LogManager)
kafka-3-1  | 2026-09-21T21:52:26.947680858Z [2026-09-21 21:52:26,947] INFO [Partition __consumer_offsets-46 broker=3] No checkpointed highwatermark is found for partition __consumer_offsets-46 (kafka.cluster.Partition)
kafka-3-1  | 2026-09-21T21:52:26.947807760Z [2026-09-21 21:52:26,947] INFO [Partition __consumer_offsets-46 broker=3] Log loaded for partition __consumer_offsets-46 with initial high watermark 0 (kafka.cluster.Partition)
kafka-3-1  | 2026-09-21T21:52:26.954546572Z [2026-09-21 21:52:26,954] INFO [LogLoader partition=__consumer_offsets-44, dir=/tmp/kafka-logs] Loading producer state till offset 0 with message format version 2 (kafka.log.UnifiedLog$)
kafka-3-1  | 2026-09-21T21:52:26.955814393Z [2026-09-21 21:52:26,955] INFO Created log for partition __consumer_offsets-44 in /tmp/kafka-logs/__consumer_offsets-44 with properties {cleanup.policy=compact, compression.type="producer", segment.bytes=104857600} (kafka.log.LogManager)
kafka-3-1  | 2026-09-21T21:52:26.956108397Z [2026-09-21 21:52:26,956] INFO [Partition __consumer_offsets-44 broker=3] No checkpointed highwatermark is found for partition __consumer_offsets-44 (kafka.cluster.Partition)
kafka-3-1  | 2026-09-21T21:52:26.956154298Z [2026-09-21 21:52:26,956] INFO [Partition __consumer_offsets-44 broker=3] Log loaded for partition __consumer_offsets-44 with initial high watermark 0 (kafka.cluster.Partition)
kafka-3-1  | 2026-09-21T21:52:26.960871076Z [2026-09-21 21:52:26,960] INFO [LogLoader partition=__consumer_offsets-9, dir=/tmp/kafka-logs] Loading producer state till offset 0 with message format version 2 (kafka.log.UnifiedLog$)
kafka-3-1  | 2026-09-21T21:52:26.961701790Z [2026-09-21 21:52:26,961] INFO Created log for partition __consumer_offsets-9 in /tmp/kafka-logs/__consumer_offsets-9 with properties {cleanup.policy=compact, compression.type="producer", segment.bytes=104857600} (kafka.log.LogManager)
kafka-3-1  | 2026-09-21T21:52:26.961879693Z [2026-09-21 21:52:26,961] INFO [Partition __consumer_offsets-9 broker=3] No checkpointed highwatermark is found for partition __consumer_offsets-9 (kafka.cluster.Partition)
kafka-3-1  | 2026-09-21T21:52:26.962015495Z [2026-09-21 21:52:26,961] INFO [Partition __consumer_offsets-9 broker=3] Log loaded for partition __consumer_offsets-9 with initial high watermark 0 (kafka.cluster.Partition)
kafka-3-1  | 2026-09-21T21:52:26.965729357Z [2026-09-21 21:52:26,965] INFO [LogLoader partition=__consumer_offsets-42, dir=/tmp/kafka-logs] Loading producer state till offset 0 with message format version 2 (kafka.log.UnifiedLog$)
kafka-3-1  | 2026-09-21T21:52:26.966943877Z [2026-09-21 21:52:26,966] INFO Created log for partition __consumer_offsets-42 in /tmp/kafka-logs/__consumer_offsets-42 with properties {cleanup.policy=compact, compression.type="producer", segment.bytes=104857600} (kafka.log.LogManager)
kafka-3-1  | 2026-09-21T21:52:26.969748923Z [2026-09-21 21:52:26,967] INFO [Partition __consumer_offsets-42 broker=3] No checkpointed highwatermark is found for partition __consumer_offsets-42 (kafka.cluster.Partition)
kafka-3-1  | 2026-09-21T21:52:26.970040728Z [2026-09-21 21:52:26,969] INFO [Partition __consumer_offsets-42 broker=3] Log loaded for partition __consumer_offsets-42 with initial high watermark 0 (kafka.cluster.Partition)
kafka-3-1  | 2026-09-21T21:52:26.977099845Z [2026-09-21 21:52:26,976] INFO [LogLoader partition=__consumer_offsets-23, dir=/tmp/kafka-logs] Loading producer state till offset 0 with message format version 2 (kafka.log.UnifiedLog$)
kafka-3-1  | 2026-09-21T21:52:26.978026360Z [2026-09-21 21:52:26,977] INFO Created log for partition __consumer_offsets-23 in /tmp/kafka-logs/__consumer_offsets-23 with properties {cleanup.policy=compact, compression.type="producer", segment.bytes=104857600} (kafka.log.LogManager)
kafka-3-1  | 2026-09-21T21:52:26.978246864Z [2026-09-21 21:52:26,978] INFO [Partition __consumer_offsets-23 broker=3] No checkpointed highwatermark is found for partition __consumer_offsets-23 (kafka.cluster.Partition)
kafka-3-1  | 2026-09-21T21:52:26.978776173Z [2026-09-21 21:52:26,978] INFO [Partition __consumer_offsets-23 broker=3] Log loaded for partition __consumer_offsets-23 with initial high watermark 0 (kafka.cluster.Partition)
kafka-3-1  | 2026-09-21T21:52:26.986083894Z [2026-09-21 21:52:26,985] INFO [LogLoader partition=__consumer_offsets-21, dir=/tmp/kafka-logs] Loading producer state till offset 0 with message format version 2 (kafka.log.UnifiedLog$)
kafka-3-1  | 2026-09-21T21:52:26.986606302Z [2026-09-21 21:52:26,986] INFO Created log for partition __consumer_offsets-21 in /tmp/kafka-logs/__consumer_offsets-21 with properties {cleanup.policy=compact, compression.type="producer", segment.bytes=104857600} (kafka.log.LogManager)
kafka-3-1  | 2026-09-21T21:52:26.987557018Z [2026-09-21 21:52:26,987] INFO [Partition __consumer_offsets-21 broker=3] No checkpointed highwatermark is found for partition __consumer_offsets-21 (kafka.cluster.Partition)
kafka-3-1  | 2026-09-21T21:52:26.987676520Z [2026-09-21 21:52:26,987] INFO [Partition __consumer_offsets-21 broker=3] Log loaded for partition __consumer_offsets-21 with initial high watermark 0 (kafka.cluster.Partition)
kafka-3-1  | 2026-09-21T21:52:26.996265162Z [2026-09-21 21:52:26,996] INFO [LogLoader partition=__consumer_offsets-19, dir=/tmp/kafka-logs] Loading producer state till offset 0 with message format version 2 (kafka.log.UnifiedLog$)
kafka-3-1  | 2026-09-21T21:52:26.997845988Z [2026-09-21 21:52:26,997] INFO Created log for partition __consumer_offsets-19 in /tmp/kafka-logs/__consumer_offsets-19 with properties {cleanup.policy=compact, compression.type="producer", segment.bytes=104857600} (kafka.log.LogManager)
kafka-3-1  | 2026-09-21T21:52:26.998408798Z [2026-09-21 21:52:26,998] INFO [Partition __consumer_offsets-19 broker=3] No checkpointed highwatermark is found for partition __consumer_offsets-19 (kafka.cluster.Partition)
kafka-3-1  | 2026-09-21T21:52:26.998533000Z [2026-09-21 21:52:26,998] INFO [Partition __consumer_offsets-19 broker=3] Log loaded for partition __consumer_offsets-19 with initial high watermark 0 (kafka.cluster.Partition)
kafka-3-1  | 2026-09-21T21:52:27.004756903Z [2026-09-21 21:52:27,004] INFO [LogLoader partition=__consumer_offsets-32, dir=/tmp/kafka-logs] Loading producer state till offset 0 with message format version 2 (kafka.log.UnifiedLog$)
kafka-3-1  | 2026-09-21T21:52:27.006334329Z [2026-09-21 21:52:27,006] INFO Created log for partition __consumer_offsets-32 in /tmp/kafka-logs/__consumer_offsets-32 with properties {cleanup.policy=compact, compression.type="producer", segment.bytes=104857600} (kafka.log.LogManager)
kafka-3-1  | 2026-09-21T21:52:27.009710985Z [2026-09-21 21:52:27,009] INFO [Partition __consumer_offsets-32 broker=3] No checkpointed highwatermark is found for partition __consumer_offsets-32 (kafka.cluster.Partition)
kafka-3-1  | 2026-09-21T21:52:27.009896988Z [2026-09-21 21:52:27,009] INFO [Partition __consumer_offsets-32 broker=3] Log loaded for partition __consumer_offsets-32 with initial high watermark 0 (kafka.cluster.Partition)
kafka-3-1  | 2026-09-21T21:52:27.017581515Z [2026-09-21 21:52:27,017] INFO [LogLoader partition=__consumer_offsets-30, dir=/tmp/kafka-logs] Loading producer state till offset 0 with message format version 2 (kafka.log.UnifiedLog$)
kafka-3-1  | 2026-09-21T21:52:27.019766951Z [2026-09-21 21:52:27,019] INFO Created log for partition __consumer_offsets-30 in /tmp/kafka-logs/__consumer_offsets-30 with properties {cleanup.policy=compact, compression.type="producer", segment.bytes=104857600} (kafka.log.LogManager)
kafka-3-1  | 2026-09-21T21:52:27.019783552Z [2026-09-21 21:52:27,019] INFO [Partition __consumer_offsets-30 broker=3] No checkpointed highwatermark is found for partition __consumer_offsets-30 (kafka.cluster.Partition)
kafka-3-1  | 2026-09-21T21:52:27.019881753Z [2026-09-21 21:52:27,019] INFO [Partition __consumer_offsets-30 broker=3] Log loaded for partition __consumer_offsets-30 with initial high watermark 0 (kafka.cluster.Partition)
kafka-3-1  | 2026-09-21T21:52:27.024195025Z [2026-09-21 21:52:27,024] INFO [LogLoader partition=__consumer_offsets-28, dir=/tmp/kafka-logs] Loading producer state till offset 0 with message format version 2 (kafka.log.UnifiedLog$)
kafka-3-1  | 2026-09-21T21:52:27.025042739Z [2026-09-21 21:52:27,024] INFO Created log for partition __consumer_offsets-28 in /tmp/kafka-logs/__consumer_offsets-28 with properties {cleanup.policy=compact, compression.type="producer", segment.bytes=104857600} (kafka.log.LogManager)
kafka-3-1  | 2026-09-21T21:52:27.025061739Z [2026-09-21 21:52:27,025] INFO [Partition __consumer_offsets-28 broker=3] No checkpointed highwatermark is found for partition __consumer_offsets-28 (kafka.cluster.Partition)
kafka-3-1  | 2026-09-21T21:52:27.025637548Z [2026-09-21 21:52:27,025] INFO [Partition __consumer_offsets-28 broker=3] Log loaded for partition __consumer_offsets-28 with initial high watermark 0 (kafka.cluster.Partition)
kafka-3-1  | 2026-09-21T21:52:27.030915736Z [2026-09-21 21:52:27,030] INFO [LogLoader partition=__consumer_offsets-26, dir=/tmp/kafka-logs] Loading producer state till offset 0 with message format version 2 (kafka.log.UnifiedLog$)
kafka-3-1  | 2026-09-21T21:52:27.031824151Z [2026-09-21 21:52:27,031] INFO Created log for partition __consumer_offsets-26 in /tmp/kafka-logs/__consumer_offsets-26 with properties {cleanup.policy=compact, compression.type="producer", segment.bytes=104857600} (kafka.log.LogManager)
kafka-3-1  | 2026-09-21T21:52:27.032099255Z [2026-09-21 21:52:27,031] INFO [Partition __consumer_offsets-26 broker=3] No checkpointed highwatermark is found for partition __consumer_offsets-26 (kafka.cluster.Partition)
kafka-3-1  | 2026-09-21T21:52:27.032105755Z [2026-09-21 21:52:27,031] INFO [Partition __consumer_offsets-26 broker=3] Log loaded for partition __consumer_offsets-26 with initial high watermark 0 (kafka.cluster.Partition)
kafka-3-1  | 2026-09-21T21:52:27.037753249Z [2026-09-21 21:52:27,037] INFO [LogLoader partition=__consumer_offsets-7, dir=/tmp/kafka-logs] Loading producer state till offset 0 with message format version 2 (kafka.log.UnifiedLog$)
kafka-3-1  | 2026-09-21T21:52:27.038946569Z [2026-09-21 21:52:27,038] INFO Created log for partition __consumer_offsets-7 in /tmp/kafka-logs/__consumer_offsets-7 with properties {cleanup.policy=compact, compression.type="producer", segment.bytes=104857600} (kafka.log.LogManager)
kafka-3-1  | 2026-09-21T21:52:27.039102371Z [2026-09-21 21:52:27,039] INFO [Partition __consumer_offsets-7 broker=3] No checkpointed highwatermark is found for partition __consumer_offsets-7 (kafka.cluster.Partition)
kafka-3-1  | 2026-09-21T21:52:27.039215073Z [2026-09-21 21:52:27,039] INFO [Partition __consumer_offsets-7 broker=3] Log loaded for partition __consumer_offsets-7 with initial high watermark 0 (kafka.cluster.Partition)
kafka-3-1  | 2026-09-21T21:52:27.043414443Z [2026-09-21 21:52:27,043] INFO [LogLoader partition=__consumer_offsets-40, dir=/tmp/kafka-logs] Loading producer state till offset 0 with message format version 2 (kafka.log.UnifiedLog$)
kafka-3-1  | 2026-09-21T21:52:27.044229156Z [2026-09-21 21:52:27,043] INFO Created log for partition __consumer_offsets-40 in /tmp/kafka-logs/__consumer_offsets-40 with properties {cleanup.policy=compact, compression.type="producer", segment.bytes=104857600} (kafka.log.LogManager)
kafka-3-1  | 2026-09-21T21:52:27.044276057Z [2026-09-21 21:52:27,044] INFO [Partition __consumer_offsets-40 broker=3] No checkpointed highwatermark is found for partition __consumer_offsets-40 (kafka.cluster.Partition)
kafka-3-1  | 2026-09-21T21:52:27.044553562Z [2026-09-21 21:52:27,044] INFO [Partition __consumer_offsets-40 broker=3] Log loaded for partition __consumer_offsets-40 with initial high watermark 0 (kafka.cluster.Partition)
kafka-3-1  | 2026-09-21T21:52:27.052978501Z [2026-09-21 21:52:27,048] INFO [LogLoader partition=__consumer_offsets-5, dir=/tmp/kafka-logs] Loading producer state till offset 0 with message format version 2 (kafka.log.UnifiedLog$)
kafka-3-1  | 2026-09-21T21:52:27.052986101Z [2026-09-21 21:52:27,049] INFO Created log for partition __consumer_offsets-5 in /tmp/kafka-logs/__consumer_offsets-5 with properties {cleanup.policy=compact, compression.type="producer", segment.bytes=104857600} (kafka.log.LogManager)
kafka-3-1  | 2026-09-21T21:52:27.052988101Z [2026-09-21 21:52:27,049] INFO [Partition __consumer_offsets-5 broker=3] No checkpointed highwatermark is found for partition __consumer_offsets-5 (kafka.cluster.Partition)
kafka-3-1  | 2026-09-21T21:52:27.052989601Z [2026-09-21 21:52:27,049] INFO [Partition __consumer_offsets-5 broker=3] Log loaded for partition __consumer_offsets-5 with initial high watermark 0 (kafka.cluster.Partition)
kafka-3-1  | 2026-09-21T21:52:27.055950550Z [2026-09-21 21:52:27,055] INFO [LogLoader partition=__consumer_offsets-3, dir=/tmp/kafka-logs] Loading producer state till offset 0 with message format version 2 (kafka.log.UnifiedLog$)
kafka-3-1  | 2026-09-21T21:52:27.057097669Z [2026-09-21 21:52:27,056] INFO Created log for partition __consumer_offsets-3 in /tmp/kafka-logs/__consumer_offsets-3 with properties {cleanup.policy=compact, compression.type="producer", segment.bytes=104857600} (kafka.log.LogManager)
kafka-3-1  | 2026-09-21T21:52:27.057290272Z [2026-09-21 21:52:27,056] INFO [Partition __consumer_offsets-3 broker=3] No checkpointed highwatermark is found for partition __consumer_offsets-3 (kafka.cluster.Partition)
kafka-3-1  | 2026-09-21T21:52:27.057299973Z [2026-09-21 21:52:27,057] INFO [Partition __consumer_offsets-3 broker=3] Log loaded for partition __consumer_offsets-3 with initial high watermark 0 (kafka.cluster.Partition)
kafka-3-1  | 2026-09-21T21:52:27.063211270Z [2026-09-21 21:52:27,061] INFO [LogLoader partition=__consumer_offsets-36, dir=/tmp/kafka-logs] Loading producer state till offset 0 with message format version 2 (kafka.log.UnifiedLog$)
kafka-3-1  | 2026-09-21T21:52:27.063239571Z [2026-09-21 21:52:27,062] INFO Created log for partition __consumer_offsets-36 in /tmp/kafka-logs/__consumer_offsets-36 with properties {cleanup.policy=compact, compression.type="producer", segment.bytes=104857600} (kafka.log.LogManager)
kafka-3-1  | 2026-09-21T21:52:27.063242171Z [2026-09-21 21:52:27,062] INFO [Partition __consumer_offsets-36 broker=3] No checkpointed highwatermark is found for partition __consumer_offsets-36 (kafka.cluster.Partition)
kafka-3-1  | 2026-09-21T21:52:27.063243771Z [2026-09-21 21:52:27,063] INFO [Partition __consumer_offsets-36 broker=3] Log loaded for partition __consumer_offsets-36 with initial high watermark 0 (kafka.cluster.Partition)
kafka-3-1  | 2026-09-21T21:52:27.068614260Z [2026-09-21 21:52:27,067] INFO [LogLoader partition=__consumer_offsets-1, dir=/tmp/kafka-logs] Loading producer state till offset 0 with message format version 2 (kafka.log.UnifiedLog$)
kafka-3-1  | 2026-09-21T21:52:27.071377106Z [2026-09-21 21:52:27,071] INFO Created log for partition __consumer_offsets-1 in /tmp/kafka-logs/__consumer_offsets-1 with properties {cleanup.policy=compact, compression.type="producer", segment.bytes=104857600} (kafka.log.LogManager)
kafka-3-1  | 2026-09-21T21:52:27.072046717Z [2026-09-21 21:52:27,071] INFO [Partition __consumer_offsets-1 broker=3] No checkpointed highwatermark is found for partition __consumer_offsets-1 (kafka.cluster.Partition)
kafka-3-1  | 2026-09-21T21:52:27.072817029Z [2026-09-21 21:52:27,072] INFO [Partition __consumer_offsets-1 broker=3] Log loaded for partition __consumer_offsets-1 with initial high watermark 0 (kafka.cluster.Partition)
kafka-3-1  | 2026-09-21T21:52:27.080356454Z [2026-09-21 21:52:27,080] INFO [LogLoader partition=__consumer_offsets-34, dir=/tmp/kafka-logs] Loading producer state till offset 0 with message format version 2 (kafka.log.UnifiedLog$)
kafka-3-1  | 2026-09-21T21:52:27.081301970Z [2026-09-21 21:52:27,081] INFO Created log for partition __consumer_offsets-34 in /tmp/kafka-logs/__consumer_offsets-34 with properties {cleanup.policy=compact, compression.type="producer", segment.bytes=104857600} (kafka.log.LogManager)
kafka-3-1  | 2026-09-21T21:52:27.081560274Z [2026-09-21 21:52:27,081] INFO [Partition __consumer_offsets-34 broker=3] No checkpointed highwatermark is found for partition __consumer_offsets-34 (kafka.cluster.Partition)
kafka-3-1  | 2026-09-21T21:52:27.081668076Z [2026-09-21 21:52:27,081] INFO [Partition __consumer_offsets-34 broker=3] Log loaded for partition __consumer_offsets-34 with initial high watermark 0 (kafka.cluster.Partition)
kafka-3-1  | 2026-09-21T21:52:27.087807678Z [2026-09-21 21:52:27,087] INFO [LogLoader partition=__consumer_offsets-47, dir=/tmp/kafka-logs] Loading producer state till offset 0 with message format version 2 (kafka.log.UnifiedLog$)
kafka-3-1  | 2026-09-21T21:52:27.088834795Z [2026-09-21 21:52:27,088] INFO Created log for partition __consumer_offsets-47 in /tmp/kafka-logs/__consumer_offsets-47 with properties {cleanup.policy=compact, compression.type="producer", segment.bytes=104857600} (kafka.log.LogManager)
kafka-3-1  | 2026-09-21T21:52:27.088851995Z [2026-09-21 21:52:27,088] INFO [Partition __consumer_offsets-47 broker=3] No checkpointed highwatermark is found for partition __consumer_offsets-47 (kafka.cluster.Partition)
kafka-3-1  | 2026-09-21T21:52:27.088958097Z [2026-09-21 21:52:27,088] INFO [Partition __consumer_offsets-47 broker=3] Log loaded for partition __consumer_offsets-47 with initial high watermark 0 (kafka.cluster.Partition)
kafka-3-1  | 2026-09-21T21:52:27.092583657Z [2026-09-21 21:52:27,092] INFO [LogLoader partition=__consumer_offsets-16, dir=/tmp/kafka-logs] Loading producer state till offset 0 with message format version 2 (kafka.log.UnifiedLog$)
kafka-3-1  | 2026-09-21T21:52:27.093404870Z [2026-09-21 21:52:27,093] INFO Created log for partition __consumer_offsets-16 in /tmp/kafka-logs/__consumer_offsets-16 with properties {cleanup.policy=compact, compression.type="producer", segment.bytes=104857600} (kafka.log.LogManager)
kafka-3-1  | 2026-09-21T21:52:27.093571173Z [2026-09-21 21:52:27,093] INFO [Partition __consumer_offsets-16 broker=3] No checkpointed highwatermark is found for partition __consumer_offsets-16 (kafka.cluster.Partition)
kafka-3-1  | 2026-09-21T21:52:27.093626574Z [2026-09-21 21:52:27,093] INFO [Partition __consumer_offsets-16 broker=3] Log loaded for partition __consumer_offsets-16 with initial high watermark 0 (kafka.cluster.Partition)
kafka-3-1  | 2026-09-21T21:52:27.097869944Z [2026-09-21 21:52:27,097] INFO [LogLoader partition=__consumer_offsets-14, dir=/tmp/kafka-logs] Loading producer state till offset 0 with message format version 2 (kafka.log.UnifiedLog$)
kafka-3-1  | 2026-09-21T21:52:27.098858860Z [2026-09-21 21:52:27,098] INFO Created log for partition __consumer_offsets-14 in /tmp/kafka-logs/__consumer_offsets-14 with properties {cleanup.policy=compact, compression.type="producer", segment.bytes=104857600} (kafka.log.LogManager)
kafka-3-1  | 2026-09-21T21:52:27.103304034Z [2026-09-21 21:52:27,098] INFO [Partition __consumer_offsets-14 broker=3] No checkpointed highwatermark is found for partition __consumer_offsets-14 (kafka.cluster.Partition)
kafka-3-1  | 2026-09-21T21:52:27.103325034Z [2026-09-21 21:52:27,098] INFO [Partition __consumer_offsets-14 broker=3] Log loaded for partition __consumer_offsets-14 with initial high watermark 0 (kafka.cluster.Partition)
kafka-3-1  | 2026-09-21T21:52:27.106460986Z [2026-09-21 21:52:27,105] INFO [LogLoader partition=__consumer_offsets-12, dir=/tmp/kafka-logs] Loading producer state till offset 0 with message format version 2 (kafka.log.UnifiedLog$)
kafka-3-1  | 2026-09-21T21:52:27.106851593Z [2026-09-21 21:52:27,106] INFO Created log for partition __consumer_offsets-12 in /tmp/kafka-logs/__consumer_offsets-12 with properties {cleanup.policy=compact, compression.type="producer", segment.bytes=104857600} (kafka.log.LogManager)
kafka-3-1  | 2026-09-21T21:52:27.106977695Z [2026-09-21 21:52:27,106] INFO [Partition __consumer_offsets-12 broker=3] No checkpointed highwatermark is found for partition __consumer_offsets-12 (kafka.cluster.Partition)
kafka-3-1  | 2026-09-21T21:52:27.107065996Z [2026-09-21 21:52:27,107] INFO [Partition __consumer_offsets-12 broker=3] Log loaded for partition __consumer_offsets-12 with initial high watermark 0 (kafka.cluster.Partition)
kafka-3-1  | 2026-09-21T21:52:27.115867642Z [2026-09-21 21:52:27,113] INFO [LogLoader partition=__consumer_offsets-41, dir=/tmp/kafka-logs] Loading producer state till offset 0 with message format version 2 (kafka.log.UnifiedLog$)
kafka-3-1  | 2026-09-21T21:52:27.115874242Z [2026-09-21 21:52:27,115] INFO Created log for partition __consumer_offsets-41 in /tmp/kafka-logs/__consumer_offsets-41 with properties {cleanup.policy=compact, compression.type="producer", segment.bytes=104857600} (kafka.log.LogManager)
kafka-3-1  | 2026-09-21T21:52:27.116158647Z [2026-09-21 21:52:27,115] INFO [Partition __consumer_offsets-41 broker=3] No checkpointed highwatermark is found for partition __consumer_offsets-41 (kafka.cluster.Partition)
kafka-3-1  | 2026-09-21T21:52:27.116168947Z [2026-09-21 21:52:27,116] INFO [Partition __consumer_offsets-41 broker=3] Log loaded for partition __consumer_offsets-41 with initial high watermark 0 (kafka.cluster.Partition)
kafka-3-1  | 2026-09-21T21:52:27.130282581Z [2026-09-21 21:52:27,129] INFO [LogLoader partition=__consumer_offsets-10, dir=/tmp/kafka-logs] Loading producer state till offset 0 with message format version 2 (kafka.log.UnifiedLog$)
kafka-3-1  | 2026-09-21T21:52:27.131945308Z [2026-09-21 21:52:27,131] INFO Created log for partition __consumer_offsets-10 in /tmp/kafka-logs/__consumer_offsets-10 with properties {cleanup.policy=compact, compression.type="producer", segment.bytes=104857600} (kafka.log.LogManager)
kafka-3-1  | 2026-09-21T21:52:27.132790522Z [2026-09-21 21:52:27,131] INFO [Partition __consumer_offsets-10 broker=3] No checkpointed highwatermark is found for partition __consumer_offsets-10 (kafka.cluster.Partition)
kafka-3-1  | 2026-09-21T21:52:27.132804422Z [2026-09-21 21:52:27,132] INFO [Partition __consumer_offsets-10 broker=3] Log loaded for partition __consumer_offsets-10 with initial high watermark 0 (kafka.cluster.Partition)
kafka-3-1  | 2026-09-21T21:52:27.140854056Z [2026-09-21 21:52:27,140] INFO [LogLoader partition=__consumer_offsets-24, dir=/tmp/kafka-logs] Loading producer state till offset 0 with message format version 2 (kafka.log.UnifiedLog$)
kafka-3-1  | 2026-09-21T21:52:27.144538917Z [2026-09-21 21:52:27,141] INFO Created log for partition __consumer_offsets-24 in /tmp/kafka-logs/__consumer_offsets-24 with properties {cleanup.policy=compact, compression.type="producer", segment.bytes=104857600} (kafka.log.LogManager)
kafka-3-1  | 2026-09-21T21:52:27.144553117Z [2026-09-21 21:52:27,141] INFO [Partition __consumer_offsets-24 broker=3] No checkpointed highwatermark is found for partition __consumer_offsets-24 (kafka.cluster.Partition)
kafka-3-1  | 2026-09-21T21:52:27.144555317Z [2026-09-21 21:52:27,142] INFO [Partition __consumer_offsets-24 broker=3] Log loaded for partition __consumer_offsets-24 with initial high watermark 0 (kafka.cluster.Partition)
kafka-3-1  | 2026-09-21T21:52:27.149554200Z [2026-09-21 21:52:27,149] INFO [LogLoader partition=__consumer_offsets-20, dir=/tmp/kafka-logs] Loading producer state till offset 0 with message format version 2 (kafka.log.UnifiedLog$)
kafka-3-1  | 2026-09-21T21:52:27.150475315Z [2026-09-21 21:52:27,150] INFO Created log for partition __consumer_offsets-20 in /tmp/kafka-logs/__consumer_offsets-20 with properties {cleanup.policy=compact, compression.type="producer", segment.bytes=104857600} (kafka.log.LogManager)
kafka-3-1  | 2026-09-21T21:52:27.150553916Z [2026-09-21 21:52:27,150] INFO [Partition __consumer_offsets-20 broker=3] No checkpointed highwatermark is found for partition __consumer_offsets-20 (kafka.cluster.Partition)
kafka-3-1  | 2026-09-21T21:52:27.151810337Z [2026-09-21 21:52:27,150] INFO [Partition __consumer_offsets-20 broker=3] Log loaded for partition __consumer_offsets-20 with initial high watermark 0 (kafka.cluster.Partition)
kafka-3-1  | 2026-09-21T21:52:27.154885188Z [2026-09-21 21:52:27,154] INFO [LogLoader partition=__consumer_offsets-0, dir=/tmp/kafka-logs] Loading producer state till offset 0 with message format version 2 (kafka.log.UnifiedLog$)
kafka-3-1  | 2026-09-21T21:52:27.155557799Z [2026-09-21 21:52:27,155] INFO Created log for partition __consumer_offsets-0 in /tmp/kafka-logs/__consumer_offsets-0 with properties {cleanup.policy=compact, compression.type="producer", segment.bytes=104857600} (kafka.log.LogManager)
kafka-3-1  | 2026-09-21T21:52:27.155593100Z [2026-09-21 21:52:27,155] INFO [Partition __consumer_offsets-0 broker=3] No checkpointed highwatermark is found for partition __consumer_offsets-0 (kafka.cluster.Partition)
kafka-3-1  | 2026-09-21T21:52:27.155743902Z [2026-09-21 21:52:27,155] INFO [Partition __consumer_offsets-0 broker=3] Log loaded for partition __consumer_offsets-0 with initial high watermark 0 (kafka.cluster.Partition)
kafka-3-1  | 2026-09-21T21:52:27.159587666Z [2026-09-21 21:52:27,159] INFO [LogLoader partition=__consumer_offsets-27, dir=/tmp/kafka-logs] Loading producer state till offset 0 with message format version 2 (kafka.log.UnifiedLog$)
kafka-3-1  | 2026-09-21T21:52:27.160605283Z [2026-09-21 21:52:27,160] INFO Created log for partition __consumer_offsets-27 in /tmp/kafka-logs/__consumer_offsets-27 with properties {cleanup.policy=compact, compression.type="producer", segment.bytes=104857600} (kafka.log.LogManager)
kafka-3-1  | 2026-09-21T21:52:27.160624883Z [2026-09-21 21:52:27,160] INFO [Partition __consumer_offsets-27 broker=3] No checkpointed highwatermark is found for partition __consumer_offsets-27 (kafka.cluster.Partition)
kafka-3-1  | 2026-09-21T21:52:27.160627783Z [2026-09-21 21:52:27,160] INFO [Partition __consumer_offsets-27 broker=3] Log loaded for partition __consumer_offsets-27 with initial high watermark 0 (kafka.cluster.Partition)
kafka-3-1  | 2026-09-21T21:52:27.164158641Z [2026-09-21 21:52:27,164] INFO [LogLoader partition=__consumer_offsets-8, dir=/tmp/kafka-logs] Loading producer state till offset 0 with message format version 2 (kafka.log.UnifiedLog$)
kafka-3-1  | 2026-09-21T21:52:27.165128757Z [2026-09-21 21:52:27,165] INFO Created log for partition __consumer_offsets-8 in /tmp/kafka-logs/__consumer_offsets-8 with properties {cleanup.policy=compact, compression.type="producer", segment.bytes=104857600} (kafka.log.LogManager)
kafka-3-1  | 2026-09-21T21:52:27.165423662Z [2026-09-21 21:52:27,165] INFO [Partition __consumer_offsets-8 broker=3] No checkpointed highwatermark is found for partition __consumer_offsets-8 (kafka.cluster.Partition)
kafka-3-1  | 2026-09-21T21:52:27.165580065Z [2026-09-21 21:52:27,165] INFO [Partition __consumer_offsets-8 broker=3] Log loaded for partition __consumer_offsets-8 with initial high watermark 0 (kafka.cluster.Partition)
kafka-3-1  | 2026-09-21T21:52:27.169670033Z [2026-09-21 21:52:27,169] INFO [LogLoader partition=__consumer_offsets-37, dir=/tmp/kafka-logs] Loading producer state till offset 0 with message format version 2 (kafka.log.UnifiedLog$)
kafka-3-1  | 2026-09-21T21:52:27.170362544Z [2026-09-21 21:52:27,170] INFO Created log for partition __consumer_offsets-37 in /tmp/kafka-logs/__consumer_offsets-37 with properties {cleanup.policy=compact, compression.type="producer", segment.bytes=104857600} (kafka.log.LogManager)
kafka-3-1  | 2026-09-21T21:52:27.170569647Z [2026-09-21 21:52:27,170] INFO [Partition __consumer_offsets-37 broker=3] No checkpointed highwatermark is found for partition __consumer_offsets-37 (kafka.cluster.Partition)
kafka-3-1  | 2026-09-21T21:52:27.170665449Z [2026-09-21 21:52:27,170] INFO [Partition __consumer_offsets-37 broker=3] Log loaded for partition __consumer_offsets-37 with initial high watermark 0 (kafka.cluster.Partition)
kafka-3-1  | 2026-09-21T21:52:27.174220308Z [2026-09-21 21:52:27,174] INFO [LogLoader partition=__consumer_offsets-35, dir=/tmp/kafka-logs] Loading producer state till offset 0 with message format version 2 (kafka.log.UnifiedLog$)
kafka-3-1  | 2026-09-21T21:52:27.174949720Z [2026-09-21 21:52:27,174] INFO Created log for partition __consumer_offsets-35 in /tmp/kafka-logs/__consumer_offsets-35 with properties {cleanup.policy=compact, compression.type="producer", segment.bytes=104857600} (kafka.log.LogManager)
kafka-3-1  | 2026-09-21T21:52:27.175030221Z [2026-09-21 21:52:27,174] INFO [Partition __consumer_offsets-35 broker=3] No checkpointed highwatermark is found for partition __consumer_offsets-35 (kafka.cluster.Partition)
kafka-3-1  | 2026-09-21T21:52:27.175137423Z [2026-09-21 21:52:27,175] INFO [Partition __consumer_offsets-35 broker=3] Log loaded for partition __consumer_offsets-35 with initial high watermark 0 (kafka.cluster.Partition)
kafka-3-1  | 2026-09-21T21:52:27.176504146Z [2026-09-21 21:52:27,176] INFO [ReplicaFetcherManager on broker 3] Removed fetcher for partitions Set(__consumer_offsets-15, __consumer_offsets-48, __consumer_offsets-46, __consumer_offsets-44, __consumer_offsets-9, __consumer_offsets-42, __consumer_offsets-23, __consumer_offsets-21, __consumer_offsets-19, __consumer_offsets-32, __consumer_offsets-30, __consumer_offsets-28, __consumer_offsets-26, __consumer_offsets-7, __consumer_offsets-40, __consumer_offsets-5, __consumer_offsets-3, __consumer_offsets-36, __consumer_offsets-1, __consumer_offsets-34, __consumer_offsets-47, __consumer_offsets-16, __consumer_offsets-14, __consumer_offsets-12, __consumer_offsets-41, __consumer_offsets-10, __consumer_offsets-24, __consumer_offsets-20, __consumer_offsets-0, __consumer_offsets-27, __consumer_offsets-8, __consumer_offsets-37, __consumer_offsets-35) (kafka.server.ReplicaFetcherManager)
kafka-3-1  | 2026-09-21T21:52:27.177830068Z [2026-09-21 21:52:27,177] INFO [ReplicaFetcherManager on broker 3] Added fetcher to broker 1 for partitions HashMap(__consumer_offsets-47 -> InitialFetchState(Some(um97SpqTSEC74qR1Iu-qow),BrokerEndPoint(id=1, host=kafka-1:9092),0,0), __consumer_offsets-16 -> InitialFetchState(Some(um97SpqTSEC74qR1Iu-qow),BrokerEndPoint(id=1, host=kafka-1:9092),0,0), __consumer_offsets-44 -> InitialFetchState(Some(um97SpqTSEC74qR1Iu-qow),BrokerEndPoint(id=1, host=kafka-1:9092),0,0), __consumer_offsets-12 -> InitialFetchState(Some(um97SpqTSEC74qR1Iu-qow),BrokerEndPoint(id=1, host=kafka-1:9092),0,0), __consumer_offsets-9 -> InitialFetchState(Some(um97SpqTSEC74qR1Iu-qow),BrokerEndPoint(id=1, host=kafka-1:9092),0,0), __consumer_offsets-23 -> InitialFetchState(Some(um97SpqTSEC74qR1Iu-qow),BrokerEndPoint(id=1, host=kafka-1:9092),0,0), __consumer_offsets-24 -> InitialFetchState(Some(um97SpqTSEC74qR1Iu-qow),BrokerEndPoint(id=1, host=kafka-1:9092),0,0), __consumer_offsets-19 -> InitialFetchState(Some(um97SpqTSEC74qR1Iu-qow),BrokerEndPoint(id=1, host=kafka-1:9092),0,0), __consumer_offsets-32 -> InitialFetchState(Some(um97SpqTSEC74qR1Iu-qow),BrokerEndPoint(id=1, host=kafka-1:9092),0,0), __consumer_offsets-0 -> InitialFetchState(Some(um97SpqTSEC74qR1Iu-qow),BrokerEndPoint(id=1, host=kafka-1:9092),0,0), __consumer_offsets-28 -> InitialFetchState(Some(um97SpqTSEC74qR1Iu-qow),BrokerEndPoint(id=1, host=kafka-1:9092),0,0), __consumer_offsets-40 -> InitialFetchState(Some(um97SpqTSEC74qR1Iu-qow),BrokerEndPoint(id=1, host=kafka-1:9092),0,0), __consumer_offsets-8 -> InitialFetchState(Some(um97SpqTSEC74qR1Iu-qow),BrokerEndPoint(id=1, host=kafka-1:9092),0,0), __consumer_offsets-5 -> InitialFetchState(Some(um97SpqTSEC74qR1Iu-qow),BrokerEndPoint(id=1, host=kafka-1:9092),0,0), __consumer_offsets-36 -> InitialFetchState(Some(um97SpqTSEC74qR1Iu-qow),BrokerEndPoint(id=1, host=kafka-1:9092),0,0), __consumer_offsets-34 -> InitialFetchState(Some(um97SpqTSEC74qR1Iu-qow),BrokerEndPoint(id=1, host=kafka-1:9092),0,0)) (kafka.server.ReplicaFetcherManager)
kafka-3-1  | 2026-09-21T21:52:27.178600980Z [2026-09-21 21:52:27,178] INFO [ReplicaFetcherManager on broker 3] Added fetcher to broker 2 for partitions HashMap(__consumer_offsets-15 -> InitialFetchState(Some(um97SpqTSEC74qR1Iu-qow),BrokerEndPoint(id=2, host=kafka-2:9092),0,0), __consumer_offsets-48 -> InitialFetchState(Some(um97SpqTSEC74qR1Iu-qow),BrokerEndPoint(id=2, host=kafka-2:9092),0,0), __consumer_offsets-14 -> InitialFetchState(Some(um97SpqTSEC74qR1Iu-qow),BrokerEndPoint(id=2, host=kafka-2:9092),0,0), __consumer_offsets-46 -> InitialFetchState(Some(um97SpqTSEC74qR1Iu-qow),BrokerEndPoint(id=2, host=kafka-2:9092),0,0), __consumer_offsets-41 -> InitialFetchState(Some(um97SpqTSEC74qR1Iu-qow),BrokerEndPoint(id=2, host=kafka-2:9092),0,0), __consumer_offsets-42 -> InitialFetchState(Some(um97SpqTSEC74qR1Iu-qow),BrokerEndPoint(id=2, host=kafka-2:9092),0,0), __consumer_offsets-10 -> InitialFetchState(Some(um97SpqTSEC74qR1Iu-qow),BrokerEndPoint(id=2, host=kafka-2:9092),0,0), __consumer_offsets-21 -> InitialFetchState(Some(um97SpqTSEC74qR1Iu-qow),BrokerEndPoint(id=2, host=kafka-2:9092),0,0), __consumer_offsets-20 -> InitialFetchState(Some(um97SpqTSEC74qR1Iu-qow),BrokerEndPoint(id=2, host=kafka-2:9092),0,0), __consumer_offsets-30 -> InitialFetchState(Some(um97SpqTSEC74qR1Iu-qow),BrokerEndPoint(id=2, host=kafka-2:9092),0,0), __consumer_offsets-27 -> InitialFetchState(Some(um97SpqTSEC74qR1Iu-qow),BrokerEndPoint(id=2, host=kafka-2:9092),0,0), __consumer_offsets-26 -> InitialFetchState(Some(um97SpqTSEC74qR1Iu-qow),BrokerEndPoint(id=2, host=kafka-2:9092),0,0), __consumer_offsets-7 -> InitialFetchState(Some(um97SpqTSEC74qR1Iu-qow),BrokerEndPoint(id=2, host=kafka-2:9092),0,0), __consumer_offsets-37 -> InitialFetchState(Some(um97SpqTSEC74qR1Iu-qow),BrokerEndPoint(id=2, host=kafka-2:9092),0,0), __consumer_offsets-35 -> InitialFetchState(Some(um97SpqTSEC74qR1Iu-qow),BrokerEndPoint(id=2, host=kafka-2:9092),0,0), __consumer_offsets-3 -> InitialFetchState(Some(um97SpqTSEC74qR1Iu-qow),BrokerEndPoint(id=2, host=kafka-2:9092),0,0), __consumer_offsets-1 -> InitialFetchState(Some(um97SpqTSEC74qR1Iu-qow),BrokerEndPoint(id=2, host=kafka-2:9092),0,0)) (kafka.server.ReplicaFetcherManager)
kafka-3-1  | 2026-09-21T21:52:27.180876418Z [2026-09-21 21:52:27,180] INFO [GroupCoordinator 3]: Elected as the group coordinator for partition 13 in epoch 0 (kafka.coordinator.group.GroupCoordinator)
kafka-3-1  | 2026-09-21T21:52:27.181474228Z [2026-09-21 21:52:27,181] INFO [GroupMetadataManager brokerId=3] Scheduling loading of offsets and group metadata from __consumer_offsets-13 for epoch 0 (kafka.coordinator.group.GroupMetadataManager)
kafka-3-1  | 2026-09-21T21:52:27.181860034Z [2026-09-21 21:52:27,181] INFO [GroupCoordinator 3]: Elected as the group coordinator for partition 45 in epoch 0 (kafka.coordinator.group.GroupCoordinator)
kafka-3-1  | 2026-09-21T21:52:27.181863534Z [2026-09-21 21:52:27,181] INFO [GroupMetadataManager brokerId=3] Scheduling loading of offsets and group metadata from __consumer_offsets-45 for epoch 0 (kafka.coordinator.group.GroupMetadataManager)
kafka-3-1  | 2026-09-21T21:52:27.181963336Z [2026-09-21 21:52:27,181] INFO [GroupCoordinator 3]: Elected as the group coordinator for partition 11 in epoch 0 (kafka.coordinator.group.GroupCoordinator)
kafka-3-1  | 2026-09-21T21:52:27.181984536Z [2026-09-21 21:52:27,181] INFO [GroupMetadataManager brokerId=3] Scheduling loading of offsets and group metadata from __consumer_offsets-11 for epoch 0 (kafka.coordinator.group.GroupMetadataManager)
kafka-3-1  | 2026-09-21T21:52:27.181990237Z [2026-09-21 21:52:27,181] INFO [GroupCoordinator 3]: Elected as the group coordinator for partition 43 in epoch 0 (kafka.coordinator.group.GroupCoordinator)
kafka-3-1  | 2026-09-21T21:52:27.182072138Z [2026-09-21 21:52:27,181] INFO [GroupMetadataManager brokerId=3] Scheduling loading of offsets and group metadata from __consumer_offsets-43 for epoch 0 (kafka.coordinator.group.GroupMetadataManager)
kafka-3-1  | 2026-09-21T21:52:27.182082538Z [2026-09-21 21:52:27,182] INFO [GroupCoordinator 3]: Elected as the group coordinator for partition 22 in epoch 0 (kafka.coordinator.group.GroupCoordinator)
kafka-3-1  | 2026-09-21T21:52:27.182202040Z [2026-09-21 21:52:27,182] INFO [GroupMetadataManager brokerId=3] Scheduling loading of offsets and group metadata from __consumer_offsets-22 for epoch 0 (kafka.coordinator.group.GroupMetadataManager)
kafka-3-1  | 2026-09-21T21:52:27.182326342Z [2026-09-21 21:52:27,182] INFO [GroupCoordinator 3]: Elected as the group coordinator for partition 17 in epoch 0 (kafka.coordinator.group.GroupCoordinator)
kafka-3-1  | 2026-09-21T21:52:27.182332942Z [2026-09-21 21:52:27,182] INFO [GroupMetadataManager brokerId=3] Scheduling loading of offsets and group metadata from __consumer_offsets-17 for epoch 0 (kafka.coordinator.group.GroupMetadataManager)
kafka-3-1  | 2026-09-21T21:52:27.182334642Z [2026-09-21 21:52:27,182] INFO [GroupCoordinator 3]: Elected as the group coordinator for partition 49 in epoch 0 (kafka.coordinator.group.GroupCoordinator)
kafka-3-1  | 2026-09-21T21:52:27.182335942Z [2026-09-21 21:52:27,182] INFO [GroupMetadataManager brokerId=3] Scheduling loading of offsets and group metadata from __consumer_offsets-49 for epoch 0 (kafka.coordinator.group.GroupMetadataManager)
kafka-3-1  | 2026-09-21T21:52:27.182409243Z [2026-09-21 21:52:27,182] INFO [GroupCoordinator 3]: Elected as the group coordinator for partition 18 in epoch 0 (kafka.coordinator.group.GroupCoordinator)
kafka-3-1  | 2026-09-21T21:52:27.182414444Z [2026-09-21 21:52:27,182] INFO [GroupMetadataManager brokerId=3] Scheduling loading of offsets and group metadata from __consumer_offsets-18 for epoch 0 (kafka.coordinator.group.GroupMetadataManager)
kafka-3-1  | 2026-09-21T21:52:27.182500345Z [2026-09-21 21:52:27,182] INFO [GroupCoordinator 3]: Elected as the group coordinator for partition 31 in epoch 0 (kafka.coordinator.group.GroupCoordinator)
kafka-3-1  | 2026-09-21T21:52:27.182505445Z [2026-09-21 21:52:27,182] INFO [GroupMetadataManager brokerId=3] Scheduling loading of offsets and group metadata from __consumer_offsets-31 for epoch 0 (kafka.coordinator.group.GroupMetadataManager)
kafka-3-1  | 2026-09-21T21:52:27.182507045Z [2026-09-21 21:52:27,182] INFO [GroupCoordinator 3]: Elected as the group coordinator for partition 29 in epoch 0 (kafka.coordinator.group.GroupCoordinator)
kafka-3-1  | 2026-09-21T21:52:27.182588746Z [2026-09-21 21:52:27,182] INFO [GroupMetadataManager brokerId=3] Scheduling loading of offsets and group metadata from __consumer_offsets-29 for epoch 0 (kafka.coordinator.group.GroupMetadataManager)
kafka-3-1  | 2026-09-21T21:52:27.182605647Z [2026-09-21 21:52:27,182] INFO [GroupCoordinator 3]: Elected as the group coordinator for partition 25 in epoch 0 (kafka.coordinator.group.GroupCoordinator)
kafka-3-1  | 2026-09-21T21:52:27.182698448Z [2026-09-21 21:52:27,182] INFO [GroupMetadataManager brokerId=3] Scheduling loading of offsets and group metadata from __consumer_offsets-25 for epoch 0 (kafka.coordinator.group.GroupMetadataManager)
kafka-3-1  | 2026-09-21T21:52:27.182790150Z [2026-09-21 21:52:27,182] INFO [GroupCoordinator 3]: Elected as the group coordinator for partition 39 in epoch 0 (kafka.coordinator.group.GroupCoordinator)
kafka-3-1  | 2026-09-21T21:52:27.182876451Z [2026-09-21 21:52:27,182] INFO [GroupMetadataManager brokerId=3] Scheduling loading of offsets and group metadata from __consumer_offsets-39 for epoch 0 (kafka.coordinator.group.GroupMetadataManager)
kafka-3-1  | 2026-09-21T21:52:27.182948952Z [2026-09-21 21:52:27,182] INFO [GroupCoordinator 3]: Elected as the group coordinator for partition 6 in epoch 0 (kafka.coordinator.group.GroupCoordinator)
kafka-3-1  | 2026-09-21T21:52:27.182998953Z [2026-09-21 21:52:27,182] INFO [GroupMetadataManager brokerId=3] Scheduling loading of offsets and group metadata from __consumer_offsets-6 for epoch 0 (kafka.coordinator.group.GroupMetadataManager)
kafka-3-1  | 2026-09-21T21:52:27.183095555Z [2026-09-21 21:52:27,183] INFO [GroupCoordinator 3]: Elected as the group coordinator for partition 38 in epoch 0 (kafka.coordinator.group.GroupCoordinator)
kafka-3-1  | 2026-09-21T21:52:27.183160756Z [2026-09-21 21:52:27,183] INFO [GroupMetadataManager brokerId=3] Scheduling loading of offsets and group metadata from __consumer_offsets-38 for epoch 0 (kafka.coordinator.group.GroupMetadataManager)
kafka-3-1  | 2026-09-21T21:52:27.183268358Z [2026-09-21 21:52:27,183] INFO [GroupCoordinator 3]: Elected as the group coordinator for partition 4 in epoch 0 (kafka.coordinator.group.GroupCoordinator)
kafka-3-1  | 2026-09-21T21:52:27.183315858Z [2026-09-21 21:52:27,183] INFO [GroupMetadataManager brokerId=3] Scheduling loading of offsets and group metadata from __consumer_offsets-4 for epoch 0 (kafka.coordinator.group.GroupMetadataManager)
kafka-3-1  | 2026-09-21T21:52:27.183431060Z [2026-09-21 21:52:27,183] INFO [GroupCoordinator 3]: Elected as the group coordinator for partition 33 in epoch 0 (kafka.coordinator.group.GroupCoordinator)
kafka-3-1  | 2026-09-21T21:52:27.183436960Z [2026-09-21 21:52:27,183] INFO [GroupMetadataManager brokerId=3] Scheduling loading of offsets and group metadata from __consumer_offsets-33 for epoch 0 (kafka.coordinator.group.GroupMetadataManager)
kafka-3-1  | 2026-09-21T21:52:27.183458761Z [2026-09-21 21:52:27,183] INFO [GroupCoordinator 3]: Elected as the group coordinator for partition 2 in epoch 0 (kafka.coordinator.group.GroupCoordinator)
kafka-3-1  | 2026-09-21T21:52:27.183502262Z [2026-09-21 21:52:27,183] INFO [GroupMetadataManager brokerId=3] Scheduling loading of offsets and group metadata from __consumer_offsets-2 for epoch 0 (kafka.coordinator.group.GroupMetadataManager)
kafka-3-1  | 2026-09-21T21:52:27.184179273Z [2026-09-21 21:52:27,184] INFO [GroupCoordinator 3]: Resigned as the group coordinator for partition 15 in epoch OptionalInt[0] (kafka.coordinator.group.GroupCoordinator)
kafka-3-1  | 2026-09-21T21:52:27.184677081Z [2026-09-21 21:52:27,184] INFO [GroupMetadataManager brokerId=3] Scheduling unloading of offsets and group metadata from __consumer_offsets-15 (kafka.coordinator.group.GroupMetadataManager)
kafka-3-1  | 2026-09-21T21:52:27.185089788Z [2026-09-21 21:52:27,184] INFO [GroupCoordinator 3]: Resigned as the group coordinator for partition 48 in epoch OptionalInt[0] (kafka.coordinator.group.GroupCoordinator)
kafka-3-1  | 2026-09-21T21:52:27.185113288Z [2026-09-21 21:52:27,185] INFO [GroupMetadataManager brokerId=3] Scheduling unloading of offsets and group metadata from __consumer_offsets-48 (kafka.coordinator.group.GroupMetadataManager)
kafka-3-1  | 2026-09-21T21:52:27.185121688Z [2026-09-21 21:52:27,185] INFO [GroupCoordinator 3]: Resigned as the group coordinator for partition 46 in epoch OptionalInt[0] (kafka.coordinator.group.GroupCoordinator)
kafka-3-1  | 2026-09-21T21:52:27.185471794Z [2026-09-21 21:52:27,185] INFO [GroupMetadataManager brokerId=3] Scheduling unloading of offsets and group metadata from __consumer_offsets-46 (kafka.coordinator.group.GroupMetadataManager)
kafka-3-1  | 2026-09-21T21:52:27.185484194Z [2026-09-21 21:52:27,185] INFO [GroupCoordinator 3]: Resigned as the group coordinator for partition 44 in epoch OptionalInt[0] (kafka.coordinator.group.GroupCoordinator)
kafka-3-1  | 2026-09-21T21:52:27.185486094Z [2026-09-21 21:52:27,185] INFO [GroupMetadataManager brokerId=3] Scheduling unloading of offsets and group metadata from __consumer_offsets-44 (kafka.coordinator.group.GroupMetadataManager)
kafka-3-1  | 2026-09-21T21:52:27.185487594Z [2026-09-21 21:52:27,185] INFO [GroupCoordinator 3]: Resigned as the group coordinator for partition 9 in epoch OptionalInt[0] (kafka.coordinator.group.GroupCoordinator)
kafka-3-1  | 2026-09-21T21:52:27.185498795Z [2026-09-21 21:52:27,185] INFO [GroupMetadataManager brokerId=3] Scheduling unloading of offsets and group metadata from __consumer_offsets-9 (kafka.coordinator.group.GroupMetadataManager)
kafka-3-1  | 2026-09-21T21:52:27.185500495Z [2026-09-21 21:52:27,185] INFO [GroupCoordinator 3]: Resigned as the group coordinator for partition 42 in epoch OptionalInt[0] (kafka.coordinator.group.GroupCoordinator)
kafka-3-1  | 2026-09-21T21:52:27.185501895Z [2026-09-21 21:52:27,185] INFO [GroupMetadataManager brokerId=3] Scheduling unloading of offsets and group metadata from __consumer_offsets-42 (kafka.coordinator.group.GroupMetadataManager)
kafka-3-1  | 2026-09-21T21:52:27.185503195Z [2026-09-21 21:52:27,185] INFO [GroupCoordinator 3]: Resigned as the group coordinator for partition 23 in epoch OptionalInt[0] (kafka.coordinator.group.GroupCoordinator)
kafka-3-1  | 2026-09-21T21:52:27.185504595Z [2026-09-21 21:52:27,185] INFO [GroupMetadataManager brokerId=3] Scheduling unloading of offsets and group metadata from __consumer_offsets-23 (kafka.coordinator.group.GroupMetadataManager)
kafka-3-1  | 2026-09-21T21:52:27.185505895Z [2026-09-21 21:52:27,185] INFO [GroupCoordinator 3]: Resigned as the group coordinator for partition 21 in epoch OptionalInt[0] (kafka.coordinator.group.GroupCoordinator)
kafka-3-1  | 2026-09-21T21:52:27.185507395Z [2026-09-21 21:52:27,185] INFO [GroupMetadataManager brokerId=3] Scheduling unloading of offsets and group metadata from __consumer_offsets-21 (kafka.coordinator.group.GroupMetadataManager)
kafka-3-1  | 2026-09-21T21:52:27.185521995Z [2026-09-21 21:52:27,185] INFO [GroupCoordinator 3]: Resigned as the group coordinator for partition 19 in epoch OptionalInt[0] (kafka.coordinator.group.GroupCoordinator)
kafka-3-1  | 2026-09-21T21:52:27.185552095Z [2026-09-21 21:52:27,185] INFO [GroupMetadataManager brokerId=3] Scheduling unloading of offsets and group metadata from __consumer_offsets-19 (kafka.coordinator.group.GroupMetadataManager)
kafka-3-1  | 2026-09-21T21:52:27.185624597Z [2026-09-21 21:52:27,185] INFO [GroupCoordinator 3]: Resigned as the group coordinator for partition 32 in epoch OptionalInt[0] (kafka.coordinator.group.GroupCoordinator)
kafka-3-1  | 2026-09-21T21:52:27.185666897Z [2026-09-21 21:52:27,185] INFO [GroupMetadataManager brokerId=3] Scheduling unloading of offsets and group metadata from __consumer_offsets-32 (kafka.coordinator.group.GroupMetadataManager)
kafka-3-1  | 2026-09-21T21:52:27.185725498Z [2026-09-21 21:52:27,185] INFO [GroupCoordinator 3]: Resigned as the group coordinator for partition 30 in epoch OptionalInt[0] (kafka.coordinator.group.GroupCoordinator)
kafka-3-1  | 2026-09-21T21:52:27.185769999Z [2026-09-21 21:52:27,185] INFO [GroupMetadataManager brokerId=3] Scheduling unloading of offsets and group metadata from __consumer_offsets-30 (kafka.coordinator.group.GroupMetadataManager)
kafka-3-1  | 2026-09-21T21:52:27.185824400Z [2026-09-21 21:52:27,185] INFO [GroupCoordinator 3]: Resigned as the group coordinator for partition 28 in epoch OptionalInt[0] (kafka.coordinator.group.GroupCoordinator)
kafka-3-1  | 2026-09-21T21:52:27.185885101Z [2026-09-21 21:52:27,185] INFO [GroupMetadataManager brokerId=3] Scheduling unloading of offsets and group metadata from __consumer_offsets-28 (kafka.coordinator.group.GroupMetadataManager)
kafka-3-1  | 2026-09-21T21:52:27.186047404Z [2026-09-21 21:52:27,185] INFO [GroupCoordinator 3]: Resigned as the group coordinator for partition 26 in epoch OptionalInt[0] (kafka.coordinator.group.GroupCoordinator)
kafka-3-1  | 2026-09-21T21:52:27.186078704Z [2026-09-21 21:52:27,186] INFO [GroupMetadataManager brokerId=3] Scheduling unloading of offsets and group metadata from __consumer_offsets-26 (kafka.coordinator.group.GroupMetadataManager)
kafka-3-1  | 2026-09-21T21:52:27.186182006Z [2026-09-21 21:52:27,186] INFO [GroupCoordinator 3]: Resigned as the group coordinator for partition 7 in epoch OptionalInt[0] (kafka.coordinator.group.GroupCoordinator)
kafka-3-1  | 2026-09-21T21:52:27.186186806Z [2026-09-21 21:52:27,186] INFO [GroupMetadataManager brokerId=3] Scheduling unloading of offsets and group metadata from __consumer_offsets-7 (kafka.coordinator.group.GroupMetadataManager)
kafka-3-1  | 2026-09-21T21:52:27.186242607Z [2026-09-21 21:52:27,186] INFO [GroupCoordinator 3]: Resigned as the group coordinator for partition 40 in epoch OptionalInt[0] (kafka.coordinator.group.GroupCoordinator)
kafka-3-1  | 2026-09-21T21:52:27.186256107Z [2026-09-21 21:52:27,186] INFO [GroupMetadataManager brokerId=3] Scheduling unloading of offsets and group metadata from __consumer_offsets-40 (kafka.coordinator.group.GroupMetadataManager)
kafka-3-1  | 2026-09-21T21:52:27.186325008Z [2026-09-21 21:52:27,186] INFO [GroupCoordinator 3]: Resigned as the group coordinator for partition 5 in epoch OptionalInt[0] (kafka.coordinator.group.GroupCoordinator)
kafka-3-1  | 2026-09-21T21:52:27.186388609Z [2026-09-21 21:52:27,186] INFO [GroupMetadataManager brokerId=3] Scheduling unloading of offsets and group metadata from __consumer_offsets-5 (kafka.coordinator.group.GroupMetadataManager)
kafka-3-1  | 2026-09-21T21:52:27.186409710Z [2026-09-21 21:52:27,186] INFO [GroupCoordinator 3]: Resigned as the group coordinator for partition 3 in epoch OptionalInt[0] (kafka.coordinator.group.GroupCoordinator)
kafka-3-1  | 2026-09-21T21:52:27.186437810Z [2026-09-21 21:52:27,186] INFO [GroupMetadataManager brokerId=3] Scheduling unloading of offsets and group metadata from __consumer_offsets-3 (kafka.coordinator.group.GroupMetadataManager)
kafka-3-1  | 2026-09-21T21:52:27.186488511Z [2026-09-21 21:52:27,186] INFO [GroupCoordinator 3]: Resigned as the group coordinator for partition 36 in epoch OptionalInt[0] (kafka.coordinator.group.GroupCoordinator)
kafka-3-1  | 2026-09-21T21:52:27.186504711Z [2026-09-21 21:52:27,186] INFO [GroupMetadataManager brokerId=3] Scheduling unloading of offsets and group metadata from __consumer_offsets-36 (kafka.coordinator.group.GroupMetadataManager)
kafka-3-1  | 2026-09-21T21:52:27.186561212Z [2026-09-21 21:52:27,186] INFO [GroupCoordinator 3]: Resigned as the group coordinator for partition 1 in epoch OptionalInt[0] (kafka.coordinator.group.GroupCoordinator)
kafka-3-1  | 2026-09-21T21:52:27.186570412Z [2026-09-21 21:52:27,186] INFO [GroupMetadataManager brokerId=3] Scheduling unloading of offsets and group metadata from __consumer_offsets-1 (kafka.coordinator.group.GroupMetadataManager)
kafka-3-1  | 2026-09-21T21:52:27.186631513Z [2026-09-21 21:52:27,186] INFO [GroupCoordinator 3]: Resigned as the group coordinator for partition 34 in epoch OptionalInt[0] (kafka.coordinator.group.GroupCoordinator)
kafka-3-1  | 2026-09-21T21:52:27.186702215Z [2026-09-21 21:52:27,186] INFO [GroupMetadataManager brokerId=3] Scheduling unloading of offsets and group metadata from __consumer_offsets-34 (kafka.coordinator.group.GroupMetadataManager)
kafka-3-1  | 2026-09-21T21:52:27.186920418Z [2026-09-21 21:52:27,186] INFO [GroupCoordinator 3]: Resigned as the group coordinator for partition 47 in epoch OptionalInt[0] (kafka.coordinator.group.GroupCoordinator)
kafka-3-1  | 2026-09-21T21:52:27.186928718Z [2026-09-21 21:52:27,186] INFO [GroupMetadataManager brokerId=3] Scheduling unloading of offsets and group metadata from __consumer_offsets-47 (kafka.coordinator.group.GroupMetadataManager)
kafka-3-1  | 2026-09-21T21:52:27.186957919Z [2026-09-21 21:52:27,186] INFO [GroupCoordinator 3]: Resigned as the group coordinator for partition 16 in epoch OptionalInt[0] (kafka.coordinator.group.GroupCoordinator)
kafka-3-1  | 2026-09-21T21:52:27.186960719Z [2026-09-21 21:52:27,186] INFO [GroupMetadataManager brokerId=3] Scheduling unloading of offsets and group metadata from __consumer_offsets-16 (kafka.coordinator.group.GroupMetadataManager)
kafka-3-1  | 2026-09-21T21:52:27.186962219Z [2026-09-21 21:52:27,186] INFO [GroupCoordinator 3]: Resigned as the group coordinator for partition 14 in epoch OptionalInt[0] (kafka.coordinator.group.GroupCoordinator)
kafka-3-1  | 2026-09-21T21:52:27.186963519Z [2026-09-21 21:52:27,186] INFO [GroupMetadataManager brokerId=3] Scheduling unloading of offsets and group metadata from __consumer_offsets-14 (kafka.coordinator.group.GroupMetadataManager)
kafka-3-1  | 2026-09-21T21:52:27.187240923Z [2026-09-21 21:52:27,187] INFO [GroupCoordinator 3]: Resigned as the group coordinator for partition 12 in epoch OptionalInt[0] (kafka.coordinator.group.GroupCoordinator)
kafka-3-1  | 2026-09-21T21:52:27.187259424Z [2026-09-21 21:52:27,187] INFO [GroupMetadataManager brokerId=3] Scheduling unloading of offsets and group metadata from __consumer_offsets-12 (kafka.coordinator.group.GroupMetadataManager)
kafka-3-1  | 2026-09-21T21:52:27.187261424Z [2026-09-21 21:52:27,187] INFO [GroupCoordinator 3]: Resigned as the group coordinator for partition 41 in epoch OptionalInt[0] (kafka.coordinator.group.GroupCoordinator)
kafka-3-1  | 2026-09-21T21:52:27.187263224Z [2026-09-21 21:52:27,187] INFO [GroupMetadataManager brokerId=3] Scheduling unloading of offsets and group metadata from __consumer_offsets-41 (kafka.coordinator.group.GroupMetadataManager)
kafka-3-1  | 2026-09-21T21:52:27.187280124Z [2026-09-21 21:52:27,187] INFO [GroupCoordinator 3]: Resigned as the group coordinator for partition 10 in epoch OptionalInt[0] (kafka.coordinator.group.GroupCoordinator)
kafka-3-1  | 2026-09-21T21:52:27.187286824Z [2026-09-21 21:52:27,187] INFO [GroupMetadataManager brokerId=3] Scheduling unloading of offsets and group metadata from __consumer_offsets-10 (kafka.coordinator.group.GroupMetadataManager)
kafka-3-1  | 2026-09-21T21:52:27.187388226Z [2026-09-21 21:52:27,187] INFO [GroupCoordinator 3]: Resigned as the group coordinator for partition 24 in epoch OptionalInt[0] (kafka.coordinator.group.GroupCoordinator)
kafka-3-1  | 2026-09-21T21:52:27.187423326Z [2026-09-21 21:52:27,187] INFO [GroupMetadataManager brokerId=3] Scheduling unloading of offsets and group metadata from __consumer_offsets-24 (kafka.coordinator.group.GroupMetadataManager)
kafka-3-1  | 2026-09-21T21:52:27.187426727Z [2026-09-21 21:52:27,187] INFO [GroupCoordinator 3]: Resigned as the group coordinator for partition 20 in epoch OptionalInt[0] (kafka.coordinator.group.GroupCoordinator)
kafka-3-1  | 2026-09-21T21:52:27.187428227Z [2026-09-21 21:52:27,187] INFO [GroupMetadataManager brokerId=3] Scheduling unloading of offsets and group metadata from __consumer_offsets-20 (kafka.coordinator.group.GroupMetadataManager)
kafka-3-1  | 2026-09-21T21:52:27.187510528Z [2026-09-21 21:52:27,187] INFO [GroupCoordinator 3]: Resigned as the group coordinator for partition 0 in epoch OptionalInt[0] (kafka.coordinator.group.GroupCoordinator)
kafka-3-1  | 2026-09-21T21:52:27.187516628Z [2026-09-21 21:52:27,187] INFO [GroupMetadataManager brokerId=3] Scheduling unloading of offsets and group metadata from __consumer_offsets-0 (kafka.coordinator.group.GroupMetadataManager)
kafka-3-1  | 2026-09-21T21:52:27.187589529Z [2026-09-21 21:52:27,187] INFO [GroupCoordinator 3]: Resigned as the group coordinator for partition 27 in epoch OptionalInt[0] (kafka.coordinator.group.GroupCoordinator)
kafka-3-1  | 2026-09-21T21:52:27.187818833Z [2026-09-21 21:52:27,187] INFO [GroupMetadataManager brokerId=3] Scheduling unloading of offsets and group metadata from __consumer_offsets-27 (kafka.coordinator.group.GroupMetadataManager)
kafka-3-1  | 2026-09-21T21:52:27.187826033Z [2026-09-21 21:52:27,187] INFO [GroupCoordinator 3]: Resigned as the group coordinator for partition 8 in epoch OptionalInt[0] (kafka.coordinator.group.GroupCoordinator)
kafka-3-1  | 2026-09-21T21:52:27.187827733Z [2026-09-21 21:52:27,187] INFO [GroupMetadataManager brokerId=3] Scheduling unloading of offsets and group metadata from __consumer_offsets-8 (kafka.coordinator.group.GroupMetadataManager)
kafka-3-1  | 2026-09-21T21:52:27.187829133Z [2026-09-21 21:52:27,187] INFO [GroupCoordinator 3]: Resigned as the group coordinator for partition 37 in epoch OptionalInt[0] (kafka.coordinator.group.GroupCoordinator)
kafka-3-1  | 2026-09-21T21:52:27.187830533Z [2026-09-21 21:52:27,187] INFO [GroupMetadataManager brokerId=3] Scheduling unloading of offsets and group metadata from __consumer_offsets-37 (kafka.coordinator.group.GroupMetadataManager)
kafka-3-1  | 2026-09-21T21:52:27.187913035Z [2026-09-21 21:52:27,187] INFO [GroupCoordinator 3]: Resigned as the group coordinator for partition 35 in epoch OptionalInt[0] (kafka.coordinator.group.GroupCoordinator)
kafka-3-1  | 2026-09-21T21:52:27.187918335Z [2026-09-21 21:52:27,187] INFO [GroupMetadataManager brokerId=3] Scheduling unloading of offsets and group metadata from __consumer_offsets-35 (kafka.coordinator.group.GroupMetadataManager)
kafka-3-1  | 2026-09-21T21:52:27.188262940Z [2026-09-21 21:52:27,188] INFO [DynamicConfigPublisher broker id=3] Updating topic __consumer_offsets with new configuration : compression.type -> producer,cleanup.policy -> compact,segment.bytes -> 104857600 (kafka.server.metadata.DynamicConfigPublisher)
kafka-3-1  | 2026-09-21T21:52:27.191521994Z [2026-09-21 21:52:27,191] INFO [GroupMetadataManager brokerId=3] Finished loading offsets and group metadata from __consumer_offsets-13 in 5 milliseconds for epoch 0, of which 1 milliseconds was spent in the scheduler. (kafka.coordinator.group.GroupMetadataManager)
kafka-3-1  | 2026-09-21T21:52:27.192115004Z [2026-09-21 21:52:27,191] INFO [GroupMetadataManager brokerId=3] Finished loading offsets and group metadata from __consumer_offsets-45 in 10 milliseconds for epoch 0, of which 10 milliseconds was spent in the scheduler. (kafka.coordinator.group.GroupMetadataManager)
kafka-3-1  | 2026-09-21T21:52:27.192610312Z [2026-09-21 21:52:27,192] INFO [GroupMetadataManager brokerId=3] Finished loading offsets and group metadata from __consumer_offsets-11 in 11 milliseconds for epoch 0, of which 11 milliseconds was spent in the scheduler. (kafka.coordinator.group.GroupMetadataManager)
kafka-3-1  | 2026-09-21T21:52:27.192913717Z [2026-09-21 21:52:27,192] INFO [GroupMetadataManager brokerId=3] Finished loading offsets and group metadata from __consumer_offsets-43 in 10 milliseconds for epoch 0, of which 10 milliseconds was spent in the scheduler. (kafka.coordinator.group.GroupMetadataManager)
kafka-3-1  | 2026-09-21T21:52:27.193198022Z [2026-09-21 21:52:27,193] INFO [GroupMetadataManager brokerId=3] Finished loading offsets and group metadata from __consumer_offsets-22 in 11 milliseconds for epoch 0, of which 10 milliseconds was spent in the scheduler. (kafka.coordinator.group.GroupMetadataManager)
kafka-3-1  | 2026-09-21T21:52:27.193563928Z [2026-09-21 21:52:27,193] INFO [GroupMetadataManager brokerId=3] Finished loading offsets and group metadata from __consumer_offsets-17 in 11 milliseconds for epoch 0, of which 11 milliseconds was spent in the scheduler. (kafka.coordinator.group.GroupMetadataManager)
kafka-3-1  | 2026-09-21T21:52:27.194317641Z [2026-09-21 21:52:27,194] INFO [GroupMetadataManager brokerId=3] Finished loading offsets and group metadata from __consumer_offsets-49 in 12 milliseconds for epoch 0, of which 12 milliseconds was spent in the scheduler. (kafka.coordinator.group.GroupMetadataManager)
kafka-3-1  | 2026-09-21T21:52:27.196050069Z [2026-09-21 21:52:27,195] INFO [GroupMetadataManager brokerId=3] Finished loading offsets and group metadata from __consumer_offsets-18 in 13 milliseconds for epoch 0, of which 13 milliseconds was spent in the scheduler. (kafka.coordinator.group.GroupMetadataManager)
kafka-3-1  | 2026-09-21T21:52:27.196692680Z [2026-09-21 21:52:27,196] INFO [GroupMetadataManager brokerId=3] Finished loading offsets and group metadata from __consumer_offsets-31 in 14 milliseconds for epoch 0, of which 14 milliseconds was spent in the scheduler. (kafka.coordinator.group.GroupMetadataManager)
kafka-3-1  | 2026-09-21T21:52:27.197063986Z [2026-09-21 21:52:27,196] INFO [GroupMetadataManager brokerId=3] Finished loading offsets and group metadata from __consumer_offsets-29 in 14 milliseconds for epoch 0, of which 14 milliseconds was spent in the scheduler. (kafka.coordinator.group.GroupMetadataManager)
kafka-3-1  | 2026-09-21T21:52:27.198215005Z [2026-09-21 21:52:27,198] INFO [GroupMetadataManager brokerId=3] Finished loading offsets and group metadata from __consumer_offsets-25 in 16 milliseconds for epoch 0, of which 15 milliseconds was spent in the scheduler. (kafka.coordinator.group.GroupMetadataManager)
kafka-3-1  | 2026-09-21T21:52:27.200186538Z [2026-09-21 21:52:27,200] INFO [GroupMetadataManager brokerId=3] Finished loading offsets and group metadata from __consumer_offsets-39 in 17 milliseconds for epoch 0, of which 17 milliseconds was spent in the scheduler. (kafka.coordinator.group.GroupMetadataManager)
kafka-3-1  | 2026-09-21T21:52:27.203705496Z [2026-09-21 21:52:27,203] INFO [GroupMetadataManager brokerId=3] Finished loading offsets and group metadata from __consumer_offsets-6 in 21 milliseconds for epoch 0, of which 20 milliseconds was spent in the scheduler. (kafka.coordinator.group.GroupMetadataManager)
kafka-3-1  | 2026-09-21T21:52:27.204246805Z [2026-09-21 21:52:27,204] INFO [GroupMetadataManager brokerId=3] Finished loading offsets and group metadata from __consumer_offsets-38 in 21 milliseconds for epoch 0, of which 20 milliseconds was spent in the scheduler. (kafka.coordinator.group.GroupMetadataManager)
kafka-3-1  | 2026-09-21T21:52:27.206430441Z [2026-09-21 21:52:27,205] INFO [GroupMetadataManager brokerId=3] Finished loading offsets and group metadata from __consumer_offsets-4 in 22 milliseconds for epoch 0, of which 22 milliseconds was spent in the scheduler. (kafka.coordinator.group.GroupMetadataManager)
kafka-3-1  | 2026-09-21T21:52:27.206445341Z [2026-09-21 21:52:27,205] INFO [GroupMetadataManager brokerId=3] Finished loading offsets and group metadata from __consumer_offsets-33 in 22 milliseconds for epoch 0, of which 22 milliseconds was spent in the scheduler. (kafka.coordinator.group.GroupMetadataManager)
kafka-3-1  | 2026-09-21T21:52:27.206447541Z [2026-09-21 21:52:27,205] INFO [GroupMetadataManager brokerId=3] Finished loading offsets and group metadata from __consumer_offsets-2 in 22 milliseconds for epoch 0, of which 22 milliseconds was spent in the scheduler. (kafka.coordinator.group.GroupMetadataManager)
kafka-3-1  | 2026-09-21T21:52:27.210214004Z [2026-09-21 21:52:27,209] INFO [GroupMetadataManager brokerId=3] Finished unloading __consumer_offsets-15 for coordinator epoch OptionalInt[0]. Removed 0 cached offsets and 0 cached groups. (kafka.coordinator.group.GroupMetadataManager)
kafka-3-1  | 2026-09-21T21:52:27.210296405Z [2026-09-21 21:52:27,210] INFO [GroupMetadataManager brokerId=3] Finished unloading __consumer_offsets-48 for coordinator epoch OptionalInt[0]. Removed 0 cached offsets and 0 cached groups. (kafka.coordinator.group.GroupMetadataManager)
kafka-3-1  | 2026-09-21T21:52:27.210389107Z [2026-09-21 21:52:27,210] INFO [GroupMetadataManager brokerId=3] Finished unloading __consumer_offsets-46 for coordinator epoch OptionalInt[0]. Removed 0 cached offsets and 0 cached groups. (kafka.coordinator.group.GroupMetadataManager)
kafka-3-1  | 2026-09-21T21:52:27.210397807Z [2026-09-21 21:52:27,210] INFO [GroupMetadataManager brokerId=3] Finished unloading __consumer_offsets-44 for coordinator epoch OptionalInt[0]. Removed 0 cached offsets and 0 cached groups. (kafka.coordinator.group.GroupMetadataManager)
kafka-3-1  | 2026-09-21T21:52:27.210423707Z [2026-09-21 21:52:27,210] INFO [GroupMetadataManager brokerId=3] Finished unloading __consumer_offsets-9 for coordinator epoch OptionalInt[0]. Removed 0 cached offsets and 0 cached groups. (kafka.coordinator.group.GroupMetadataManager)
kafka-3-1  | 2026-09-21T21:52:27.210516609Z [2026-09-21 21:52:27,210] INFO [GroupMetadataManager brokerId=3] Finished unloading __consumer_offsets-42 for coordinator epoch OptionalInt[0]. Removed 0 cached offsets and 0 cached groups. (kafka.coordinator.group.GroupMetadataManager)
kafka-3-1  | 2026-09-21T21:52:27.210617010Z [2026-09-21 21:52:27,210] INFO [GroupMetadataManager brokerId=3] Finished unloading __consumer_offsets-23 for coordinator epoch OptionalInt[0]. Removed 0 cached offsets and 0 cached groups. (kafka.coordinator.group.GroupMetadataManager)
kafka-3-1  | 2026-09-21T21:52:27.210677811Z [2026-09-21 21:52:27,210] INFO [GroupMetadataManager brokerId=3] Finished unloading __consumer_offsets-21 for coordinator epoch OptionalInt[0]. Removed 0 cached offsets and 0 cached groups. (kafka.coordinator.group.GroupMetadataManager)
kafka-3-1  | 2026-09-21T21:52:27.210683511Z [2026-09-21 21:52:27,210] INFO [GroupMetadataManager brokerId=3] Finished unloading __consumer_offsets-19 for coordinator epoch OptionalInt[0]. Removed 0 cached offsets and 0 cached groups. (kafka.coordinator.group.GroupMetadataManager)
kafka-3-1  | 2026-09-21T21:52:27.211222620Z [2026-09-21 21:52:27,211] INFO [GroupMetadataManager brokerId=3] Finished unloading __consumer_offsets-32 for coordinator epoch OptionalInt[0]. Removed 0 cached offsets and 0 cached groups. (kafka.coordinator.group.GroupMetadataManager)
kafka-3-1  | 2026-09-21T21:52:27.211272821Z [2026-09-21 21:52:27,211] INFO [GroupMetadataManager brokerId=3] Finished unloading __consumer_offsets-30 for coordinator epoch OptionalInt[0]. Removed 0 cached offsets and 0 cached groups. (kafka.coordinator.group.GroupMetadataManager)
kafka-3-1  | 2026-09-21T21:52:27.211290322Z [2026-09-21 21:52:27,211] INFO [GroupMetadataManager brokerId=3] Finished unloading __consumer_offsets-28 for coordinator epoch OptionalInt[0]. Removed 0 cached offsets and 0 cached groups. (kafka.coordinator.group.GroupMetadataManager)
kafka-3-1  | 2026-09-21T21:52:27.211574026Z [2026-09-21 21:52:27,211] INFO [GroupMetadataManager brokerId=3] Finished unloading __consumer_offsets-26 for coordinator epoch OptionalInt[0]. Removed 0 cached offsets and 0 cached groups. (kafka.coordinator.group.GroupMetadataManager)
kafka-3-1  | 2026-09-21T21:52:27.211579426Z [2026-09-21 21:52:27,211] INFO [GroupMetadataManager brokerId=3] Finished unloading __consumer_offsets-7 for coordinator epoch OptionalInt[0]. Removed 0 cached offsets and 0 cached groups. (kafka.coordinator.group.GroupMetadataManager)
kafka-3-1  | 2026-09-21T21:52:27.211589326Z [2026-09-21 21:52:27,211] INFO [GroupMetadataManager brokerId=3] Finished unloading __consumer_offsets-40 for coordinator epoch OptionalInt[0]. Removed 0 cached offsets and 0 cached groups. (kafka.coordinator.group.GroupMetadataManager)
kafka-3-1  | 2026-09-21T21:52:27.211591127Z [2026-09-21 21:52:27,211] INFO [GroupMetadataManager brokerId=3] Finished unloading __consumer_offsets-5 for coordinator epoch OptionalInt[0]. Removed 0 cached offsets and 0 cached groups. (kafka.coordinator.group.GroupMetadataManager)
kafka-3-1  | 2026-09-21T21:52:27.211592527Z [2026-09-21 21:52:27,211] INFO [GroupMetadataManager brokerId=3] Finished unloading __consumer_offsets-3 for coordinator epoch OptionalInt[0]. Removed 0 cached offsets and 0 cached groups. (kafka.coordinator.group.GroupMetadataManager)
kafka-3-1  | 2026-09-21T21:52:27.211633627Z [2026-09-21 21:52:27,211] INFO [GroupMetadataManager brokerId=3] Finished unloading __consumer_offsets-36 for coordinator epoch OptionalInt[0]. Removed 0 cached offsets and 0 cached groups. (kafka.coordinator.group.GroupMetadataManager)
kafka-3-1  | 2026-09-21T21:52:27.211729029Z [2026-09-21 21:52:27,211] INFO [GroupMetadataManager brokerId=3] Finished unloading __consumer_offsets-1 for coordinator epoch OptionalInt[0]. Removed 0 cached offsets and 0 cached groups. (kafka.coordinator.group.GroupMetadataManager)
kafka-3-1  | 2026-09-21T21:52:27.211851631Z [2026-09-21 21:52:27,211] INFO [GroupMetadataManager brokerId=3] Finished unloading __consumer_offsets-34 for coordinator epoch OptionalInt[0]. Removed 0 cached offsets and 0 cached groups. (kafka.coordinator.group.GroupMetadataManager)
kafka-3-1  | 2026-09-21T21:52:27.211945332Z [2026-09-21 21:52:27,211] INFO [GroupMetadataManager brokerId=3] Finished unloading __consumer_offsets-47 for coordinator epoch OptionalInt[0]. Removed 0 cached offsets and 0 cached groups. (kafka.coordinator.group.GroupMetadataManager)
kafka-3-1  | 2026-09-21T21:52:27.212045934Z [2026-09-21 21:52:27,211] INFO [GroupMetadataManager brokerId=3] Finished unloading __consumer_offsets-16 for coordinator epoch OptionalInt[0]. Removed 0 cached offsets and 0 cached groups. (kafka.coordinator.group.GroupMetadataManager)
kafka-3-1  | 2026-09-21T21:52:27.212127035Z [2026-09-21 21:52:27,212] INFO [GroupMetadataManager brokerId=3] Finished unloading __consumer_offsets-14 for coordinator epoch OptionalInt[0]. Removed 0 cached offsets and 0 cached groups. (kafka.coordinator.group.GroupMetadataManager)
kafka-3-1  | 2026-09-21T21:52:27.212243437Z [2026-09-21 21:52:27,212] INFO [GroupMetadataManager brokerId=3] Finished unloading __consumer_offsets-12 for coordinator epoch OptionalInt[0]. Removed 0 cached offsets and 0 cached groups. (kafka.coordinator.group.GroupMetadataManager)
kafka-3-1  | 2026-09-21T21:52:27.212365139Z [2026-09-21 21:52:27,212] INFO [GroupMetadataManager brokerId=3] Finished unloading __consumer_offsets-41 for coordinator epoch OptionalInt[0]. Removed 0 cached offsets and 0 cached groups. (kafka.coordinator.group.GroupMetadataManager)
kafka-3-1  | 2026-09-21T21:52:27.212478941Z [2026-09-21 21:52:27,212] INFO [GroupMetadataManager brokerId=3] Finished unloading __consumer_offsets-10 for coordinator epoch OptionalInt[0]. Removed 0 cached offsets and 0 cached groups. (kafka.coordinator.group.GroupMetadataManager)
kafka-3-1  | 2026-09-21T21:52:27.212586943Z [2026-09-21 21:52:27,212] INFO [GroupMetadataManager brokerId=3] Finished unloading __consumer_offsets-24 for coordinator epoch OptionalInt[0]. Removed 0 cached offsets and 0 cached groups. (kafka.coordinator.group.GroupMetadataManager)
kafka-3-1  | 2026-09-21T21:52:27.212669544Z [2026-09-21 21:52:27,212] INFO [GroupMetadataManager brokerId=3] Finished unloading __consumer_offsets-20 for coordinator epoch OptionalInt[0]. Removed 0 cached offsets and 0 cached groups. (kafka.coordinator.group.GroupMetadataManager)
kafka-3-1  | 2026-09-21T21:52:27.212770946Z [2026-09-21 21:52:27,212] INFO [GroupMetadataManager brokerId=3] Finished unloading __consumer_offsets-0 for coordinator epoch OptionalInt[0]. Removed 0 cached offsets and 0 cached groups. (kafka.coordinator.group.GroupMetadataManager)
kafka-3-1  | 2026-09-21T21:52:27.212881348Z [2026-09-21 21:52:27,212] INFO [GroupMetadataManager brokerId=3] Finished unloading __consumer_offsets-27 for coordinator epoch OptionalInt[0]. Removed 0 cached offsets and 0 cached groups. (kafka.coordinator.group.GroupMetadataManager)
kafka-3-1  | 2026-09-21T21:52:27.212967449Z [2026-09-21 21:52:27,212] INFO [GroupMetadataManager brokerId=3] Finished unloading __consumer_offsets-8 for coordinator epoch OptionalInt[0]. Removed 0 cached offsets and 0 cached groups. (kafka.coordinator.group.GroupMetadataManager)
kafka-3-1  | 2026-09-21T21:52:27.213103352Z [2026-09-21 21:52:27,213] INFO [GroupMetadataManager brokerId=3] Finished unloading __consumer_offsets-37 for coordinator epoch OptionalInt[0]. Removed 0 cached offsets and 0 cached groups. (kafka.coordinator.group.GroupMetadataManager)
kafka-3-1  | 2026-09-21T21:52:27.213199953Z [2026-09-21 21:52:27,213] INFO [GroupMetadataManager brokerId=3] Finished unloading __consumer_offsets-35 for coordinator epoch OptionalInt[0]. Removed 0 cached offsets and 0 cached groups. (kafka.coordinator.group.GroupMetadataManager)
kafka-3-1  | 2026-09-21T21:52:27.393501838Z [2026-09-21 21:52:27,392] INFO [ReplicaFetcher replicaId=3, leaderId=2, fetcherId=0] Truncating partition __consumer_offsets-15 with TruncationState(offset=0, completed=true) due to local high watermark 0 (kafka.server.ReplicaFetcherThread)
kafka-3-1  | 2026-09-21T21:52:27.393591739Z [2026-09-21 21:52:27,393] INFO [UnifiedLog partition=__consumer_offsets-15, dir=/tmp/kafka-logs] Truncating to 0 has no effect as the largest offset in the log is -1 (kafka.log.UnifiedLog)
kafka-3-1  | 2026-09-21T21:52:27.394390552Z [2026-09-21 21:52:27,393] INFO [ReplicaFetcher replicaId=3, leaderId=2, fetcherId=0] Truncating partition __consumer_offsets-48 with TruncationState(offset=0, completed=true) due to local high watermark 0 (kafka.server.ReplicaFetcherThread)
kafka-3-1  | 2026-09-21T21:52:27.394428053Z [2026-09-21 21:52:27,394] INFO [UnifiedLog partition=__consumer_offsets-48, dir=/tmp/kafka-logs] Truncating to 0 has no effect as the largest offset in the log is -1 (kafka.log.UnifiedLog)
kafka-3-1  | 2026-09-21T21:52:27.395074064Z [2026-09-21 21:52:27,394] INFO [ReplicaFetcher replicaId=3, leaderId=2, fetcherId=0] Truncating partition __consumer_offsets-14 with TruncationState(offset=0, completed=true) due to local high watermark 0 (kafka.server.ReplicaFetcherThread)
kafka-3-1  | 2026-09-21T21:52:27.395777975Z [2026-09-21 21:52:27,394] INFO [UnifiedLog partition=__consumer_offsets-14, dir=/tmp/kafka-logs] Truncating to 0 has no effect as the largest offset in the log is -1 (kafka.log.UnifiedLog)
kafka-3-1  | 2026-09-21T21:52:27.395827676Z [2026-09-21 21:52:27,395] INFO [ReplicaFetcher replicaId=3, leaderId=2, fetcherId=0] Truncating partition __consumer_offsets-46 with TruncationState(offset=0, completed=true) due to local high watermark 0 (kafka.server.ReplicaFetcherThread)
kafka-3-1  | 2026-09-21T21:52:27.395838276Z [2026-09-21 21:52:27,395] INFO [UnifiedLog partition=__consumer_offsets-46, dir=/tmp/kafka-logs] Truncating to 0 has no effect as the largest offset in the log is -1 (kafka.log.UnifiedLog)
kafka-3-1  | 2026-09-21T21:52:27.396217183Z [2026-09-21 21:52:27,395] INFO [ReplicaFetcher replicaId=3, leaderId=2, fetcherId=0] Truncating partition __consumer_offsets-41 with TruncationState(offset=0, completed=true) due to local high watermark 0 (kafka.server.ReplicaFetcherThread)
kafka-3-1  | 2026-09-21T21:52:27.396758692Z [2026-09-21 21:52:27,396] INFO [UnifiedLog partition=__consumer_offsets-41, dir=/tmp/kafka-logs] Truncating to 0 has no effect as the largest offset in the log is -1 (kafka.log.UnifiedLog)
kafka-3-1  | 2026-09-21T21:52:27.396880194Z [2026-09-21 21:52:27,396] INFO [ReplicaFetcher replicaId=3, leaderId=2, fetcherId=0] Truncating partition __consumer_offsets-42 with TruncationState(offset=0, completed=true) due to local high watermark 0 (kafka.server.ReplicaFetcherThread)
kafka-3-1  | 2026-09-21T21:52:27.397022996Z [2026-09-21 21:52:27,396] INFO [UnifiedLog partition=__consumer_offsets-42, dir=/tmp/kafka-logs] Truncating to 0 has no effect as the largest offset in the log is -1 (kafka.log.UnifiedLog)
kafka-3-1  | 2026-09-21T21:52:27.397408702Z [2026-09-21 21:52:27,396] INFO [ReplicaFetcher replicaId=3, leaderId=2, fetcherId=0] Truncating partition __consumer_offsets-10 with TruncationState(offset=0, completed=true) due to local high watermark 0 (kafka.server.ReplicaFetcherThread)
kafka-3-1  | 2026-09-21T21:52:27.397439903Z [2026-09-21 21:52:27,397] INFO [UnifiedLog partition=__consumer_offsets-10, dir=/tmp/kafka-logs] Truncating to 0 has no effect as the largest offset in the log is -1 (kafka.log.UnifiedLog)
kafka-3-1  | 2026-09-21T21:52:27.398022913Z [2026-09-21 21:52:27,397] INFO [ReplicaFetcher replicaId=3, leaderId=2, fetcherId=0] Truncating partition __consumer_offsets-21 with TruncationState(offset=0, completed=true) due to local high watermark 0 (kafka.server.ReplicaFetcherThread)
kafka-3-1  | 2026-09-21T21:52:27.398058213Z [2026-09-21 21:52:27,397] INFO [UnifiedLog partition=__consumer_offsets-21, dir=/tmp/kafka-logs] Truncating to 0 has no effect as the largest offset in the log is -1 (kafka.log.UnifiedLog)
kafka-3-1  | 2026-09-21T21:52:27.399006029Z [2026-09-21 21:52:27,398] INFO [ReplicaFetcher replicaId=3, leaderId=2, fetcherId=0] Truncating partition __consumer_offsets-20 with TruncationState(offset=0, completed=true) due to local high watermark 0 (kafka.server.ReplicaFetcherThread)
kafka-3-1  | 2026-09-21T21:52:27.399036029Z [2026-09-21 21:52:27,398] INFO [UnifiedLog partition=__consumer_offsets-20, dir=/tmp/kafka-logs] Truncating to 0 has no effect as the largest offset in the log is -1 (kafka.log.UnifiedLog)
kafka-3-1  | 2026-09-21T21:52:27.399044529Z [2026-09-21 21:52:27,398] INFO [ReplicaFetcher replicaId=3, leaderId=2, fetcherId=0] Truncating partition __consumer_offsets-30 with TruncationState(offset=0, completed=true) due to local high watermark 0 (kafka.server.ReplicaFetcherThread)
kafka-3-1  | 2026-09-21T21:52:27.399051430Z [2026-09-21 21:52:27,398] INFO [UnifiedLog partition=__consumer_offsets-30, dir=/tmp/kafka-logs] Truncating to 0 has no effect as the largest offset in the log is -1 (kafka.log.UnifiedLog)
kafka-3-1  | 2026-09-21T21:52:27.399058430Z [2026-09-21 21:52:27,398] INFO [ReplicaFetcher replicaId=3, leaderId=2, fetcherId=0] Truncating partition __consumer_offsets-27 with TruncationState(offset=0, completed=true) due to local high watermark 0 (kafka.server.ReplicaFetcherThread)
kafka-3-1  | 2026-09-21T21:52:27.399868043Z [2026-09-21 21:52:27,398] INFO [UnifiedLog partition=__consumer_offsets-27, dir=/tmp/kafka-logs] Truncating to 0 has no effect as the largest offset in the log is -1 (kafka.log.UnifiedLog)
kafka-3-1  | 2026-09-21T21:52:27.399915244Z [2026-09-21 21:52:27,399] INFO [ReplicaFetcher replicaId=3, leaderId=2, fetcherId=0] Truncating partition __consumer_offsets-26 with TruncationState(offset=0, completed=true) due to local high watermark 0 (kafka.server.ReplicaFetcherThread)
kafka-3-1  | 2026-09-21T21:52:27.399953045Z [2026-09-21 21:52:27,399] INFO [UnifiedLog partition=__consumer_offsets-26, dir=/tmp/kafka-logs] Truncating to 0 has no effect as the largest offset in the log is -1 (kafka.log.UnifiedLog)
kafka-3-1  | 2026-09-21T21:52:27.400833159Z [2026-09-21 21:52:27,399] INFO [ReplicaFetcher replicaId=3, leaderId=2, fetcherId=0] Truncating partition __consumer_offsets-7 with TruncationState(offset=0, completed=true) due to local high watermark 0 (kafka.server.ReplicaFetcherThread)
kafka-3-1  | 2026-09-21T21:52:27.400867560Z [2026-09-21 21:52:27,400] INFO [UnifiedLog partition=__consumer_offsets-7, dir=/tmp/kafka-logs] Truncating to 0 has no effect as the largest offset in the log is -1 (kafka.log.UnifiedLog)
kafka-3-1  | 2026-09-21T21:52:27.400877060Z [2026-09-21 21:52:27,400] INFO [ReplicaFetcher replicaId=3, leaderId=2, fetcherId=0] Truncating partition __consumer_offsets-37 with TruncationState(offset=0, completed=true) due to local high watermark 0 (kafka.server.ReplicaFetcherThread)
kafka-3-1  | 2026-09-21T21:52:27.401680573Z [2026-09-21 21:52:27,400] INFO [UnifiedLog partition=__consumer_offsets-37, dir=/tmp/kafka-logs] Truncating to 0 has no effect as the largest offset in the log is -1 (kafka.log.UnifiedLog)
kafka-3-1  | 2026-09-21T21:52:27.401984578Z [2026-09-21 21:52:27,401] INFO [ReplicaFetcher replicaId=3, leaderId=2, fetcherId=0] Truncating partition __consumer_offsets-35 with TruncationState(offset=0, completed=true) due to local high watermark 0 (kafka.server.ReplicaFetcherThread)
kafka-3-1  | 2026-09-21T21:52:27.402621889Z [2026-09-21 21:52:27,401] INFO [UnifiedLog partition=__consumer_offsets-35, dir=/tmp/kafka-logs] Truncating to 0 has no effect as the largest offset in the log is -1 (kafka.log.UnifiedLog)
kafka-3-1  | 2026-09-21T21:52:27.402656789Z [2026-09-21 21:52:27,402] INFO [ReplicaFetcher replicaId=3, leaderId=2, fetcherId=0] Truncating partition __consumer_offsets-3 with TruncationState(offset=0, completed=true) due to local high watermark 0 (kafka.server.ReplicaFetcherThread)
kafka-3-1  | 2026-09-21T21:52:27.403168598Z [2026-09-21 21:52:27,402] INFO [UnifiedLog partition=__consumer_offsets-3, dir=/tmp/kafka-logs] Truncating to 0 has no effect as the largest offset in the log is -1 (kafka.log.UnifiedLog)
kafka-3-1  | 2026-09-21T21:52:27.407083363Z [2026-09-21 21:52:27,402] INFO [ReplicaFetcher replicaId=3, leaderId=2, fetcherId=0] Truncating partition __consumer_offsets-1 with TruncationState(offset=0, completed=true) due to local high watermark 0 (kafka.server.ReplicaFetcherThread)
kafka-3-1  | 2026-09-21T21:52:27.407152964Z [2026-09-21 21:52:27,403] INFO [UnifiedLog partition=__consumer_offsets-1, dir=/tmp/kafka-logs] Truncating to 0 has no effect as the largest offset in the log is -1 (kafka.log.UnifiedLog)
kafka-3-1  | 2026-09-21T21:52:27.674683892Z [2026-09-21 21:52:27,673] INFO [ReplicaFetcher replicaId=3, leaderId=1, fetcherId=0] Truncating partition __consumer_offsets-47 with TruncationState(offset=0, completed=true) due to local high watermark 0 (kafka.server.ReplicaFetcherThread)
kafka-3-1  | 2026-09-21T21:52:27.675772810Z [2026-09-21 21:52:27,675] INFO [UnifiedLog partition=__consumer_offsets-47, dir=/tmp/kafka-logs] Truncating to 0 has no effect as the largest offset in the log is -1 (kafka.log.UnifiedLog)
kafka-3-1  | 2026-09-21T21:52:27.675823011Z [2026-09-21 21:52:27,675] INFO [ReplicaFetcher replicaId=3, leaderId=1, fetcherId=0] Truncating partition __consumer_offsets-16 with TruncationState(offset=0, completed=true) due to local high watermark 0 (kafka.server.ReplicaFetcherThread)
kafka-3-1  | 2026-09-21T21:52:27.676590424Z [2026-09-21 21:52:27,675] INFO [UnifiedLog partition=__consumer_offsets-16, dir=/tmp/kafka-logs] Truncating to 0 has no effect as the largest offset in the log is -1 (kafka.log.UnifiedLog)
kafka-3-1  | 2026-09-21T21:52:27.676648125Z [2026-09-21 21:52:27,676] INFO [ReplicaFetcher replicaId=3, leaderId=1, fetcherId=0] Truncating partition __consumer_offsets-44 with TruncationState(offset=0, completed=true) due to local high watermark 0 (kafka.server.ReplicaFetcherThread)
kafka-3-1  | 2026-09-21T21:52:27.677291135Z [2026-09-21 21:52:27,676] INFO [UnifiedLog partition=__consumer_offsets-44, dir=/tmp/kafka-logs] Truncating to 0 has no effect as the largest offset in the log is -1 (kafka.log.UnifiedLog)
kafka-3-1  | 2026-09-21T21:52:27.677324436Z [2026-09-21 21:52:27,677] INFO [ReplicaFetcher replicaId=3, leaderId=1, fetcherId=0] Truncating partition __consumer_offsets-12 with TruncationState(offset=0, completed=true) due to local high watermark 0 (kafka.server.ReplicaFetcherThread)
kafka-3-1  | 2026-09-21T21:52:27.677808444Z [2026-09-21 21:52:27,677] INFO [UnifiedLog partition=__consumer_offsets-12, dir=/tmp/kafka-logs] Truncating to 0 has no effect as the largest offset in the log is -1 (kafka.log.UnifiedLog)
kafka-3-1  | 2026-09-21T21:52:27.677831244Z [2026-09-21 21:52:27,677] INFO [ReplicaFetcher replicaId=3, leaderId=1, fetcherId=0] Truncating partition __consumer_offsets-9 with TruncationState(offset=0, completed=true) due to local high watermark 0 (kafka.server.ReplicaFetcherThread)
kafka-3-1  | 2026-09-21T21:52:27.680869395Z [2026-09-21 21:52:27,677] INFO [UnifiedLog partition=__consumer_offsets-9, dir=/tmp/kafka-logs] Truncating to 0 has no effect as the largest offset in the log is -1 (kafka.log.UnifiedLog)
kafka-3-1  | 2026-09-21T21:52:27.680921695Z [2026-09-21 21:52:27,678] INFO [ReplicaFetcher replicaId=3, leaderId=1, fetcherId=0] Truncating partition __consumer_offsets-23 with TruncationState(offset=0, completed=true) due to local high watermark 0 (kafka.server.ReplicaFetcherThread)
kafka-3-1  | 2026-09-21T21:52:27.680929996Z [2026-09-21 21:52:27,678] INFO [UnifiedLog partition=__consumer_offsets-23, dir=/tmp/kafka-logs] Truncating to 0 has no effect as the largest offset in the log is -1 (kafka.log.UnifiedLog)
kafka-3-1  | 2026-09-21T21:52:27.680934696Z [2026-09-21 21:52:27,678] INFO [ReplicaFetcher replicaId=3, leaderId=1, fetcherId=0] Truncating partition __consumer_offsets-24 with TruncationState(offset=0, completed=true) due to local high watermark 0 (kafka.server.ReplicaFetcherThread)
kafka-3-1  | 2026-09-21T21:52:27.680939296Z [2026-09-21 21:52:27,679] INFO [UnifiedLog partition=__consumer_offsets-24, dir=/tmp/kafka-logs] Truncating to 0 has no effect as the largest offset in the log is -1 (kafka.log.UnifiedLog)
kafka-3-1  | 2026-09-21T21:52:27.680943696Z [2026-09-21 21:52:27,679] INFO [ReplicaFetcher replicaId=3, leaderId=1, fetcherId=0] Truncating partition __consumer_offsets-19 with TruncationState(offset=0, completed=true) due to local high watermark 0 (kafka.server.ReplicaFetcherThread)
kafka-3-1  | 2026-09-21T21:52:27.680948196Z [2026-09-21 21:52:27,680] INFO [UnifiedLog partition=__consumer_offsets-19, dir=/tmp/kafka-logs] Truncating to 0 has no effect as the largest offset in the log is -1 (kafka.log.UnifiedLog)
kafka-3-1  | 2026-09-21T21:52:27.680952596Z [2026-09-21 21:52:27,680] INFO [ReplicaFetcher replicaId=3, leaderId=1, fetcherId=0] Truncating partition __consumer_offsets-32 with TruncationState(offset=0, completed=true) due to local high watermark 0 (kafka.server.ReplicaFetcherThread)
kafka-3-1  | 2026-09-21T21:52:27.680976896Z [2026-09-21 21:52:27,680] INFO [UnifiedLog partition=__consumer_offsets-32, dir=/tmp/kafka-logs] Truncating to 0 has no effect as the largest offset in the log is -1 (kafka.log.UnifiedLog)
kafka-3-1  | 2026-09-21T21:52:27.681269601Z [2026-09-21 21:52:27,680] INFO [ReplicaFetcher replicaId=3, leaderId=1, fetcherId=0] Truncating partition __consumer_offsets-0 with TruncationState(offset=0, completed=true) due to local high watermark 0 (kafka.server.ReplicaFetcherThread)
kafka-3-1  | 2026-09-21T21:52:27.681713209Z [2026-09-21 21:52:27,681] INFO [UnifiedLog partition=__consumer_offsets-0, dir=/tmp/kafka-logs] Truncating to 0 has no effect as the largest offset in the log is -1 (kafka.log.UnifiedLog)
kafka-3-1  | 2026-09-21T21:52:27.681737809Z [2026-09-21 21:52:27,681] INFO [ReplicaFetcher replicaId=3, leaderId=1, fetcherId=0] Truncating partition __consumer_offsets-28 with TruncationState(offset=0, completed=true) due to local high watermark 0 (kafka.server.ReplicaFetcherThread)
kafka-3-1  | 2026-09-21T21:52:27.681744109Z [2026-09-21 21:52:27,681] INFO [UnifiedLog partition=__consumer_offsets-28, dir=/tmp/kafka-logs] Truncating to 0 has no effect as the largest offset in the log is -1 (kafka.log.UnifiedLog)
kafka-3-1  | 2026-09-21T21:52:27.682495021Z [2026-09-21 21:52:27,681] INFO [ReplicaFetcher replicaId=3, leaderId=1, fetcherId=0] Truncating partition __consumer_offsets-40 with TruncationState(offset=0, completed=true) due to local high watermark 0 (kafka.server.ReplicaFetcherThread)
kafka-3-1  | 2026-09-21T21:52:27.682515922Z [2026-09-21 21:52:27,681] INFO [UnifiedLog partition=__consumer_offsets-40, dir=/tmp/kafka-logs] Truncating to 0 has no effect as the largest offset in the log is -1 (kafka.log.UnifiedLog)
kafka-3-1  | 2026-09-21T21:52:27.682521122Z [2026-09-21 21:52:27,681] INFO [ReplicaFetcher replicaId=3, leaderId=1, fetcherId=0] Truncating partition __consumer_offsets-8 with TruncationState(offset=0, completed=true) due to local high watermark 0 (kafka.server.ReplicaFetcherThread)
kafka-3-1  | 2026-09-21T21:52:27.682525722Z [2026-09-21 21:52:27,682] INFO [UnifiedLog partition=__consumer_offsets-8, dir=/tmp/kafka-logs] Truncating to 0 has no effect as the largest offset in the log is -1 (kafka.log.UnifiedLog)
kafka-3-1  | 2026-09-21T21:52:27.682529922Z [2026-09-21 21:52:27,682] INFO [ReplicaFetcher replicaId=3, leaderId=1, fetcherId=0] Truncating partition __consumer_offsets-5 with TruncationState(offset=0, completed=true) due to local high watermark 0 (kafka.server.ReplicaFetcherThread)
kafka-3-1  | 2026-09-21T21:52:27.682534422Z [2026-09-21 21:52:27,682] INFO [UnifiedLog partition=__consumer_offsets-5, dir=/tmp/kafka-logs] Truncating to 0 has no effect as the largest offset in the log is -1 (kafka.log.UnifiedLog)
kafka-3-1  | 2026-09-21T21:52:27.683127732Z [2026-09-21 21:52:27,682] INFO [ReplicaFetcher replicaId=3, leaderId=1, fetcherId=0] Truncating partition __consumer_offsets-36 with TruncationState(offset=0, completed=true) due to local high watermark 0 (kafka.server.ReplicaFetcherThread)
kafka-3-1  | 2026-09-21T21:52:27.683149932Z [2026-09-21 21:52:27,682] INFO [UnifiedLog partition=__consumer_offsets-36, dir=/tmp/kafka-logs] Truncating to 0 has no effect as the largest offset in the log is -1 (kafka.log.UnifiedLog)
kafka-3-1  | 2026-09-21T21:52:27.683768743Z [2026-09-21 21:52:27,683] INFO [ReplicaFetcher replicaId=3, leaderId=1, fetcherId=0] Truncating partition __consumer_offsets-34 with TruncationState(offset=0, completed=true) due to local high watermark 0 (kafka.server.ReplicaFetcherThread)
kafka-3-1  | 2026-09-21T21:52:27.684324952Z [2026-09-21 21:52:27,683] INFO [UnifiedLog partition=__consumer_offsets-34, dir=/tmp/kafka-logs] Truncating to 0 has no effect as the largest offset in the log is -1 (kafka.log.UnifiedLog)
kafka-3-1  | 2026-09-21T21:58:54.886193040Z [2026-09-21 21:58:54,884] INFO [NodeToControllerChannelManager id=3 name=forwarding] Node 2 disconnected. (org.apache.kafka.clients.NetworkClient)
kafka-3-1  | 2026-09-21T21:58:54.886275047Z [2026-09-21 21:58:54,885] INFO [ReplicaFetcher replicaId=3, leaderId=2, fetcherId=0] Node 2 disconnected. (org.apache.kafka.clients.NetworkClient)
kafka-3-1  | 2026-09-21T21:58:54.886281648Z [2026-09-21 21:58:54,885] INFO [NodeToControllerChannelManager id=3 name=heartbeat] Node 2 disconnected. (org.apache.kafka.clients.NetworkClient)
kafka-3-1  | 2026-09-21T21:58:54.888088110Z [2026-09-21 21:58:54,888] INFO [NodeToControllerChannelManager id=3 name=registration] Node 2 disconnected. (org.apache.kafka.clients.NetworkClient)
kafka-3-1  | 2026-09-21T21:58:54.890463624Z [2026-09-21 21:58:54,888] INFO [RaftManager id=3] Node 2 disconnected. (org.apache.kafka.clients.NetworkClient)
kafka-3-1  | 2026-09-21T21:58:54.890488626Z [2026-09-21 21:58:54,889] INFO [RaftManager id=3] Cancelled in-flight FETCH request with correlation id 802 due to node 2 being disconnected (elapsed time since creation: 101ms, elapsed time since send: 101ms, throttle time: 0ms, request timeout: 2000ms) (org.apache.kafka.clients.NetworkClient)
kafka-3-1  | 2026-09-21T21:58:54.890492326Z [2026-09-21 21:58:54,889] INFO [ReplicaFetcher replicaId=3, leaderId=2, fetcherId=0] Cancelled in-flight FETCH request with correlation id 779 due to node 2 being disconnected (elapsed time since creation: 504ms, elapsed time since send: 504ms, throttle time: 0ms, request timeout: 30000ms) (org.apache.kafka.clients.NetworkClient)
kafka-3-1  | 2026-09-21T21:58:54.890494626Z [2026-09-21 21:58:54,890] INFO [ReplicaFetcher replicaId=3, leaderId=2, fetcherId=0] Client requested connection close from node 2 (org.apache.kafka.clients.NetworkClient)
kafka-3-1  | 2026-09-21T21:58:54.901640828Z [2026-09-21 21:58:54,892] INFO [ReplicaFetcher replicaId=3, leaderId=2, fetcherId=0] Error sending fetch request (sessionId=472266530, epoch=779) to node 2: (org.apache.kafka.clients.FetchSessionHandler)
kafka-3-1  | 2026-09-21T21:58:54.901662630Z java.io.IOException: Connection to 2 was disconnected before the response was read
kafka-3-1  | 2026-09-21T21:58:54.901665430Z 	at org.apache.kafka.clients.NetworkClientUtils.sendAndReceive(NetworkClientUtils.java:100)
kafka-3-1  | 2026-09-21T21:58:54.901667931Z 	at kafka.server.BrokerBlockingSender.sendRequest(BrokerBlockingSender.scala:114)
kafka-3-1  | 2026-09-21T21:58:54.901669631Z 	at kafka.server.RemoteLeaderEndPoint.fetch(RemoteLeaderEndPoint.scala:79)
kafka-3-1  | 2026-09-21T21:58:54.901671331Z 	at kafka.server.AbstractFetcherThread.processFetchRequest(AbstractFetcherThread.scala:317)
kafka-3-1  | 2026-09-21T21:58:54.901673031Z 	at kafka.server.AbstractFetcherThread.$anonfun$maybeFetch$3(AbstractFetcherThread.scala:131)
kafka-3-1  | 2026-09-21T21:58:54.901674831Z 	at kafka.server.AbstractFetcherThread.$anonfun$maybeFetch$3$adapted(AbstractFetcherThread.scala:130)
kafka-3-1  | 2026-09-21T21:58:54.901676531Z 	at scala.Option.foreach(Option.scala:437)
kafka-3-1  | 2026-09-21T21:58:54.901678232Z 	at kafka.server.AbstractFetcherThread.maybeFetch(AbstractFetcherThread.scala:130)
kafka-3-1  | 2026-09-21T21:58:54.901679932Z 	at kafka.server.AbstractFetcherThread.doWork(AbstractFetcherThread.scala:113)
kafka-3-1  | 2026-09-21T21:58:54.901681532Z 	at kafka.server.ReplicaFetcherThread.doWork(ReplicaFetcherThread.scala:98)
kafka-3-1  | 2026-09-21T21:58:54.901728536Z 	at org.apache.kafka.server.util.ShutdownableThread.run(ShutdownableThread.java:135)
kafka-3-1  | 2026-09-21T21:58:54.903878929Z [2026-09-21 21:58:54,902] WARN [ReplicaFetcher replicaId=3, leaderId=2, fetcherId=0] Error in response for fetch request (type=FetchRequest, replicaId=3, maxWait=500, minBytes=1, maxBytes=10485760, fetchData={}, isolationLevel=read_uncommitted, removed=, replaced=, metadata=(sessionId=472266530, epoch=779), rackId=) (kafka.server.ReplicaFetcherThread)
kafka-3-1  | 2026-09-21T21:58:54.903898131Z java.io.IOException: Connection to 2 was disconnected before the response was read
kafka-3-1  | 2026-09-21T21:58:54.903900031Z 	at org.apache.kafka.clients.NetworkClientUtils.sendAndReceive(NetworkClientUtils.java:100)
kafka-3-1  | 2026-09-21T21:58:54.903901731Z 	at kafka.server.BrokerBlockingSender.sendRequest(BrokerBlockingSender.scala:114)
kafka-3-1  | 2026-09-21T21:58:54.903902931Z 	at kafka.server.RemoteLeaderEndPoint.fetch(RemoteLeaderEndPoint.scala:79)
kafka-3-1  | 2026-09-21T21:58:54.903904132Z 	at kafka.server.AbstractFetcherThread.processFetchRequest(AbstractFetcherThread.scala:317)
kafka-3-1  | 2026-09-21T21:58:54.903905232Z 	at kafka.server.AbstractFetcherThread.$anonfun$maybeFetch$3(AbstractFetcherThread.scala:131)
kafka-3-1  | 2026-09-21T21:58:54.903906432Z 	at kafka.server.AbstractFetcherThread.$anonfun$maybeFetch$3$adapted(AbstractFetcherThread.scala:130)
kafka-3-1  | 2026-09-21T21:58:54.903907632Z 	at scala.Option.foreach(Option.scala:437)
kafka-3-1  | 2026-09-21T21:58:54.903909132Z 	at kafka.server.AbstractFetcherThread.maybeFetch(AbstractFetcherThread.scala:130)
kafka-3-1  | 2026-09-21T21:58:54.903910332Z 	at kafka.server.AbstractFetcherThread.doWork(AbstractFetcherThread.scala:113)
kafka-3-1  | 2026-09-21T21:58:54.903911532Z 	at kafka.server.ReplicaFetcherThread.doWork(ReplicaFetcherThread.scala:98)
kafka-3-1  | 2026-09-21T21:58:54.903912832Z 	at org.apache.kafka.server.util.ShutdownableThread.run(ShutdownableThread.java:135)
kafka-3-1  | 2026-09-21T21:58:56.781623902Z [2026-09-21 21:58:56,781] INFO [RaftManager id=3] Become candidate due to fetch timeout (org.apache.kafka.raft.KafkaRaftClient)
kafka-3-1  | 2026-09-21T21:58:56.789624221Z [2026-09-21 21:58:56,789] INFO [RaftManager id=3] Completed transition to CandidateState(localId=3, localDirectoryId=QukmSeglCMS7LFiAJF213g,epoch=2, retries=1, voteStates={1=UNRECORDED, 2=UNRECORDED, 3=GRANTED}, highWatermark=Optional[LogOffsetMetadata(offset=869, metadata=Optional.empty)], electionTimeoutMs=1420) from FollowerState(fetchTimeoutMs=2000, epoch=1, leader=kafka-2:9093 (id: 2 rack: null) voters=[1, 2, 3], highWatermark=Optional[LogOffsetMetadata(offset=869, metadata=Optional.empty)], fetchingSnapshot=Optional.empty) (org.apache.kafka.raft.QuorumState)
kafka-3-1  | 2026-09-21T21:58:56.796608749Z [2026-09-21 21:58:56,796] INFO [RaftManager id=3] Vote request VoteRequestData(clusterId='5L6g3nShT-eMCtK--X86sw', topics=[TopicData(topicName='__cluster_metadata', partitions=[PartitionData(partitionIndex=0, candidateEpoch=2, candidateId=1, lastOffsetEpoch=1, lastOffset=870)])]) with epoch 2 is rejected (org.apache.kafka.raft.KafkaRaftClient)
kafka-3-1  | 2026-09-21T21:58:58.202216986Z [2026-09-21 21:58:58,201] INFO [RaftManager id=3] Election has timed out, backing off for 0ms before becoming a candidate again (org.apache.kafka.raft.KafkaRaftClient)
kafka-3-1  | 2026-09-21T21:58:58.202248489Z [2026-09-21 21:58:58,201] INFO [RaftManager id=3] Re-elect as candidate after election backoff has completed (org.apache.kafka.raft.KafkaRaftClient)
kafka-3-1  | 2026-09-21T21:58:58.210549935Z [2026-09-21 21:58:58,210] INFO [RaftManager id=3] Completed transition to CandidateState(localId=3, localDirectoryId=QukmSeglCMS7LFiAJF213g,epoch=3, retries=2, voteStates={1=UNRECORDED, 2=UNRECORDED, 3=GRANTED}, highWatermark=Optional[LogOffsetMetadata(offset=869, metadata=Optional.empty)], electionTimeoutMs=1421) from CandidateState(localId=3, localDirectoryId=QukmSeglCMS7LFiAJF213g,epoch=2, retries=1, voteStates={1=REJECTED, 2=UNRECORDED, 3=GRANTED}, highWatermark=Optional[LogOffsetMetadata(offset=869, metadata=Optional.empty)], electionTimeoutMs=1420) (org.apache.kafka.raft.QuorumState)
kafka-3-1  | 2026-09-21T21:58:58.236787994Z [2026-09-21 21:58:58,236] INFO [RaftManager id=3] Completed transition to Leader(localId=3, epoch=3, epochStartOffset=870, highWatermark=Optional.empty, voterStates={1=ReplicaState(nodeId=1, endOffset=Optional.empty, lastFetchTimestamp=-1, lastCaughtUpTimestamp=-1, hasAcknowledgedLeader=false), 2=ReplicaState(nodeId=2, endOffset=Optional.empty, lastFetchTimestamp=-1, lastCaughtUpTimestamp=-1, hasAcknowledgedLeader=false), 3=ReplicaState(nodeId=3, endOffset=Optional.empty, lastFetchTimestamp=-1, lastCaughtUpTimestamp=-1, hasAcknowledgedLeader=true)}) from CandidateState(localId=3, localDirectoryId=QukmSeglCMS7LFiAJF213g,epoch=3, retries=2, voteStates={1=GRANTED, 2=UNRECORDED, 3=GRANTED}, highWatermark=Optional[LogOffsetMetadata(offset=869, metadata=Optional.empty)], electionTimeoutMs=1421) (org.apache.kafka.raft.QuorumState)
kafka-3-1  | 2026-09-21T21:58:58.284884217Z [2026-09-21 21:58:58,284] INFO [RaftManager id=3] High watermark set to LogOffsetMetadata(offset=871, metadata=Optional[(segmentBaseOffset=0,relativePositionInSegment=65662)]) for the first time for epoch 3 based on indexOfHw 1 and voters [ReplicaState(nodeId=1, endOffset=Optional[LogOffsetMetadata(offset=871, metadata=Optional[(segmentBaseOffset=0,relativePositionInSegment=65662)])], lastFetchTimestamp=1790027938284, lastCaughtUpTimestamp=1790027938284, hasAcknowledgedLeader=true), ReplicaState(nodeId=3, endOffset=Optional[LogOffsetMetadata(offset=871, metadata=Optional[(segmentBaseOffset=0,relativePositionInSegment=65662)])], lastFetchTimestamp=-1, lastCaughtUpTimestamp=-1, hasAcknowledgedLeader=true), ReplicaState(nodeId=2, endOffset=Optional.empty, lastFetchTimestamp=-1, lastCaughtUpTimestamp=-1, hasAcknowledgedLeader=false)] (org.apache.kafka.raft.LeaderState)
kafka-3-1  | 2026-09-21T21:58:59.833265386Z [2026-09-21 21:58:59,832] INFO [broker-3-to-controller-heartbeat-channel-manager]: Recorded new KRaft controller, from now on will use node kafka-3:9093 (id: 3 rack: null) (kafka.server.NodeToControllerRequestThread)
kafka-3-1  | 2026-09-21T21:58:59.833765131Z [2026-09-21 21:58:59,833] INFO [BrokerLifecycleManager id=3] Unable to send a heartbeat because the RPC got timed out before it could be sent. (kafka.server.BrokerLifecycleManager)
kafka-3-1  | 2026-09-21T21:59:05.945595010Z [2026-09-21 21:59:05,945] INFO [NodeToControllerChannelManager id=3 name=heartbeat] Disconnecting from node 2 due to socket connection setup timeout. The timeout value is 8876 ms. (org.apache.kafka.clients.NetworkClient)
kafka-3-1  | 2026-09-21T21:59:06.252949181Z [2026-09-21 21:59:06,252] INFO [RaftManager id=3] Disconnecting from node 2 due to socket connection setup timeout. The timeout value is 10891 ms. (org.apache.kafka.clients.NetworkClient)
kafka-3-1  | 2026-09-21T21:59:07.346016245Z [2026-09-21 21:59:07,345] INFO [ReplicaFetcherManager on broker 3] Removed fetcher for partitions Set(__consumer_offsets-48, __consumer_offsets-13, __consumer_offsets-11, __consumer_offsets-42, __consumer_offsets-21, __consumer_offsets-17, __consumer_offsets-30, __consumer_offsets-38, __consumer_offsets-3, dados-sensores-0, __consumer_offsets-1, dados-sensores-2, __consumer_offsets-45, __consumer_offsets-43, __consumer_offsets-41, __consumer_offsets-10, __consumer_offsets-22, __consumer_offsets-20, __consumer_offsets-49, __consumer_offsets-18, dados-sensores-5, __consumer_offsets-31, __consumer_offsets-29, __consumer_offsets-25, __consumer_offsets-39, __consumer_offsets-37, __consumer_offsets-6, __consumer_offsets-35, __consumer_offsets-4, dados-sensores-3, __consumer_offsets-33, __consumer_offsets-2) (kafka.server.ReplicaFetcherManager)
kafka-3-1  | 2026-09-21T21:59:07.438256279Z [2026-09-21 21:59:07,437] INFO [ReplicaFetcherManager on broker 3] Removed fetcher for partitions Set(__consumer_offsets-15, __consumer_offsets-14, __consumer_offsets-46, __consumer_offsets-27, __consumer_offsets-26, __consumer_offsets-7) (kafka.server.ReplicaFetcherManager)
kafka-3-1  | 2026-09-21T21:59:07.439140959Z [2026-09-21 21:59:07,438] INFO [ReplicaFetcherManager on broker 3] Added fetcher to broker 1 for partitions HashMap(__consumer_offsets-15 -> InitialFetchState(Some(um97SpqTSEC74qR1Iu-qow),BrokerEndPoint(id=1, host=kafka-1:9092),1,0), __consumer_offsets-14 -> InitialFetchState(Some(um97SpqTSEC74qR1Iu-qow),BrokerEndPoint(id=1, host=kafka-1:9092),1,0), __consumer_offsets-46 -> InitialFetchState(Some(um97SpqTSEC74qR1Iu-qow),BrokerEndPoint(id=1, host=kafka-1:9092),1,0), __consumer_offsets-27 -> InitialFetchState(Some(um97SpqTSEC74qR1Iu-qow),BrokerEndPoint(id=1, host=kafka-1:9092),1,0), __consumer_offsets-26 -> InitialFetchState(Some(um97SpqTSEC74qR1Iu-qow),BrokerEndPoint(id=1, host=kafka-1:9092),1,0), __consumer_offsets-7 -> InitialFetchState(Some(um97SpqTSEC74qR1Iu-qow),BrokerEndPoint(id=1, host=kafka-1:9092),1,0)) (kafka.server.ReplicaFetcherManager)
kafka-3-1  | 2026-09-21T21:59:07.440027439Z [2026-09-21 21:59:07,439] INFO [ReplicaFetcherThread-0-2]: Shutting down (kafka.server.ReplicaFetcherThread)
kafka-3-1  | 2026-09-21T21:59:07.441059132Z [2026-09-21 21:59:07,440] INFO [ReplicaFetcher replicaId=3, leaderId=2, fetcherId=0] Client requested connection close from node 2 (org.apache.kafka.clients.NetworkClient)
kafka-3-1  | 2026-09-21T21:59:07.441331057Z [2026-09-21 21:59:07,441] INFO [ReplicaFetcher replicaId=3, leaderId=2, fetcherId=0] Error sending fetch request (sessionId=472266530, epoch=INITIAL) to node 2: (org.apache.kafka.clients.FetchSessionHandler)
kafka-3-1  | 2026-09-21T21:59:07.441338957Z org.apache.kafka.common.errors.DisconnectException: NetworkClient is no longer active, state is CLOSING
kafka-3-1  | 2026-09-21T21:59:07.441566078Z [2026-09-21 21:59:07,441] INFO [ReplicaFetcherThread-0-2]: Stopped (kafka.server.ReplicaFetcherThread)
kafka-3-1  | 2026-09-21T21:59:07.442379751Z [2026-09-21 21:59:07,441] INFO [ReplicaFetcherThread-0-2]: Shutdown completed (kafka.server.ReplicaFetcherThread)
kafka-3-1  | 2026-09-21T21:59:07.445455329Z [2026-09-21 21:59:07,445] INFO [GroupCoordinator 3]: Elected as the group coordinator for partition 48 in epoch 1 (kafka.coordinator.group.GroupCoordinator)
kafka-3-1  | 2026-09-21T21:59:07.445476631Z [2026-09-21 21:59:07,445] INFO [GroupMetadataManager brokerId=3] Scheduling loading of offsets and group metadata from __consumer_offsets-48 for epoch 1 (kafka.coordinator.group.GroupMetadataManager)
kafka-3-1  | 2026-09-21T21:59:07.445479031Z [2026-09-21 21:59:07,445] INFO [GroupCoordinator 3]: Elected as the group coordinator for partition 30 in epoch 1 (kafka.coordinator.group.GroupCoordinator)
kafka-3-1  | 2026-09-21T21:59:07.445480532Z [2026-09-21 21:59:07,445] INFO [GroupMetadataManager brokerId=3] Scheduling loading of offsets and group metadata from __consumer_offsets-30 for epoch 1 (kafka.coordinator.group.GroupMetadataManager)
kafka-3-1  | 2026-09-21T21:59:07.445530136Z [2026-09-21 21:59:07,445] INFO [GroupCoordinator 3]: Elected as the group coordinator for partition 41 in epoch 1 (kafka.coordinator.group.GroupCoordinator)
kafka-3-1  | 2026-09-21T21:59:07.445975076Z [2026-09-21 21:59:07,445] INFO [GroupMetadataManager brokerId=3] Scheduling loading of offsets and group metadata from __consumer_offsets-41 for epoch 1 (kafka.coordinator.group.GroupMetadataManager)
kafka-3-1  | 2026-09-21T21:59:07.445987477Z [2026-09-21 21:59:07,445] INFO [GroupCoordinator 3]: Elected as the group coordinator for partition 10 in epoch 1 (kafka.coordinator.group.GroupCoordinator)
kafka-3-1  | 2026-09-21T21:59:07.446018280Z [2026-09-21 21:59:07,445] INFO [GroupMetadataManager brokerId=3] Scheduling loading of offsets and group metadata from __consumer_offsets-10 for epoch 1 (kafka.coordinator.group.GroupMetadataManager)
kafka-3-1  | 2026-09-21T21:59:07.446022080Z [2026-09-21 21:59:07,445] INFO [GroupCoordinator 3]: Elected as the group coordinator for partition 42 in epoch 1 (kafka.coordinator.group.GroupCoordinator)
kafka-3-1  | 2026-09-21T21:59:07.446023581Z [2026-09-21 21:59:07,445] INFO [GroupMetadataManager brokerId=3] Scheduling loading of offsets and group metadata from __consumer_offsets-42 for epoch 1 (kafka.coordinator.group.GroupMetadataManager)
kafka-3-1  | 2026-09-21T21:59:07.446054183Z [2026-09-21 21:59:07,446] INFO [GroupCoordinator 3]: Elected as the group coordinator for partition 21 in epoch 1 (kafka.coordinator.group.GroupCoordinator)
kafka-3-1  | 2026-09-21T21:59:07.446179795Z [2026-09-21 21:59:07,446] INFO [GroupMetadataManager brokerId=3] Scheduling loading of offsets and group metadata from __consumer_offsets-21 for epoch 1 (kafka.coordinator.group.GroupMetadataManager)
kafka-3-1  | 2026-09-21T21:59:07.446184895Z [2026-09-21 21:59:07,446] INFO [GroupCoordinator 3]: Elected as the group coordinator for partition 37 in epoch 1 (kafka.coordinator.group.GroupCoordinator)
kafka-3-1  | 2026-09-21T21:59:07.446392314Z [2026-09-21 21:59:07,446] INFO [GroupMetadataManager brokerId=3] Scheduling loading of offsets and group metadata from __consumer_offsets-37 for epoch 1 (kafka.coordinator.group.GroupMetadataManager)
kafka-3-1  | 2026-09-21T21:59:07.446399515Z [2026-09-21 21:59:07,446] INFO [GroupCoordinator 3]: Elected as the group coordinator for partition 3 in epoch 1 (kafka.coordinator.group.GroupCoordinator)
kafka-3-1  | 2026-09-21T21:59:07.446401415Z [2026-09-21 21:59:07,446] INFO [GroupMetadataManager brokerId=3] Scheduling loading of offsets and group metadata from __consumer_offsets-3 for epoch 1 (kafka.coordinator.group.GroupMetadataManager)
kafka-3-1  | 2026-09-21T21:59:07.446403015Z [2026-09-21 21:59:07,446] INFO [GroupCoordinator 3]: Elected as the group coordinator for partition 35 in epoch 1 (kafka.coordinator.group.GroupCoordinator)
kafka-3-1  | 2026-09-21T21:59:07.446404415Z [2026-09-21 21:59:07,446] INFO [GroupMetadataManager brokerId=3] Scheduling loading of offsets and group metadata from __consumer_offsets-35 for epoch 1 (kafka.coordinator.group.GroupMetadataManager)
kafka-3-1  | 2026-09-21T21:59:07.446405915Z [2026-09-21 21:59:07,446] INFO [GroupCoordinator 3]: Elected as the group coordinator for partition 20 in epoch 1 (kafka.coordinator.group.GroupCoordinator)
kafka-3-1  | 2026-09-21T21:59:07.446407215Z [2026-09-21 21:59:07,446] INFO [GroupMetadataManager brokerId=3] Scheduling loading of offsets and group metadata from __consumer_offsets-20 for epoch 1 (kafka.coordinator.group.GroupMetadataManager)
kafka-3-1  | 2026-09-21T21:59:07.446477422Z [2026-09-21 21:59:07,446] INFO [GroupCoordinator 3]: Elected as the group coordinator for partition 1 in epoch 1 (kafka.coordinator.group.GroupCoordinator)
kafka-3-1  | 2026-09-21T21:59:07.447282294Z [2026-09-21 21:59:07,447] INFO [GroupMetadataManager brokerId=3] Scheduling loading of offsets and group metadata from __consumer_offsets-1 for epoch 1 (kafka.coordinator.group.GroupMetadataManager)
kafka-3-1  | 2026-09-21T21:59:07.447422107Z [2026-09-21 21:59:07,447] INFO [GroupCoordinator 3]: Resigned as the group coordinator for partition 15 in epoch OptionalInt[1] (kafka.coordinator.group.GroupCoordinator)
kafka-3-1  | 2026-09-21T21:59:07.447429808Z [2026-09-21 21:59:07,447] INFO [GroupMetadataManager brokerId=3] Finished loading offsets and group metadata from __consumer_offsets-48 in 0 milliseconds for epoch 1, of which 0 milliseconds was spent in the scheduler. (kafka.coordinator.group.GroupMetadataManager)
kafka-3-1  | 2026-09-21T21:59:07.447431908Z [2026-09-21 21:59:07,447] INFO [GroupMetadataManager brokerId=3] Scheduling unloading of offsets and group metadata from __consumer_offsets-15 (kafka.coordinator.group.GroupMetadataManager)
kafka-3-1  | 2026-09-21T21:59:07.447691831Z [2026-09-21 21:59:07,447] INFO [GroupCoordinator 3]: Resigned as the group coordinator for partition 47 in epoch OptionalInt[0] (kafka.coordinator.group.GroupCoordinator)
kafka-3-1  | 2026-09-21T21:59:07.447698932Z [2026-09-21 21:59:07,447] INFO [GroupMetadataManager brokerId=3] Scheduling unloading of offsets and group metadata from __consumer_offsets-47 (kafka.coordinator.group.GroupMetadataManager)
kafka-3-1  | 2026-09-21T21:59:07.447700732Z [2026-09-21 21:59:07,447] INFO [GroupCoordinator 3]: Resigned as the group coordinator for partition 16 in epoch OptionalInt[0] (kafka.coordinator.group.GroupCoordinator)
kafka-3-1  | 2026-09-21T21:59:07.447702332Z [2026-09-21 21:59:07,447] INFO [GroupMetadataManager brokerId=3] Scheduling unloading of offsets and group metadata from __consumer_offsets-16 (kafka.coordinator.group.GroupMetadataManager)
kafka-3-1  | 2026-09-21T21:59:07.447703732Z [2026-09-21 21:59:07,447] INFO [GroupCoordinator 3]: Resigned as the group coordinator for partition 14 in epoch OptionalInt[1] (kafka.coordinator.group.GroupCoordinator)
kafka-3-1  | 2026-09-21T21:59:07.447705033Z [2026-09-21 21:59:07,447] INFO [GroupMetadataManager brokerId=3] Scheduling unloading of offsets and group metadata from __consumer_offsets-14 (kafka.coordinator.group.GroupMetadataManager)
kafka-3-1  | 2026-09-21T21:59:07.447706533Z [2026-09-21 21:59:07,447] INFO [GroupCoordinator 3]: Resigned as the group coordinator for partition 46 in epoch OptionalInt[1] (kafka.coordinator.group.GroupCoordinator)
kafka-3-1  | 2026-09-21T21:59:07.447707833Z [2026-09-21 21:59:07,447] INFO [GroupMetadataManager brokerId=3] Scheduling unloading of offsets and group metadata from __consumer_offsets-46 (kafka.coordinator.group.GroupMetadataManager)
kafka-3-1  | 2026-09-21T21:59:07.447709233Z [2026-09-21 21:59:07,447] INFO [GroupCoordinator 3]: Resigned as the group coordinator for partition 12 in epoch OptionalInt[0] (kafka.coordinator.group.GroupCoordinator)
kafka-3-1  | 2026-09-21T21:59:07.447710533Z [2026-09-21 21:59:07,447] INFO [GroupMetadataManager brokerId=3] Scheduling unloading of offsets and group metadata from __consumer_offsets-12 (kafka.coordinator.group.GroupMetadataManager)
kafka-3-1  | 2026-09-21T21:59:07.447713233Z [2026-09-21 21:59:07,447] INFO [GroupMetadataManager brokerId=3] Finished loading offsets and group metadata from __consumer_offsets-30 in 2 milliseconds for epoch 1, of which 2 milliseconds was spent in the scheduler. (kafka.coordinator.group.GroupMetadataManager)
kafka-3-1  | 2026-09-21T21:59:07.447768838Z [2026-09-21 21:59:07,447] INFO [GroupCoordinator 3]: Resigned as the group coordinator for partition 44 in epoch OptionalInt[0] (kafka.coordinator.group.GroupCoordinator)
kafka-3-1  | 2026-09-21T21:59:07.447790340Z [2026-09-21 21:59:07,447] INFO [GroupMetadataManager brokerId=3] Scheduling unloading of offsets and group metadata from __consumer_offsets-44 (kafka.coordinator.group.GroupMetadataManager)
kafka-3-1  | 2026-09-21T21:59:07.447824543Z [2026-09-21 21:59:07,447] INFO [GroupMetadataManager brokerId=3] Finished loading offsets and group metadata from __consumer_offsets-41 in 2 milliseconds for epoch 1, of which 2 milliseconds was spent in the scheduler. (kafka.coordinator.group.GroupMetadataManager)
kafka-3-1  | 2026-09-21T21:59:07.447829044Z [2026-09-21 21:59:07,447] INFO [GroupCoordinator 3]: Resigned as the group coordinator for partition 9 in epoch OptionalInt[0] (kafka.coordinator.group.GroupCoordinator)
kafka-3-1  | 2026-09-21T21:59:07.447848446Z [2026-09-21 21:59:07,447] INFO [GroupMetadataManager brokerId=3] Scheduling unloading of offsets and group metadata from __consumer_offsets-9 (kafka.coordinator.group.GroupMetadataManager)
kafka-3-1  | 2026-09-21T21:59:07.447852046Z [2026-09-21 21:59:07,447] INFO [GroupCoordinator 3]: Resigned as the group coordinator for partition 23 in epoch OptionalInt[0] (kafka.coordinator.group.GroupCoordinator)
kafka-3-1  | 2026-09-21T21:59:07.447906351Z [2026-09-21 21:59:07,447] INFO [GroupMetadataManager brokerId=3] Scheduling unloading of offsets and group metadata from __consumer_offsets-23 (kafka.coordinator.group.GroupMetadataManager)
kafka-3-1  | 2026-09-21T21:59:07.447913751Z [2026-09-21 21:59:07,447] INFO [GroupMetadataManager brokerId=3] Finished loading offsets and group metadata from __consumer_offsets-10 in 2 milliseconds for epoch 1, of which 2 milliseconds was spent in the scheduler. (kafka.coordinator.group.GroupMetadataManager)
kafka-3-1  | 2026-09-21T21:59:07.448098668Z [2026-09-21 21:59:07,447] INFO [GroupCoordinator 3]: Resigned as the group coordinator for partition 24 in epoch OptionalInt[0] (kafka.coordinator.group.GroupCoordinator)
kafka-3-1  | 2026-09-21T21:59:07.448120670Z [2026-09-21 21:59:07,448] INFO [GroupMetadataManager brokerId=3] Finished loading offsets and group metadata from __consumer_offsets-42 in 2 milliseconds for epoch 1, of which 1 milliseconds was spent in the scheduler. (kafka.coordinator.group.GroupMetadataManager)
kafka-3-1  | 2026-09-21T21:59:07.448700022Z [2026-09-21 21:59:07,448] INFO [GroupMetadataManager brokerId=3] Finished loading offsets and group metadata from __consumer_offsets-21 in 2 milliseconds for epoch 1, of which 2 milliseconds was spent in the scheduler. (kafka.coordinator.group.GroupMetadataManager)
kafka-3-1  | 2026-09-21T21:59:07.448707423Z [2026-09-21 21:59:07,448] INFO [GroupMetadataManager brokerId=3] Scheduling unloading of offsets and group metadata from __consumer_offsets-24 (kafka.coordinator.group.GroupMetadataManager)
kafka-3-1  | 2026-09-21T21:59:07.448709723Z [2026-09-21 21:59:07,448] INFO [GroupMetadataManager brokerId=3] Finished loading offsets and group metadata from __consumer_offsets-37 in 2 milliseconds for epoch 1, of which 2 milliseconds was spent in the scheduler. (kafka.coordinator.group.GroupMetadataManager)
kafka-3-1  | 2026-09-21T21:59:07.448711423Z [2026-09-21 21:59:07,448] INFO [GroupCoordinator 3]: Resigned as the group coordinator for partition 19 in epoch OptionalInt[0] (kafka.coordinator.group.GroupCoordinator)
kafka-3-1  | 2026-09-21T21:59:07.448712824Z [2026-09-21 21:59:07,448] INFO [GroupMetadataManager brokerId=3] Scheduling unloading of offsets and group metadata from __consumer_offsets-19 (kafka.coordinator.group.GroupMetadataManager)
kafka-3-1  | 2026-09-21T21:59:07.448722524Z [2026-09-21 21:59:07,448] INFO [GroupMetadataManager brokerId=3] Finished loading offsets and group metadata from __consumer_offsets-3 in 2 milliseconds for epoch 1, of which 2 milliseconds was spent in the scheduler. (kafka.coordinator.group.GroupMetadataManager)
kafka-3-1  | 2026-09-21T21:59:07.448724325Z [2026-09-21 21:59:07,448] INFO [GroupCoordinator 3]: Resigned as the group coordinator for partition 0 in epoch OptionalInt[0] (kafka.coordinator.group.GroupCoordinator)
kafka-3-1  | 2026-09-21T21:59:07.448725725Z [2026-09-21 21:59:07,448] INFO [GroupMetadataManager brokerId=3] Scheduling unloading of offsets and group metadata from __consumer_offsets-0 (kafka.coordinator.group.GroupMetadataManager)
kafka-3-1  | 2026-09-21T21:59:07.448727025Z [2026-09-21 21:59:07,448] INFO [GroupCoordinator 3]: Resigned as the group coordinator for partition 32 in epoch OptionalInt[0] (kafka.coordinator.group.GroupCoordinator)
kafka-3-1  | 2026-09-21T21:59:07.448728925Z [2026-09-21 21:59:07,448] INFO [GroupMetadataManager brokerId=3] Finished loading offsets and group metadata from __consumer_offsets-35 in 2 milliseconds for epoch 1, of which 2 milliseconds was spent in the scheduler. (kafka.coordinator.group.GroupMetadataManager)
kafka-3-1  | 2026-09-21T21:59:07.448730525Z [2026-09-21 21:59:07,448] INFO [GroupMetadataManager brokerId=3] Scheduling unloading of offsets and group metadata from __consumer_offsets-32 (kafka.coordinator.group.GroupMetadataManager)
kafka-3-1  | 2026-09-21T21:59:07.448731825Z [2026-09-21 21:59:07,448] INFO [GroupMetadataManager brokerId=3] Finished loading offsets and group metadata from __consumer_offsets-20 in 2 milliseconds for epoch 1, of which 2 milliseconds was spent in the scheduler. (kafka.coordinator.group.GroupMetadataManager)
kafka-3-1  | 2026-09-21T21:59:07.448733225Z [2026-09-21 21:59:07,448] INFO [GroupCoordinator 3]: Resigned as the group coordinator for partition 27 in epoch OptionalInt[1] (kafka.coordinator.group.GroupCoordinator)
kafka-3-1  | 2026-09-21T21:59:07.448734526Z [2026-09-21 21:59:07,448] INFO [GroupMetadataManager brokerId=3] Scheduling unloading of offsets and group metadata from __consumer_offsets-27 (kafka.coordinator.group.GroupMetadataManager)
kafka-3-1  | 2026-09-21T21:59:07.448736026Z [2026-09-21 21:59:07,448] INFO [GroupMetadataManager brokerId=3] Finished loading offsets and group metadata from __consumer_offsets-1 in 1 milliseconds for epoch 1, of which 1 milliseconds was spent in the scheduler. (kafka.coordinator.group.GroupMetadataManager)
kafka-3-1  | 2026-09-21T21:59:07.448737426Z [2026-09-21 21:59:07,448] INFO [GroupMetadataManager brokerId=3] Finished unloading __consumer_offsets-15 for coordinator epoch OptionalInt[1]. Removed 0 cached offsets and 0 cached groups. (kafka.coordinator.group.GroupMetadataManager)
kafka-3-1  | 2026-09-21T21:59:07.448738826Z [2026-09-21 21:59:07,448] INFO [GroupCoordinator 3]: Resigned as the group coordinator for partition 28 in epoch OptionalInt[0] (kafka.coordinator.group.GroupCoordinator)
kafka-3-1  | 2026-09-21T21:59:07.448740126Z [2026-09-21 21:59:07,448] INFO [GroupMetadataManager brokerId=3] Scheduling unloading of offsets and group metadata from __consumer_offsets-28 (kafka.coordinator.group.GroupMetadataManager)
kafka-3-1  | 2026-09-21T21:59:07.448741526Z [2026-09-21 21:59:07,448] INFO [GroupCoordinator 3]: Resigned as the group coordinator for partition 26 in epoch OptionalInt[1] (kafka.coordinator.group.GroupCoordinator)
kafka-3-1  | 2026-09-21T21:59:07.448784230Z [2026-09-21 21:59:07,448] INFO [GroupMetadataManager brokerId=3] Scheduling unloading of offsets and group metadata from __consumer_offsets-26 (kafka.coordinator.group.GroupMetadataManager)
kafka-3-1  | 2026-09-21T21:59:07.448814933Z [2026-09-21 21:59:07,448] INFO [GroupCoordinator 3]: Resigned as the group coordinator for partition 7 in epoch OptionalInt[1] (kafka.coordinator.group.GroupCoordinator)
kafka-3-1  | 2026-09-21T21:59:07.448818233Z [2026-09-21 21:59:07,448] INFO [GroupMetadataManager brokerId=3] Scheduling unloading of offsets and group metadata from __consumer_offsets-7 (kafka.coordinator.group.GroupMetadataManager)
kafka-3-1  | 2026-09-21T21:59:07.448954345Z [2026-09-21 21:59:07,448] INFO [GroupMetadataManager brokerId=3] Finished unloading __consumer_offsets-47 for coordinator epoch OptionalInt[0]. Removed 0 cached offsets and 0 cached groups. (kafka.coordinator.group.GroupMetadataManager)
kafka-3-1  | 2026-09-21T21:59:07.449237271Z [2026-09-21 21:59:07,448] INFO [GroupCoordinator 3]: Resigned as the group coordinator for partition 8 in epoch OptionalInt[0] (kafka.coordinator.group.GroupCoordinator)
kafka-3-1  | 2026-09-21T21:59:07.449338680Z [2026-09-21 21:59:07,449] INFO [GroupMetadataManager brokerId=3] Finished unloading __consumer_offsets-16 for coordinator epoch OptionalInt[0]. Removed 0 cached offsets and 0 cached groups. (kafka.coordinator.group.GroupMetadataManager)
kafka-3-1  | 2026-09-21T21:59:07.449547499Z [2026-09-21 21:59:07,449] INFO [GroupMetadataManager brokerId=3] Scheduling unloading of offsets and group metadata from __consumer_offsets-8 (kafka.coordinator.group.GroupMetadataManager)
kafka-3-1  | 2026-09-21T21:59:07.449555200Z [2026-09-21 21:59:07,449] INFO [GroupMetadataManager brokerId=3] Finished unloading __consumer_offsets-14 for coordinator epoch OptionalInt[1]. Removed 0 cached offsets and 0 cached groups. (kafka.coordinator.group.GroupMetadataManager)
kafka-3-1  | 2026-09-21T21:59:07.449557200Z [2026-09-21 21:59:07,449] INFO [GroupMetadataManager brokerId=3] Finished unloading __consumer_offsets-46 for coordinator epoch OptionalInt[1]. Removed 0 cached offsets and 0 cached groups. (kafka.coordinator.group.GroupMetadataManager)
kafka-3-1  | 2026-09-21T21:59:07.449758618Z [2026-09-21 21:59:07,449] INFO [GroupCoordinator 3]: Resigned as the group coordinator for partition 40 in epoch OptionalInt[0] (kafka.coordinator.group.GroupCoordinator)
kafka-3-1  | 2026-09-21T21:59:07.449780320Z [2026-09-21 21:59:07,449] INFO [GroupMetadataManager brokerId=3] Scheduling unloading of offsets and group metadata from __consumer_offsets-40 (kafka.coordinator.group.GroupMetadataManager)
kafka-3-1  | 2026-09-21T21:59:07.449782220Z [2026-09-21 21:59:07,449] INFO [GroupMetadataManager brokerId=3] Finished unloading __consumer_offsets-12 for coordinator epoch OptionalInt[0]. Removed 0 cached offsets and 0 cached groups. (kafka.coordinator.group.GroupMetadataManager)
kafka-3-1  | 2026-09-21T21:59:07.449949935Z [2026-09-21 21:59:07,449] INFO [GroupMetadataManager brokerId=3] Finished unloading __consumer_offsets-44 for coordinator epoch OptionalInt[0]. Removed 0 cached offsets and 0 cached groups. (kafka.coordinator.group.GroupMetadataManager)
kafka-3-1  | 2026-09-21T21:59:07.450133652Z [2026-09-21 21:59:07,449] INFO [GroupMetadataManager brokerId=3] Finished unloading __consumer_offsets-9 for coordinator epoch OptionalInt[0]. Removed 0 cached offsets and 0 cached groups. (kafka.coordinator.group.GroupMetadataManager)
kafka-3-1  | 2026-09-21T21:59:07.450141053Z [2026-09-21 21:59:07,449] INFO [GroupMetadataManager brokerId=3] Finished unloading __consumer_offsets-23 for coordinator epoch OptionalInt[0]. Removed 0 cached offsets and 0 cached groups. (kafka.coordinator.group.GroupMetadataManager)
kafka-3-1  | 2026-09-21T21:59:07.450150053Z [2026-09-21 21:59:07,450] INFO [GroupMetadataManager brokerId=3] Finished unloading __consumer_offsets-24 for coordinator epoch OptionalInt[0]. Removed 0 cached offsets and 0 cached groups. (kafka.coordinator.group.GroupMetadataManager)
kafka-3-1  | 2026-09-21T21:59:07.450151954Z [2026-09-21 21:59:07,450] INFO [GroupMetadataManager brokerId=3] Finished unloading __consumer_offsets-19 for coordinator epoch OptionalInt[0]. Removed 0 cached offsets and 0 cached groups. (kafka.coordinator.group.GroupMetadataManager)
kafka-3-1  | 2026-09-21T21:59:07.450158654Z [2026-09-21 21:59:07,450] INFO [GroupMetadataManager brokerId=3] Finished unloading __consumer_offsets-0 for coordinator epoch OptionalInt[0]. Removed 0 cached offsets and 0 cached groups. (kafka.coordinator.group.GroupMetadataManager)
kafka-3-1  | 2026-09-21T21:59:07.450277665Z [2026-09-21 21:59:07,450] INFO [GroupMetadataManager brokerId=3] Finished unloading __consumer_offsets-32 for coordinator epoch OptionalInt[0]. Removed 0 cached offsets and 0 cached groups. (kafka.coordinator.group.GroupMetadataManager)
kafka-3-1  | 2026-09-21T21:59:07.450284666Z [2026-09-21 21:59:07,450] INFO [GroupMetadataManager brokerId=3] Finished unloading __consumer_offsets-27 for coordinator epoch OptionalInt[1]. Removed 0 cached offsets and 0 cached groups. (kafka.coordinator.group.GroupMetadataManager)
kafka-3-1  | 2026-09-21T21:59:07.450375074Z [2026-09-21 21:59:07,450] INFO [GroupMetadataManager brokerId=3] Finished unloading __consumer_offsets-28 for coordinator epoch OptionalInt[0]. Removed 0 cached offsets and 0 cached groups. (kafka.coordinator.group.GroupMetadataManager)
kafka-3-1  | 2026-09-21T21:59:07.450576692Z [2026-09-21 21:59:07,450] INFO [GroupMetadataManager brokerId=3] Finished unloading __consumer_offsets-26 for coordinator epoch OptionalInt[1]. Removed 0 cached offsets and 0 cached groups. (kafka.coordinator.group.GroupMetadataManager)
kafka-3-1  | 2026-09-21T21:59:07.450696203Z [2026-09-21 21:59:07,450] INFO [GroupMetadataManager brokerId=3] Finished unloading __consumer_offsets-7 for coordinator epoch OptionalInt[1]. Removed 0 cached offsets and 0 cached groups. (kafka.coordinator.group.GroupMetadataManager)
kafka-3-1  | 2026-09-21T21:59:07.450703403Z [2026-09-21 21:59:07,449] INFO [GroupCoordinator 3]: Resigned as the group coordinator for partition 5 in epoch OptionalInt[0] (kafka.coordinator.group.GroupCoordinator)
kafka-3-1  | 2026-09-21T21:59:07.450953026Z [2026-09-21 21:59:07,450] INFO [GroupMetadataManager brokerId=3] Scheduling unloading of offsets and group metadata from __consumer_offsets-5 (kafka.coordinator.group.GroupMetadataManager)
kafka-3-1  | 2026-09-21T21:59:07.450959927Z [2026-09-21 21:59:07,450] INFO [GroupMetadataManager brokerId=3] Finished unloading __consumer_offsets-8 for coordinator epoch OptionalInt[0]. Removed 0 cached offsets and 0 cached groups. (kafka.coordinator.group.GroupMetadataManager)
kafka-3-1  | 2026-09-21T21:59:07.450961827Z [2026-09-21 21:59:07,450] INFO [GroupMetadataManager brokerId=3] Finished unloading __consumer_offsets-40 for coordinator epoch OptionalInt[0]. Removed 0 cached offsets and 0 cached groups. (kafka.coordinator.group.GroupMetadataManager)
kafka-3-1  | 2026-09-21T21:59:07.451103140Z [2026-09-21 21:59:07,450] INFO [GroupMetadataManager brokerId=3] Finished unloading __consumer_offsets-5 for coordinator epoch OptionalInt[0]. Removed 0 cached offsets and 0 cached groups. (kafka.coordinator.group.GroupMetadataManager)
kafka-3-1  | 2026-09-21T21:59:07.451110340Z [2026-09-21 21:59:07,450] INFO [GroupCoordinator 3]: Resigned as the group coordinator for partition 36 in epoch OptionalInt[0] (kafka.coordinator.group.GroupCoordinator)
kafka-3-1  | 2026-09-21T21:59:07.451119241Z [2026-09-21 21:59:07,450] INFO [GroupMetadataManager brokerId=3] Scheduling unloading of offsets and group metadata from __consumer_offsets-36 (kafka.coordinator.group.GroupMetadataManager)
kafka-3-1  | 2026-09-21T21:59:07.451121041Z [2026-09-21 21:59:07,451] INFO [GroupCoordinator 3]: Resigned as the group coordinator for partition 34 in epoch OptionalInt[0] (kafka.coordinator.group.GroupCoordinator)
kafka-3-1  | 2026-09-21T21:59:07.451122441Z [2026-09-21 21:59:07,451] INFO [GroupMetadataManager brokerId=3] Scheduling unloading of offsets and group metadata from __consumer_offsets-34 (kafka.coordinator.group.GroupMetadataManager)
kafka-3-1  | 2026-09-21T21:59:07.452208039Z [2026-09-21 21:59:07,451] INFO [GroupMetadataManager brokerId=3] Finished unloading __consumer_offsets-36 for coordinator epoch OptionalInt[0]. Removed 0 cached offsets and 0 cached groups. (kafka.coordinator.group.GroupMetadataManager)
kafka-3-1  | 2026-09-21T21:59:07.452223241Z [2026-09-21 21:59:07,452] INFO [GroupMetadataManager brokerId=3] Finished unloading __consumer_offsets-34 for coordinator epoch OptionalInt[0]. Removed 0 cached offsets and 0 cached groups. (kafka.coordinator.group.GroupMetadataManager)
kafka-3-1  | 2026-09-21T21:59:07.879687864Z [2026-09-21 21:59:07,879] INFO [ReplicaFetcher replicaId=3, leaderId=1, fetcherId=0] Truncating partition __consumer_offsets-15 with TruncationState(offset=0, completed=true) due to local high watermark 0 (kafka.server.ReplicaFetcherThread)
kafka-3-1  | 2026-09-21T21:59:07.879712066Z [2026-09-21 21:59:07,879] INFO [UnifiedLog partition=__consumer_offsets-15, dir=/tmp/kafka-logs] Truncating to 0 has no effect as the largest offset in the log is -1 (kafka.log.UnifiedLog)
kafka-3-1  | 2026-09-21T21:59:07.879823076Z [2026-09-21 21:59:07,879] INFO [ReplicaFetcher replicaId=3, leaderId=1, fetcherId=0] Truncating partition __consumer_offsets-14 with TruncationState(offset=0, completed=true) due to local high watermark 0 (kafka.server.ReplicaFetcherThread)
kafka-3-1  | 2026-09-21T21:59:07.881059488Z [2026-09-21 21:59:07,879] INFO [UnifiedLog partition=__consumer_offsets-14, dir=/tmp/kafka-logs] Truncating to 0 has no effect as the largest offset in the log is -1 (kafka.log.UnifiedLog)
kafka-3-1  | 2026-09-21T21:59:07.881073089Z [2026-09-21 21:59:07,879] INFO [ReplicaFetcher replicaId=3, leaderId=1, fetcherId=0] Truncating partition __consumer_offsets-46 with TruncationState(offset=0, completed=true) due to local high watermark 0 (kafka.server.ReplicaFetcherThread)
kafka-3-1  | 2026-09-21T21:59:07.881075090Z [2026-09-21 21:59:07,879] INFO [UnifiedLog partition=__consumer_offsets-46, dir=/tmp/kafka-logs] Truncating to 0 has no effect as the largest offset in the log is -1 (kafka.log.UnifiedLog)
kafka-3-1  | 2026-09-21T21:59:07.881076690Z [2026-09-21 21:59:07,880] INFO [ReplicaFetcher replicaId=3, leaderId=1, fetcherId=0] Truncating partition __consumer_offsets-27 with TruncationState(offset=0, completed=true) due to local high watermark 0 (kafka.server.ReplicaFetcherThread)
kafka-3-1  | 2026-09-21T21:59:07.881078290Z [2026-09-21 21:59:07,880] INFO [UnifiedLog partition=__consumer_offsets-27, dir=/tmp/kafka-logs] Truncating to 0 has no effect as the largest offset in the log is -1 (kafka.log.UnifiedLog)
kafka-3-1  | 2026-09-21T21:59:07.881079690Z [2026-09-21 21:59:07,880] INFO [ReplicaFetcher replicaId=3, leaderId=1, fetcherId=0] Truncating partition __consumer_offsets-26 with TruncationState(offset=0, completed=true) due to local high watermark 0 (kafka.server.ReplicaFetcherThread)
kafka-3-1  | 2026-09-21T21:59:07.881081090Z [2026-09-21 21:59:07,880] INFO [UnifiedLog partition=__consumer_offsets-26, dir=/tmp/kafka-logs] Truncating to 0 has no effect as the largest offset in the log is -1 (kafka.log.UnifiedLog)
kafka-3-1  | 2026-09-21T21:59:07.881092691Z [2026-09-21 21:59:07,880] INFO [ReplicaFetcher replicaId=3, leaderId=1, fetcherId=0] Truncating partition __consumer_offsets-7 with TruncationState(offset=0, completed=true) due to local high watermark 0 (kafka.server.ReplicaFetcherThread)
kafka-3-1  | 2026-09-21T21:59:07.881094491Z [2026-09-21 21:59:07,880] INFO [UnifiedLog partition=__consumer_offsets-7, dir=/tmp/kafka-logs] Truncating to 0 has no effect as the largest offset in the log is -1 (kafka.log.UnifiedLog)
kafka-3-1  | 2026-09-21T21:59:30.358787645Z [2026-09-21 21:59:30,358] INFO [RaftManager id=3] Disconnecting from node 2 due to socket connection setup timeout. The timeout value is 22072 ms. (org.apache.kafka.clients.NetworkClient)
kafka-3-1  | 2026-09-21T21:59:33.120091589Z [2026-09-21 21:59:33,119] INFO [RaftManager id=3] Node 2 disconnected. (org.apache.kafka.clients.NetworkClient)
kafka-3-1  | 2026-09-21T21:59:33.120110090Z [2026-09-21 21:59:33,119] WARN [RaftManager id=3] Connection to node 2 (kafka-2/172.19.0.3:9093) could not be established. Node may not be available. (org.apache.kafka.clients.NetworkClient)
kafka-3-1  | 2026-09-21T21:59:33.545467037Z [2026-09-21 21:59:33,545] INFO [RaftManager id=3] Node 2 disconnected. (org.apache.kafka.clients.NetworkClient)
kafka-3-1  | 2026-09-21T21:59:33.545552044Z [2026-09-21 21:59:33,545] WARN [RaftManager id=3] Connection to node 2 (kafka-2/172.19.0.3:9093) could not be established. Node may not be available. (org.apache.kafka.clients.NetworkClient)
kafka-3-1  | 2026-09-21T21:59:33.982492108Z [2026-09-21 21:59:33,982] INFO [RaftManager id=3] Node 2 disconnected. (org.apache.kafka.clients.NetworkClient)
kafka-3-1  | 2026-09-21T21:59:33.982727728Z [2026-09-21 21:59:33,982] WARN [RaftManager id=3] Connection to node 2 (kafka-2/172.19.0.3:9093) could not be established. Node may not be available. (org.apache.kafka.clients.NetworkClient)
kafka-3-1  | 2026-09-21T21:59:34.427321664Z [2026-09-21 21:59:34,427] INFO [RaftManager id=3] Node 2 disconnected. (org.apache.kafka.clients.NetworkClient)
kafka-3-1  | 2026-09-21T21:59:34.427451075Z [2026-09-21 21:59:34,427] WARN [RaftManager id=3] Connection to node 2 (kafka-2/172.19.0.3:9093) could not be established. Node may not be available. (org.apache.kafka.clients.NetworkClient)
kafka-3-1  | 2026-09-21T21:59:34.921613644Z [2026-09-21 21:59:34,921] INFO [RaftManager id=3] Node 2 disconnected. (org.apache.kafka.clients.NetworkClient)
kafka-3-1  | 2026-09-21T21:59:34.921633246Z [2026-09-21 21:59:34,921] WARN [RaftManager id=3] Connection to node 2 (kafka-2/172.19.0.3:9093) could not be established. Node may not be available. (org.apache.kafka.clients.NetworkClient)
kafka-3-1  | 2026-09-21T21:59:35.443822840Z [2026-09-21 21:59:35,443] INFO [RaftManager id=3] Node 2 disconnected. (org.apache.kafka.clients.NetworkClient)
kafka-3-1  | 2026-09-21T21:59:35.443833941Z [2026-09-21 21:59:35,443] WARN [RaftManager id=3] Connection to node 2 (kafka-2/172.19.0.3:9093) could not be established. Node may not be available. (org.apache.kafka.clients.NetworkClient)
kafka-3-1  | 2026-09-21T21:59:36.414283504Z [2026-09-21 21:59:36,414] INFO [NodeToControllerChannelManager id=3 name=alter-partition] Client requested disconnect from node 2 (org.apache.kafka.clients.NetworkClient)
kafka-3-1  | 2026-09-21T21:59:36.414628935Z [2026-09-21 21:59:36,414] INFO [broker-3-to-controller-alter-partition-channel-manager]: Recorded new KRaft controller, from now on will use node kafka-3:9093 (id: 3 rack: null) (kafka.server.NodeToControllerRequestThread)
kafka-3-1  | 2026-09-21T21:59:36.453159536Z [2026-09-21 21:59:36,452] INFO [ReplicaFetcherManager on broker 3] Removed fetcher for partitions Set(__consumer_offsets-48) (kafka.server.ReplicaFetcherManager)
kafka-3-1  | 2026-09-21T21:59:36.494050446Z [2026-09-21 21:59:36,493] INFO [ReplicaFetcherManager on broker 3] Removed fetcher for partitions Set(__consumer_offsets-13, __consumer_offsets-11, __consumer_offsets-42, __consumer_offsets-21, __consumer_offsets-17, __consumer_offsets-30, __consumer_offsets-38, __consumer_offsets-3, dados-sensores-0, __consumer_offsets-1, dados-sensores-2, __consumer_offsets-45, __consumer_offsets-43, __consumer_offsets-41, __consumer_offsets-10, __consumer_offsets-22, __consumer_offsets-20, __consumer_offsets-49, __consumer_offsets-18, dados-sensores-5, __consumer_offsets-31, __consumer_offsets-29, __consumer_offsets-25, __consumer_offsets-39, __consumer_offsets-37, __consumer_offsets-6, __consumer_offsets-35, __consumer_offsets-4, dados-sensores-3, __consumer_offsets-33, __consumer_offsets-2) (kafka.server.ReplicaFetcherManager)
kafka-3-1  | 2026-09-21T21:59:36.497440745Z [2026-09-21 21:59:36,497] INFO [Partition dados-sensores-0 broker=3] ISR updated to 3,1,2  and version updated to 2 (kafka.cluster.Partition)
kafka-3-1  | 2026-09-21T21:59:36.497943289Z [2026-09-21 21:59:36,497] INFO [Partition __consumer_offsets-1 broker=3] ISR updated to 3,1,2  and version updated to 2 (kafka.cluster.Partition)
kafka-3-1  | 2026-09-21T21:59:36.497952390Z [2026-09-21 21:59:36,497] INFO [Partition dados-sensores-2 broker=3] ISR updated to 3,1,2  and version updated to 2 (kafka.cluster.Partition)
kafka-3-1  | 2026-09-21T21:59:36.497958691Z [2026-09-21 21:59:36,497] INFO [Partition __consumer_offsets-45 broker=3] ISR updated to 3,1,2  and version updated to 2 (kafka.cluster.Partition)
kafka-3-1  | 2026-09-21T21:59:36.498041198Z [2026-09-21 21:59:36,497] INFO [Partition __consumer_offsets-43 broker=3] ISR updated to 3,1,2  and version updated to 2 (kafka.cluster.Partition)
kafka-3-1  | 2026-09-21T21:59:36.498118905Z [2026-09-21 21:59:36,498] INFO [Partition __consumer_offsets-41 broker=3] ISR updated to 3,1,2  and version updated to 2 (kafka.cluster.Partition)
kafka-3-1  | 2026-09-21T21:59:36.498140607Z [2026-09-21 21:59:36,498] INFO [Partition __consumer_offsets-10 broker=3] ISR updated to 3,1,2  and version updated to 2 (kafka.cluster.Partition)
kafka-3-1  | 2026-09-21T21:59:36.498143207Z [2026-09-21 21:59:36,498] INFO [Partition __consumer_offsets-22 broker=3] ISR updated to 3,1,2  and version updated to 2 (kafka.cluster.Partition)
kafka-3-1  | 2026-09-21T21:59:36.498288820Z [2026-09-21 21:59:36,498] INFO [Partition __consumer_offsets-20 broker=3] ISR updated to 3,1,2  and version updated to 2 (kafka.cluster.Partition)
kafka-3-1  | 2026-09-21T21:59:36.498320522Z [2026-09-21 21:59:36,498] INFO [Partition __consumer_offsets-49 broker=3] ISR updated to 3,1,2  and version updated to 2 (kafka.cluster.Partition)
kafka-3-1  | 2026-09-21T21:59:36.498324723Z [2026-09-21 21:59:36,498] INFO [Partition __consumer_offsets-18 broker=3] ISR updated to 3,1,2  and version updated to 2 (kafka.cluster.Partition)
kafka-3-1  | 2026-09-21T21:59:36.499104992Z [2026-09-21 21:59:36,498] INFO [Partition __consumer_offsets-31 broker=3] ISR updated to 3,1,2  and version updated to 2 (kafka.cluster.Partition)
kafka-3-1  | 2026-09-21T21:59:36.499116193Z [2026-09-21 21:59:36,498] INFO [Partition dados-sensores-5 broker=3] ISR updated to 3,1,2  and version updated to 2 (kafka.cluster.Partition)
kafka-3-1  | 2026-09-21T21:59:36.499122193Z [2026-09-21 21:59:36,499] INFO [Partition __consumer_offsets-29 broker=3] ISR updated to 3,1,2  and version updated to 2 (kafka.cluster.Partition)
kafka-3-1  | 2026-09-21T21:59:36.499306710Z [2026-09-21 21:59:36,499] INFO [Partition __consumer_offsets-25 broker=3] ISR updated to 3,1,2  and version updated to 2 (kafka.cluster.Partition)
kafka-3-1  | 2026-09-21T21:59:36.499455923Z [2026-09-21 21:59:36,499] INFO [Partition __consumer_offsets-39 broker=3] ISR updated to 3,1,2  and version updated to 2 (kafka.cluster.Partition)
kafka-3-1  | 2026-09-21T21:59:36.499462323Z [2026-09-21 21:59:36,499] INFO [Partition __consumer_offsets-37 broker=3] ISR updated to 3,1,2  and version updated to 2 (kafka.cluster.Partition)
kafka-3-1  | 2026-09-21T21:59:36.499463923Z [2026-09-21 21:59:36,499] INFO [Partition __consumer_offsets-6 broker=3] ISR updated to 3,1,2  and version updated to 2 (kafka.cluster.Partition)
kafka-3-1  | 2026-09-21T21:59:36.499867059Z [2026-09-21 21:59:36,499] INFO [Partition __consumer_offsets-35 broker=3] ISR updated to 3,1,2  and version updated to 2 (kafka.cluster.Partition)
kafka-3-1  | 2026-09-21T21:59:36.499891061Z [2026-09-21 21:59:36,499] INFO [Partition __consumer_offsets-4 broker=3] ISR updated to 3,1,2  and version updated to 2 (kafka.cluster.Partition)
kafka-3-1  | 2026-09-21T21:59:36.499892861Z [2026-09-21 21:59:36,499] INFO [Partition __consumer_offsets-33 broker=3] ISR updated to 3,1,2  and version updated to 2 (kafka.cluster.Partition)
kafka-3-1  | 2026-09-21T21:59:36.499894161Z [2026-09-21 21:59:36,499] INFO [Partition dados-sensores-3 broker=3] ISR updated to 3,1,2  and version updated to 2 (kafka.cluster.Partition)
kafka-3-1  | 2026-09-21T21:59:36.499895462Z [2026-09-21 21:59:36,499] INFO [Partition __consumer_offsets-2 broker=3] ISR updated to 3,1,2  and version updated to 2 (kafka.cluster.Partition)
kafka-3-1  | 2026-09-21T21:59:36.501340289Z [2026-09-21 21:59:36,501] INFO [GroupCoordinator 3]: Resigned as the group coordinator for partition 15 in epoch OptionalInt[1] (kafka.coordinator.group.GroupCoordinator)
kafka-3-1  | 2026-09-21T21:59:36.501350990Z [2026-09-21 21:59:36,501] INFO [GroupMetadataManager brokerId=3] Scheduling unloading of offsets and group metadata from __consumer_offsets-15 (kafka.coordinator.group.GroupMetadataManager)
kafka-3-1  | 2026-09-21T21:59:36.501365391Z [2026-09-21 21:59:36,501] INFO [GroupMetadataManager brokerId=3] Finished unloading __consumer_offsets-15 for coordinator epoch OptionalInt[1]. Removed 0 cached offsets and 0 cached groups. (kafka.coordinator.group.GroupMetadataManager)
kafka-3-1  | 2026-09-21T21:59:36.537504081Z [2026-09-21 21:59:36,537] INFO [GroupCoordinator 3]: Resigned as the group coordinator for partition 47 in epoch OptionalInt[0] (kafka.coordinator.group.GroupCoordinator)
kafka-3-1  | 2026-09-21T21:59:36.537539684Z [2026-09-21 21:59:36,537] INFO [GroupMetadataManager brokerId=3] Scheduling unloading of offsets and group metadata from __consumer_offsets-47 (kafka.coordinator.group.GroupMetadataManager)
kafka-3-1  | 2026-09-21T21:59:36.538268349Z [2026-09-21 21:59:36,538] INFO [GroupCoordinator 3]: Resigned as the group coordinator for partition 16 in epoch OptionalInt[0] (kafka.coordinator.group.GroupCoordinator)
kafka-3-1  | 2026-09-21T21:59:36.538985212Z [2026-09-21 21:59:36,538] INFO [GroupMetadataManager brokerId=3] Scheduling unloading of offsets and group metadata from __consumer_offsets-16 (kafka.coordinator.group.GroupMetadataManager)
kafka-3-1  | 2026-09-21T21:59:36.539005514Z [2026-09-21 21:59:36,538] INFO [GroupCoordinator 3]: Resigned as the group coordinator for partition 46 in epoch OptionalInt[1] (kafka.coordinator.group.GroupCoordinator)
kafka-3-1  | 2026-09-21T21:59:36.539015315Z [2026-09-21 21:59:36,538] INFO [GroupMetadataManager brokerId=3] Scheduling unloading of offsets and group metadata from __consumer_offsets-46 (kafka.coordinator.group.GroupMetadataManager)
kafka-3-1  | 2026-09-21T21:59:36.539017115Z [2026-09-21 21:59:36,538] INFO [GroupCoordinator 3]: Resigned as the group coordinator for partition 14 in epoch OptionalInt[1] (kafka.coordinator.group.GroupCoordinator)
kafka-3-1  | 2026-09-21T21:59:36.539018515Z [2026-09-21 21:59:36,538] INFO [GroupMetadataManager brokerId=3] Scheduling unloading of offsets and group metadata from __consumer_offsets-14 (kafka.coordinator.group.GroupMetadataManager)
kafka-3-1  | 2026-09-21T21:59:36.539019815Z [2026-09-21 21:59:36,538] INFO [GroupCoordinator 3]: Resigned as the group coordinator for partition 44 in epoch OptionalInt[0] (kafka.coordinator.group.GroupCoordinator)
kafka-3-1  | 2026-09-21T21:59:36.539021115Z [2026-09-21 21:59:36,538] INFO [GroupMetadataManager brokerId=3] Scheduling unloading of offsets and group metadata from __consumer_offsets-44 (kafka.coordinator.group.GroupMetadataManager)
kafka-3-1  | 2026-09-21T21:59:36.539022415Z [2026-09-21 21:59:36,538] INFO [GroupCoordinator 3]: Resigned as the group coordinator for partition 12 in epoch OptionalInt[0] (kafka.coordinator.group.GroupCoordinator)
kafka-3-1  | 2026-09-21T21:59:36.539023715Z [2026-09-21 21:59:36,538] INFO [GroupMetadataManager brokerId=3] Scheduling unloading of offsets and group metadata from __consumer_offsets-12 (kafka.coordinator.group.GroupMetadataManager)
kafka-3-1  | 2026-09-21T21:59:36.539025016Z [2026-09-21 21:59:36,538] INFO [GroupCoordinator 3]: Resigned as the group coordinator for partition 9 in epoch OptionalInt[0] (kafka.coordinator.group.GroupCoordinator)
kafka-3-1  | 2026-09-21T21:59:36.539026316Z [2026-09-21 21:59:36,538] INFO [GroupMetadataManager brokerId=3] Scheduling unloading of offsets and group metadata from __consumer_offsets-9 (kafka.coordinator.group.GroupMetadataManager)
kafka-3-1  | 2026-09-21T21:59:36.539051418Z [2026-09-21 21:59:36,538] INFO [GroupCoordinator 3]: Resigned as the group coordinator for partition 23 in epoch OptionalInt[0] (kafka.coordinator.group.GroupCoordinator)
kafka-3-1  | 2026-09-21T21:59:36.539053418Z [2026-09-21 21:59:36,538] INFO [GroupMetadataManager brokerId=3] Scheduling unloading of offsets and group metadata from __consumer_offsets-23 (kafka.coordinator.group.GroupMetadataManager)
kafka-3-1  | 2026-09-21T21:59:36.539054718Z [2026-09-21 21:59:36,538] INFO [GroupCoordinator 3]: Resigned as the group coordinator for partition 24 in epoch OptionalInt[0] (kafka.coordinator.group.GroupCoordinator)
kafka-3-1  | 2026-09-21T21:59:36.539056018Z [2026-09-21 21:59:36,538] INFO [GroupMetadataManager brokerId=3] Scheduling unloading of offsets and group metadata from __consumer_offsets-24 (kafka.coordinator.group.GroupMetadataManager)
kafka-3-1  | 2026-09-21T21:59:36.539057418Z [2026-09-21 21:59:36,538] INFO [GroupCoordinator 3]: Resigned as the group coordinator for partition 19 in epoch OptionalInt[0] (kafka.coordinator.group.GroupCoordinator)
kafka-3-1  | 2026-09-21T21:59:36.539058719Z [2026-09-21 21:59:36,538] INFO [GroupMetadataManager brokerId=3] Scheduling unloading of offsets and group metadata from __consumer_offsets-19 (kafka.coordinator.group.GroupMetadataManager)
kafka-3-1  | 2026-09-21T21:59:36.539060019Z [2026-09-21 21:59:36,538] INFO [GroupCoordinator 3]: Resigned as the group coordinator for partition 32 in epoch OptionalInt[0] (kafka.coordinator.group.GroupCoordinator)
kafka-3-1  | 2026-09-21T21:59:36.539061319Z [2026-09-21 21:59:36,538] INFO [GroupMetadataManager brokerId=3] Scheduling unloading of offsets and group metadata from __consumer_offsets-32 (kafka.coordinator.group.GroupMetadataManager)
kafka-3-1  | 2026-09-21T21:59:36.539065819Z [2026-09-21 21:59:36,538] INFO [GroupCoordinator 3]: Resigned as the group coordinator for partition 0 in epoch OptionalInt[0] (kafka.coordinator.group.GroupCoordinator)
kafka-3-1  | 2026-09-21T21:59:36.539067219Z [2026-09-21 21:59:36,538] INFO [GroupMetadataManager brokerId=3] Scheduling unloading of offsets and group metadata from __consumer_offsets-0 (kafka.coordinator.group.GroupMetadataManager)
kafka-3-1  | 2026-09-21T21:59:36.539068519Z [2026-09-21 21:59:36,538] INFO [GroupCoordinator 3]: Resigned as the group coordinator for partition 27 in epoch OptionalInt[1] (kafka.coordinator.group.GroupCoordinator)
kafka-3-1  | 2026-09-21T21:59:36.539070020Z [2026-09-21 21:59:36,538] INFO [GroupMetadataManager brokerId=3] Scheduling unloading of offsets and group metadata from __consumer_offsets-27 (kafka.coordinator.group.GroupMetadataManager)
kafka-3-1  | 2026-09-21T21:59:36.539072020Z [2026-09-21 21:59:36,538] INFO [GroupCoordinator 3]: Resigned as the group coordinator for partition 28 in epoch OptionalInt[0] (kafka.coordinator.group.GroupCoordinator)
kafka-3-1  | 2026-09-21T21:59:36.539073320Z [2026-09-21 21:59:36,538] INFO [GroupMetadataManager brokerId=3] Scheduling unloading of offsets and group metadata from __consumer_offsets-28 (kafka.coordinator.group.GroupMetadataManager)
kafka-3-1  | 2026-09-21T21:59:36.539074720Z [2026-09-21 21:59:36,538] INFO [GroupCoordinator 3]: Resigned as the group coordinator for partition 26 in epoch OptionalInt[1] (kafka.coordinator.group.GroupCoordinator)
kafka-3-1  | 2026-09-21T21:59:36.539076020Z [2026-09-21 21:59:36,538] INFO [GroupMetadataManager brokerId=3] Scheduling unloading of offsets and group metadata from __consumer_offsets-26 (kafka.coordinator.group.GroupMetadataManager)
kafka-3-1  | 2026-09-21T21:59:36.539077320Z [2026-09-21 21:59:36,538] INFO [GroupCoordinator 3]: Resigned as the group coordinator for partition 7 in epoch OptionalInt[1] (kafka.coordinator.group.GroupCoordinator)
kafka-3-1  | 2026-09-21T21:59:36.539078620Z [2026-09-21 21:59:36,538] INFO [GroupMetadataManager brokerId=3] Scheduling unloading of offsets and group metadata from __consumer_offsets-7 (kafka.coordinator.group.GroupMetadataManager)
kafka-3-1  | 2026-09-21T21:59:36.539079920Z [2026-09-21 21:59:36,538] INFO [GroupCoordinator 3]: Resigned as the group coordinator for partition 40 in epoch OptionalInt[0] (kafka.coordinator.group.GroupCoordinator)
kafka-3-1  | 2026-09-21T21:59:36.539086321Z [2026-09-21 21:59:36,538] INFO [GroupMetadataManager brokerId=3] Scheduling unloading of offsets and group metadata from __consumer_offsets-40 (kafka.coordinator.group.GroupMetadataManager)
kafka-3-1  | 2026-09-21T21:59:36.539087921Z [2026-09-21 21:59:36,538] INFO [GroupCoordinator 3]: Resigned as the group coordinator for partition 8 in epoch OptionalInt[0] (kafka.coordinator.group.GroupCoordinator)
kafka-3-1  | 2026-09-21T21:59:36.539089321Z [2026-09-21 21:59:36,538] INFO [GroupMetadataManager brokerId=3] Scheduling unloading of offsets and group metadata from __consumer_offsets-8 (kafka.coordinator.group.GroupMetadataManager)
kafka-3-1  | 2026-09-21T21:59:36.539090721Z [2026-09-21 21:59:36,538] INFO [GroupCoordinator 3]: Resigned as the group coordinator for partition 5 in epoch OptionalInt[0] (kafka.coordinator.group.GroupCoordinator)
kafka-3-1  | 2026-09-21T21:59:36.539092321Z [2026-09-21 21:59:36,538] INFO [GroupMetadataManager brokerId=3] Scheduling unloading of offsets and group metadata from __consumer_offsets-5 (kafka.coordinator.group.GroupMetadataManager)
kafka-3-1  | 2026-09-21T21:59:36.539095522Z [2026-09-21 21:59:36,538] INFO [GroupCoordinator 3]: Resigned as the group coordinator for partition 36 in epoch OptionalInt[0] (kafka.coordinator.group.GroupCoordinator)
kafka-3-1  | 2026-09-21T21:59:36.539097022Z [2026-09-21 21:59:36,538] INFO [GroupMetadataManager brokerId=3] Scheduling unloading of offsets and group metadata from __consumer_offsets-36 (kafka.coordinator.group.GroupMetadataManager)
kafka-3-1  | 2026-09-21T21:59:36.539098322Z [2026-09-21 21:59:36,538] INFO [GroupCoordinator 3]: Resigned as the group coordinator for partition 34 in epoch OptionalInt[0] (kafka.coordinator.group.GroupCoordinator)
kafka-3-1  | 2026-09-21T21:59:36.539099622Z [2026-09-21 21:59:36,538] INFO [GroupMetadataManager brokerId=3] Scheduling unloading of offsets and group metadata from __consumer_offsets-34 (kafka.coordinator.group.GroupMetadataManager)
kafka-3-1  | 2026-09-21T21:59:36.539101022Z [2026-09-21 21:59:36,538] INFO [GroupMetadataManager brokerId=3] Finished unloading __consumer_offsets-47 for coordinator epoch OptionalInt[0]. Removed 0 cached offsets and 0 cached groups. (kafka.coordinator.group.GroupMetadataManager)
kafka-3-1  | 2026-09-21T21:59:36.539102422Z [2026-09-21 21:59:36,539] INFO [GroupMetadataManager brokerId=3] Finished unloading __consumer_offsets-16 for coordinator epoch OptionalInt[0]. Removed 0 cached offsets and 0 cached groups. (kafka.coordinator.group.GroupMetadataManager)
kafka-3-1  | 2026-09-21T21:59:36.539106623Z [2026-09-21 21:59:36,539] INFO [GroupMetadataManager brokerId=3] Finished unloading __consumer_offsets-46 for coordinator epoch OptionalInt[1]. Removed 0 cached offsets and 0 cached groups. (kafka.coordinator.group.GroupMetadataManager)
kafka-3-1  | 2026-09-21T21:59:36.539213032Z [2026-09-21 21:59:36,539] INFO [GroupMetadataManager brokerId=3] Finished unloading __consumer_offsets-14 for coordinator epoch OptionalInt[1]. Removed 0 cached offsets and 0 cached groups. (kafka.coordinator.group.GroupMetadataManager)
kafka-3-1  | 2026-09-21T21:59:36.540362034Z [2026-09-21 21:59:36,539] INFO [GroupMetadataManager brokerId=3] Finished unloading __consumer_offsets-44 for coordinator epoch OptionalInt[0]. Removed 0 cached offsets and 0 cached groups. (kafka.coordinator.group.GroupMetadataManager)
kafka-3-1  | 2026-09-21T21:59:36.540365834Z [2026-09-21 21:59:36,539] INFO [GroupMetadataManager brokerId=3] Finished unloading __consumer_offsets-12 for coordinator epoch OptionalInt[0]. Removed 0 cached offsets and 0 cached groups. (kafka.coordinator.group.GroupMetadataManager)
kafka-3-1  | 2026-09-21T21:59:36.540367434Z [2026-09-21 21:59:36,539] INFO [GroupMetadataManager brokerId=3] Finished unloading __consumer_offsets-9 for coordinator epoch OptionalInt[0]. Removed 0 cached offsets and 0 cached groups. (kafka.coordinator.group.GroupMetadataManager)
kafka-3-1  | 2026-09-21T21:59:36.540368834Z [2026-09-21 21:59:36,539] INFO [GroupMetadataManager brokerId=3] Finished unloading __consumer_offsets-23 for coordinator epoch OptionalInt[0]. Removed 0 cached offsets and 0 cached groups. (kafka.coordinator.group.GroupMetadataManager)
kafka-3-1  | 2026-09-21T21:59:36.540370234Z [2026-09-21 21:59:36,539] INFO [GroupMetadataManager brokerId=3] Finished unloading __consumer_offsets-24 for coordinator epoch OptionalInt[0]. Removed 0 cached offsets and 0 cached groups. (kafka.coordinator.group.GroupMetadataManager)
kafka-3-1  | 2026-09-21T21:59:36.540371634Z [2026-09-21 21:59:36,539] INFO [GroupMetadataManager brokerId=3] Finished unloading __consumer_offsets-19 for coordinator epoch OptionalInt[0]. Removed 0 cached offsets and 0 cached groups. (kafka.coordinator.group.GroupMetadataManager)
kafka-3-1  | 2026-09-21T21:59:36.540376135Z [2026-09-21 21:59:36,539] INFO [GroupMetadataManager brokerId=3] Finished unloading __consumer_offsets-32 for coordinator epoch OptionalInt[0]. Removed 0 cached offsets and 0 cached groups. (kafka.coordinator.group.GroupMetadataManager)
kafka-3-1  | 2026-09-21T21:59:36.540377635Z [2026-09-21 21:59:36,539] INFO [GroupMetadataManager brokerId=3] Finished unloading __consumer_offsets-0 for coordinator epoch OptionalInt[0]. Removed 0 cached offsets and 0 cached groups. (kafka.coordinator.group.GroupMetadataManager)
kafka-3-1  | 2026-09-21T21:59:36.540379435Z [2026-09-21 21:59:36,539] INFO [GroupMetadataManager brokerId=3] Finished unloading __consumer_offsets-27 for coordinator epoch OptionalInt[1]. Removed 0 cached offsets and 0 cached groups. (kafka.coordinator.group.GroupMetadataManager)
kafka-3-1  | 2026-09-21T21:59:36.540380835Z [2026-09-21 21:59:36,539] INFO [GroupMetadataManager brokerId=3] Finished unloading __consumer_offsets-28 for coordinator epoch OptionalInt[0]. Removed 0 cached offsets and 0 cached groups. (kafka.coordinator.group.GroupMetadataManager)
kafka-3-1  | 2026-09-21T21:59:36.540382235Z [2026-09-21 21:59:36,539] INFO [GroupMetadataManager brokerId=3] Finished unloading __consumer_offsets-26 for coordinator epoch OptionalInt[1]. Removed 0 cached offsets and 0 cached groups. (kafka.coordinator.group.GroupMetadataManager)
kafka-3-1  | 2026-09-21T21:59:36.540383535Z [2026-09-21 21:59:36,539] INFO [GroupMetadataManager brokerId=3] Finished unloading __consumer_offsets-7 for coordinator epoch OptionalInt[1]. Removed 0 cached offsets and 0 cached groups. (kafka.coordinator.group.GroupMetadataManager)
kafka-3-1  | 2026-09-21T21:59:36.540384936Z [2026-09-21 21:59:36,539] INFO [GroupMetadataManager brokerId=3] Finished unloading __consumer_offsets-40 for coordinator epoch OptionalInt[0]. Removed 0 cached offsets and 0 cached groups. (kafka.coordinator.group.GroupMetadataManager)
kafka-3-1  | 2026-09-21T21:59:36.540386336Z [2026-09-21 21:59:36,539] INFO [GroupMetadataManager brokerId=3] Finished unloading __consumer_offsets-8 for coordinator epoch OptionalInt[0]. Removed 0 cached offsets and 0 cached groups. (kafka.coordinator.group.GroupMetadataManager)
kafka-3-1  | 2026-09-21T21:59:36.540387736Z [2026-09-21 21:59:36,539] INFO [GroupMetadataManager brokerId=3] Finished unloading __consumer_offsets-5 for coordinator epoch OptionalInt[0]. Removed 0 cached offsets and 0 cached groups. (kafka.coordinator.group.GroupMetadataManager)
kafka-3-1  | 2026-09-21T21:59:36.540389136Z [2026-09-21 21:59:36,539] INFO [GroupMetadataManager brokerId=3] Finished unloading __consumer_offsets-36 for coordinator epoch OptionalInt[0]. Removed 0 cached offsets and 0 cached groups. (kafka.coordinator.group.GroupMetadataManager)
kafka-3-1  | 2026-09-21T21:59:36.540390536Z [2026-09-21 21:59:36,539] INFO [GroupMetadataManager brokerId=3] Finished unloading __consumer_offsets-34 for coordinator epoch OptionalInt[0]. Removed 0 cached offsets and 0 cached groups. (kafka.coordinator.group.GroupMetadataManager)
kafka-3-1  | 2026-09-21T22:02:36.037649185Z [2026-09-21 22:02:36,037] INFO [NodeToControllerChannelManager id=3 name=forwarding] Client requested disconnect from node 2 (org.apache.kafka.clients.NetworkClient)
kafka-3-1  | 2026-09-21T22:02:36.038823185Z [2026-09-21 22:02:36,038] INFO [broker-3-to-controller-forwarding-channel-manager]: Recorded new KRaft controller, from now on will use node kafka-3:9093 (id: 3 rack: null) (kafka.server.NodeToControllerRequestThread)
kafka-3-1  | 2026-09-21T22:04:07.327939995Z [2026-09-21 22:04:07,327] INFO [ReplicaFetcherManager on broker 3] Removed fetcher for partitions Set(__consumer_offsets-15, __consumer_offsets-48, __consumer_offsets-14, __consumer_offsets-46, __consumer_offsets-41, __consumer_offsets-42, __consumer_offsets-10, __consumer_offsets-21, __consumer_offsets-20, dados-sensores-5, __consumer_offsets-30, __consumer_offsets-27, __consumer_offsets-26, __consumer_offsets-7, __consumer_offsets-37, __consumer_offsets-35, __consumer_offsets-3, __consumer_offsets-1, dados-sensores-2) (kafka.server.ReplicaFetcherManager)
kafka-3-1  | 2026-09-21T22:04:07.331110061Z [2026-09-21 22:04:07,330] INFO [ReplicaFetcherThread-0-2]: Starting (kafka.server.ReplicaFetcherThread)
kafka-3-1  | 2026-09-21T22:04:07.331156965Z [2026-09-21 22:04:07,330] INFO [ReplicaFetcherManager on broker 3] Added fetcher to broker 2 for partitions HashMap(__consumer_offsets-15 -> InitialFetchState(Some(um97SpqTSEC74qR1Iu-qow),BrokerEndPoint(id=2, host=kafka-2:9092),2,0), __consumer_offsets-48 -> InitialFetchState(Some(um97SpqTSEC74qR1Iu-qow),BrokerEndPoint(id=2, host=kafka-2:9092),2,0), __consumer_offsets-14 -> InitialFetchState(Some(um97SpqTSEC74qR1Iu-qow),BrokerEndPoint(id=2, host=kafka-2:9092),2,0), __consumer_offsets-46 -> InitialFetchState(Some(um97SpqTSEC74qR1Iu-qow),BrokerEndPoint(id=2, host=kafka-2:9092),2,0), __consumer_offsets-41 -> InitialFetchState(Some(um97SpqTSEC74qR1Iu-qow),BrokerEndPoint(id=2, host=kafka-2:9092),2,0), __consumer_offsets-42 -> InitialFetchState(Some(um97SpqTSEC74qR1Iu-qow),BrokerEndPoint(id=2, host=kafka-2:9092),2,0), __consumer_offsets-10 -> InitialFetchState(Some(um97SpqTSEC74qR1Iu-qow),BrokerEndPoint(id=2, host=kafka-2:9092),2,0), __consumer_offsets-21 -> InitialFetchState(Some(um97SpqTSEC74qR1Iu-qow),BrokerEndPoint(id=2, host=kafka-2:9092),2,0), __consumer_offsets-20 -> InitialFetchState(Some(um97SpqTSEC74qR1Iu-qow),BrokerEndPoint(id=2, host=kafka-2:9092),2,0), dados-sensores-5 -> InitialFetchState(Some(TOQUTEIYQC2WEzitbIedXg),BrokerEndPoint(id=2, host=kafka-2:9092),2,0), __consumer_offsets-30 -> InitialFetchState(Some(um97SpqTSEC74qR1Iu-qow),BrokerEndPoint(id=2, host=kafka-2:9092),2,0), __consumer_offsets-27 -> InitialFetchState(Some(um97SpqTSEC74qR1Iu-qow),BrokerEndPoint(id=2, host=kafka-2:9092),2,0), __consumer_offsets-26 -> InitialFetchState(Some(um97SpqTSEC74qR1Iu-qow),BrokerEndPoint(id=2, host=kafka-2:9092),2,0), __consumer_offsets-7 -> InitialFetchState(Some(um97SpqTSEC74qR1Iu-qow),BrokerEndPoint(id=2, host=kafka-2:9092),2,0), __consumer_offsets-37 -> InitialFetchState(Some(um97SpqTSEC74qR1Iu-qow),BrokerEndPoint(id=2, host=kafka-2:9092),2,0), __consumer_offsets-35 -> InitialFetchState(Some(um97SpqTSEC74qR1Iu-qow),BrokerEndPoint(id=2, host=kafka-2:9092),2,0), __consumer_offsets-3 -> InitialFetchState(Some(um97SpqTSEC74qR1Iu-qow),BrokerEndPoint(id=2, host=kafka-2:9092),2,0), __consumer_offsets-1 -> InitialFetchState(Some(um97SpqTSEC74qR1Iu-qow),BrokerEndPoint(id=2, host=kafka-2:9092),2,0), dados-sensores-2 -> InitialFetchState(Some(TOQUTEIYQC2WEzitbIedXg),BrokerEndPoint(id=2, host=kafka-2:9092),2,0)) (kafka.server.ReplicaFetcherManager)
kafka-3-1  | 2026-09-21T22:04:07.331405086Z [2026-09-21 22:04:07,331] INFO [ReplicaFetcher replicaId=3, leaderId=2, fetcherId=0] Truncating partition __consumer_offsets-15 with TruncationState(offset=0, completed=true) due to local high watermark 0 (kafka.server.ReplicaFetcherThread)
kafka-3-1  | 2026-09-21T22:04:07.331414587Z [2026-09-21 22:04:07,331] INFO [UnifiedLog partition=__consumer_offsets-15, dir=/tmp/kafka-logs] Truncating to 0 has no effect as the largest offset in the log is -1 (kafka.log.UnifiedLog)
kafka-3-1  | 2026-09-21T22:04:07.331569300Z [2026-09-21 22:04:07,331] INFO [ReplicaFetcher replicaId=3, leaderId=2, fetcherId=0] Truncating partition __consumer_offsets-14 with TruncationState(offset=0, completed=true) due to local high watermark 0 (kafka.server.ReplicaFetcherThread)
kafka-3-1  | 2026-09-21T22:04:07.331691210Z [2026-09-21 22:04:07,331] INFO [UnifiedLog partition=__consumer_offsets-14, dir=/tmp/kafka-logs] Truncating to 0 has no effect as the largest offset in the log is -1 (kafka.log.UnifiedLog)
kafka-3-1  | 2026-09-21T22:04:07.331700011Z [2026-09-21 22:04:07,331] INFO [ReplicaFetcher replicaId=3, leaderId=2, fetcherId=0] Truncating partition __consumer_offsets-46 with TruncationState(offset=0, completed=true) due to local high watermark 0 (kafka.server.ReplicaFetcherThread)
kafka-3-1  | 2026-09-21T22:04:07.331702411Z [2026-09-21 22:04:07,331] INFO [UnifiedLog partition=__consumer_offsets-46, dir=/tmp/kafka-logs] Truncating to 0 has no effect as the largest offset in the log is -1 (kafka.log.UnifiedLog)
kafka-3-1  | 2026-09-21T22:04:07.331848723Z [2026-09-21 22:04:07,331] INFO [ReplicaFetcher replicaId=3, leaderId=2, fetcherId=0] Truncating partition __consumer_offsets-27 with TruncationState(offset=0, completed=true) due to local high watermark 0 (kafka.server.ReplicaFetcherThread)
kafka-3-1  | 2026-09-21T22:04:07.331857424Z [2026-09-21 22:04:07,331] INFO [UnifiedLog partition=__consumer_offsets-27, dir=/tmp/kafka-logs] Truncating to 0 has no effect as the largest offset in the log is -1 (kafka.log.UnifiedLog)
kafka-3-1  | 2026-09-21T22:04:07.331865425Z [2026-09-21 22:04:07,331] INFO [ReplicaFetcher replicaId=3, leaderId=2, fetcherId=0] Truncating partition __consumer_offsets-26 with TruncationState(offset=0, completed=true) due to local high watermark 0 (kafka.server.ReplicaFetcherThread)
kafka-3-1  | 2026-09-21T22:04:07.331867625Z [2026-09-21 22:04:07,331] INFO [UnifiedLog partition=__consumer_offsets-26, dir=/tmp/kafka-logs] Truncating to 0 has no effect as the largest offset in the log is -1 (kafka.log.UnifiedLog)
kafka-3-1  | 2026-09-21T22:04:07.332036039Z [2026-09-21 22:04:07,331] INFO [ReplicaFetcher replicaId=3, leaderId=2, fetcherId=0] Truncating partition __consumer_offsets-7 with TruncationState(offset=0, completed=true) due to local high watermark 0 (kafka.server.ReplicaFetcherThread)
kafka-3-1  | 2026-09-21T22:04:07.332044940Z [2026-09-21 22:04:07,331] INFO [UnifiedLog partition=__consumer_offsets-7, dir=/tmp/kafka-logs] Truncating to 0 has no effect as the largest offset in the log is -1 (kafka.log.UnifiedLog)
kafka-3-1  | 2026-09-21T22:04:07.340306234Z [2026-09-21 22:04:07,340] INFO [GroupCoordinator 3]: Resigned as the group coordinator for partition 15 in epoch OptionalInt[2] (kafka.coordinator.group.GroupCoordinator)
kafka-3-1  | 2026-09-21T22:04:07.340315634Z [2026-09-21 22:04:07,340] INFO [GroupMetadataManager brokerId=3] Scheduling unloading of offsets and group metadata from __consumer_offsets-15 (kafka.coordinator.group.GroupMetadataManager)
kafka-3-1  | 2026-09-21T22:04:07.344371475Z [2026-09-21 22:04:07,340] INFO [GroupCoordinator 3]: Resigned as the group coordinator for partition 48 in epoch OptionalInt[2] (kafka.coordinator.group.GroupCoordinator)
kafka-3-1  | 2026-09-21T22:04:07.344485185Z [2026-09-21 22:04:07,343] INFO [GroupMetadataManager brokerId=3] Finished unloading __consumer_offsets-15 for coordinator epoch OptionalInt[2]. Removed 0 cached offsets and 0 cached groups. (kafka.coordinator.group.GroupMetadataManager)
kafka-3-1  | 2026-09-21T22:04:07.344542089Z [2026-09-21 22:04:07,344] INFO [GroupMetadataManager brokerId=3] Scheduling unloading of offsets and group metadata from __consumer_offsets-48 (kafka.coordinator.group.GroupMetadataManager)
kafka-3-1  | 2026-09-21T22:04:07.344688002Z [2026-09-21 22:04:07,344] INFO [GroupCoordinator 3]: Resigned as the group coordinator for partition 46 in epoch OptionalInt[2] (kafka.coordinator.group.GroupCoordinator)
kafka-3-1  | 2026-09-21T22:04:07.344691302Z [2026-09-21 22:04:07,344] INFO [GroupMetadataManager brokerId=3] Scheduling unloading of offsets and group metadata from __consumer_offsets-46 (kafka.coordinator.group.GroupMetadataManager)
kafka-3-1  | 2026-09-21T22:04:07.344771809Z [2026-09-21 22:04:07,344] INFO [GroupCoordinator 3]: Resigned as the group coordinator for partition 14 in epoch OptionalInt[2] (kafka.coordinator.group.GroupCoordinator)
kafka-3-1  | 2026-09-21T22:04:07.344776609Z [2026-09-21 22:04:07,344] INFO [GroupMetadataManager brokerId=3] Scheduling unloading of offsets and group metadata from __consumer_offsets-14 (kafka.coordinator.group.GroupMetadataManager)
kafka-3-1  | 2026-09-21T22:04:07.344778609Z [2026-09-21 22:04:07,344] INFO [GroupCoordinator 3]: Resigned as the group coordinator for partition 41 in epoch OptionalInt[2] (kafka.coordinator.group.GroupCoordinator)
kafka-3-1  | 2026-09-21T22:04:07.344784110Z [2026-09-21 22:04:07,344] INFO [GroupMetadataManager brokerId=3] Scheduling unloading of offsets and group metadata from __consumer_offsets-41 (kafka.coordinator.group.GroupMetadataManager)
kafka-3-1  | 2026-09-21T22:04:07.344785710Z [2026-09-21 22:04:07,344] INFO [GroupCoordinator 3]: Resigned as the group coordinator for partition 42 in epoch OptionalInt[2] (kafka.coordinator.group.GroupCoordinator)
kafka-3-1  | 2026-09-21T22:04:07.344890919Z [2026-09-21 22:04:07,344] INFO [GroupMetadataManager brokerId=3] Scheduling unloading of offsets and group metadata from __consumer_offsets-42 (kafka.coordinator.group.GroupMetadataManager)
kafka-3-1  | 2026-09-21T22:04:07.344895519Z [2026-09-21 22:04:07,344] INFO [GroupCoordinator 3]: Resigned as the group coordinator for partition 10 in epoch OptionalInt[2] (kafka.coordinator.group.GroupCoordinator)
kafka-3-1  | 2026-09-21T22:04:07.344897119Z [2026-09-21 22:04:07,344] INFO [GroupMetadataManager brokerId=3] Scheduling unloading of offsets and group metadata from __consumer_offsets-10 (kafka.coordinator.group.GroupMetadataManager)
kafka-3-1  | 2026-09-21T22:04:07.344957624Z [2026-09-21 22:04:07,344] INFO [GroupCoordinator 3]: Resigned as the group coordinator for partition 21 in epoch OptionalInt[2] (kafka.coordinator.group.GroupCoordinator)
kafka-3-1  | 2026-09-21T22:04:07.344961525Z [2026-09-21 22:04:07,344] INFO [GroupMetadataManager brokerId=3] Scheduling unloading of offsets and group metadata from __consumer_offsets-21 (kafka.coordinator.group.GroupMetadataManager)
kafka-3-1  | 2026-09-21T22:04:07.344999228Z [2026-09-21 22:04:07,344] INFO [GroupCoordinator 3]: Resigned as the group coordinator for partition 20 in epoch OptionalInt[2] (kafka.coordinator.group.GroupCoordinator)
kafka-3-1  | 2026-09-21T22:04:07.345007329Z [2026-09-21 22:04:07,344] INFO [GroupMetadataManager brokerId=3] Scheduling unloading of offsets and group metadata from __consumer_offsets-20 (kafka.coordinator.group.GroupMetadataManager)
kafka-3-1  | 2026-09-21T22:04:07.345033031Z [2026-09-21 22:04:07,344] INFO [GroupCoordinator 3]: Resigned as the group coordinator for partition 30 in epoch OptionalInt[2] (kafka.coordinator.group.GroupCoordinator)
kafka-3-1  | 2026-09-21T22:04:07.345036431Z [2026-09-21 22:04:07,344] INFO [GroupMetadataManager brokerId=3] Scheduling unloading of offsets and group metadata from __consumer_offsets-30 (kafka.coordinator.group.GroupMetadataManager)
kafka-3-1  | 2026-09-21T22:04:07.345104837Z [2026-09-21 22:04:07,345] INFO [GroupMetadataManager brokerId=3] Finished unloading __consumer_offsets-48 for coordinator epoch OptionalInt[2]. Removed 0 cached offsets and 0 cached groups. (kafka.coordinator.group.GroupMetadataManager)
kafka-3-1  | 2026-09-21T22:04:07.345114338Z [2026-09-21 22:04:07,345] INFO [GroupMetadataManager brokerId=3] Finished unloading __consumer_offsets-46 for coordinator epoch OptionalInt[2]. Removed 0 cached offsets and 0 cached groups. (kafka.coordinator.group.GroupMetadataManager)
kafka-3-1  | 2026-09-21T22:04:07.345150541Z [2026-09-21 22:04:07,345] INFO [GroupMetadataManager brokerId=3] Finished unloading __consumer_offsets-14 for coordinator epoch OptionalInt[2]. Removed 0 cached offsets and 0 cached groups. (kafka.coordinator.group.GroupMetadataManager)
kafka-3-1  | 2026-09-21T22:04:07.345269551Z [2026-09-21 22:04:07,345] INFO [GroupMetadataManager brokerId=3] Finished unloading __consumer_offsets-41 for coordinator epoch OptionalInt[2]. Removed 0 cached offsets and 0 cached groups. (kafka.coordinator.group.GroupMetadataManager)
kafka-3-1  | 2026-09-21T22:04:07.345276751Z [2026-09-21 22:04:07,345] INFO [GroupMetadataManager brokerId=3] Finished unloading __consumer_offsets-42 for coordinator epoch OptionalInt[2]. Removed 0 cached offsets and 0 cached groups. (kafka.coordinator.group.GroupMetadataManager)
kafka-3-1  | 2026-09-21T22:04:07.345278451Z [2026-09-21 22:04:07,345] INFO [GroupMetadataManager brokerId=3] Finished unloading __consumer_offsets-10 for coordinator epoch OptionalInt[2]. Removed 0 cached offsets and 0 cached groups. (kafka.coordinator.group.GroupMetadataManager)
kafka-3-1  | 2026-09-21T22:04:07.345282452Z [2026-09-21 22:04:07,345] INFO [GroupMetadataManager brokerId=3] Finished unloading __consumer_offsets-21 for coordinator epoch OptionalInt[2]. Removed 0 cached offsets and 0 cached groups. (kafka.coordinator.group.GroupMetadataManager)
kafka-3-1  | 2026-09-21T22:04:07.345328256Z [2026-09-21 22:04:07,345] INFO [GroupMetadataManager brokerId=3] Finished unloading __consumer_offsets-20 for coordinator epoch OptionalInt[2]. Removed 0 cached offsets and 0 cached groups. (kafka.coordinator.group.GroupMetadataManager)
kafka-3-1  | 2026-09-21T22:04:07.345857600Z [2026-09-21 22:04:07,345] INFO [GroupCoordinator 3]: Resigned as the group coordinator for partition 27 in epoch OptionalInt[2] (kafka.coordinator.group.GroupCoordinator)
kafka-3-1  | 2026-09-21T22:04:07.345887703Z [2026-09-21 22:04:07,345] INFO [GroupMetadataManager brokerId=3] Scheduling unloading of offsets and group metadata from __consumer_offsets-27 (kafka.coordinator.group.GroupMetadataManager)
kafka-3-1  | 2026-09-21T22:04:07.345890903Z [2026-09-21 22:04:07,345] INFO [GroupCoordinator 3]: Resigned as the group coordinator for partition 26 in epoch OptionalInt[2] (kafka.coordinator.group.GroupCoordinator)
kafka-3-1  | 2026-09-21T22:04:07.345892403Z [2026-09-21 22:04:07,345] INFO [GroupMetadataManager brokerId=3] Scheduling unloading of offsets and group metadata from __consumer_offsets-26 (kafka.coordinator.group.GroupMetadataManager)
kafka-3-1  | 2026-09-21T22:04:07.345980710Z [2026-09-21 22:04:07,345] INFO [GroupMetadataManager brokerId=3] Finished unloading __consumer_offsets-30 for coordinator epoch OptionalInt[2]. Removed 0 cached offsets and 0 cached groups. (kafka.coordinator.group.GroupMetadataManager)
kafka-3-1  | 2026-09-21T22:04:07.346259234Z [2026-09-21 22:04:07,346] INFO [GroupMetadataManager brokerId=3] Finished unloading __consumer_offsets-27 for coordinator epoch OptionalInt[2]. Removed 0 cached offsets and 0 cached groups. (kafka.coordinator.group.GroupMetadataManager)
kafka-3-1  | 2026-09-21T22:04:07.346266334Z [2026-09-21 22:04:07,346] INFO [GroupMetadataManager brokerId=3] Finished unloading __consumer_offsets-26 for coordinator epoch OptionalInt[2]. Removed 0 cached offsets and 0 cached groups. (kafka.coordinator.group.GroupMetadataManager)
kafka-3-1  | 2026-09-21T22:04:07.346577460Z [2026-09-21 22:04:07,345] INFO [GroupCoordinator 3]: Resigned as the group coordinator for partition 7 in epoch OptionalInt[2] (kafka.coordinator.group.GroupCoordinator)
kafka-3-1  | 2026-09-21T22:04:07.346594362Z [2026-09-21 22:04:07,346] INFO [GroupMetadataManager brokerId=3] Scheduling unloading of offsets and group metadata from __consumer_offsets-7 (kafka.coordinator.group.GroupMetadataManager)
kafka-3-1  | 2026-09-21T22:04:07.346596562Z [2026-09-21 22:04:07,346] INFO [GroupCoordinator 3]: Resigned as the group coordinator for partition 37 in epoch OptionalInt[2] (kafka.coordinator.group.GroupCoordinator)
kafka-3-1  | 2026-09-21T22:04:07.346598062Z [2026-09-21 22:04:07,346] INFO [GroupMetadataManager brokerId=3] Scheduling unloading of offsets and group metadata from __consumer_offsets-37 (kafka.coordinator.group.GroupMetadataManager)
kafka-3-1  | 2026-09-21T22:04:07.346629465Z [2026-09-21 22:04:07,346] INFO [GroupCoordinator 3]: Resigned as the group coordinator for partition 3 in epoch OptionalInt[2] (kafka.coordinator.group.GroupCoordinator)
kafka-3-1  | 2026-09-21T22:04:07.346633165Z [2026-09-21 22:04:07,346] INFO [GroupMetadataManager brokerId=3] Finished unloading __consumer_offsets-7 for coordinator epoch OptionalInt[2]. Removed 0 cached offsets and 0 cached groups. (kafka.coordinator.group.GroupMetadataManager)
kafka-3-1  | 2026-09-21T22:04:07.346836382Z [2026-09-21 22:04:07,346] INFO [GroupMetadataManager brokerId=3] Finished unloading __consumer_offsets-37 for coordinator epoch OptionalInt[2]. Removed 0 cached offsets and 0 cached groups. (kafka.coordinator.group.GroupMetadataManager)
kafka-3-1  | 2026-09-21T22:04:07.347504538Z [2026-09-21 22:04:07,346] INFO [GroupMetadataManager brokerId=3] Scheduling unloading of offsets and group metadata from __consumer_offsets-3 (kafka.coordinator.group.GroupMetadataManager)
kafka-3-1  | 2026-09-21T22:04:07.347514839Z [2026-09-21 22:04:07,347] INFO [GroupCoordinator 3]: Resigned as the group coordinator for partition 35 in epoch OptionalInt[2] (kafka.coordinator.group.GroupCoordinator)
kafka-3-1  | 2026-09-21T22:04:07.347552542Z [2026-09-21 22:04:07,347] INFO [GroupMetadataManager brokerId=3] Scheduling unloading of offsets and group metadata from __consumer_offsets-35 (kafka.coordinator.group.GroupMetadataManager)
kafka-3-1  | 2026-09-21T22:04:07.347556243Z [2026-09-21 22:04:07,347] INFO [GroupCoordinator 3]: Resigned as the group coordinator for partition 1 in epoch OptionalInt[2] (kafka.coordinator.group.GroupCoordinator)
kafka-3-1  | 2026-09-21T22:04:07.347557743Z [2026-09-21 22:04:07,347] INFO [GroupMetadataManager brokerId=3] Scheduling unloading of offsets and group metadata from __consumer_offsets-1 (kafka.coordinator.group.GroupMetadataManager)
kafka-3-1  | 2026-09-21T22:04:07.347869769Z [2026-09-21 22:04:07,347] INFO [GroupMetadataManager brokerId=3] Finished unloading __consumer_offsets-3 for coordinator epoch OptionalInt[2]. Removed 0 cached offsets and 0 cached groups. (kafka.coordinator.group.GroupMetadataManager)
kafka-3-1  | 2026-09-21T22:04:07.347878270Z [2026-09-21 22:04:07,347] INFO [GroupMetadataManager brokerId=3] Finished unloading __consumer_offsets-35 for coordinator epoch OptionalInt[2]. Removed 0 cached offsets and 0 cached groups. (kafka.coordinator.group.GroupMetadataManager)
kafka-3-1  | 2026-09-21T22:04:07.347880370Z [2026-09-21 22:04:07,347] INFO [GroupMetadataManager brokerId=3] Finished unloading __consumer_offsets-1 for coordinator epoch OptionalInt[2]. Removed 0 cached offsets and 0 cached groups. (kafka.coordinator.group.GroupMetadataManager)
kafka-3-1  | 2026-09-21T22:08:58.347123105Z [2026-09-21 22:08:58,346] INFO [RaftManager id=3] Node 1 disconnected. (org.apache.kafka.clients.NetworkClient)
