kafka-1-1  | 2026-09-21T21:52:14.437557327Z ===> User
kafka-1-1  | 2026-09-21T21:52:14.438745105Z uid=1000(appuser) gid=1000(appuser) groups=1000(appuser)
kafka-1-1  | 2026-09-21T21:52:14.438759906Z ===> Setting default values of environment variables if not already set.
kafka-1-1  | 2026-09-21T21:52:14.438762006Z ===> Configuring ...
kafka-1-1  | 2026-09-21T21:52:14.438763306Z Running in KRaft mode...
kafka-1-1  | 2026-09-21T21:52:14.439294841Z ===> Launching ... 
kafka-1-1  | 2026-09-21T21:52:14.441346874Z ===> Using provided cluster id 5L6g3nShT-eMCtK--X86sw ...
kafka-1-1  | 2026-09-21T21:52:16.607272511Z [2026-09-21 21:52:16,606] INFO Registered kafka:type=kafka.Log4jController MBean (kafka.utils.Log4jControllerRegistration$)
kafka-1-1  | 2026-09-21T21:52:16.678553053Z [2026-09-21 21:52:16,676] INFO Setting -D jdk.tls.rejectClientInitiatedRenegotiation=true to disable client-initiated TLS renegotiation (org.apache.zookeeper.common.X509Util)
kafka-1-1  | 2026-09-21T21:52:16.680315968Z [2026-09-21 21:52:16,680] INFO RemoteLogManagerConfig values: 
kafka-1-1  | 2026-09-21T21:52:16.680331369Z 	log.local.retention.bytes = -2
kafka-1-1  | 2026-09-21T21:52:16.680333369Z 	log.local.retention.ms = -2
kafka-1-1  | 2026-09-21T21:52:16.680334669Z 	remote.fetch.max.wait.ms = 500
kafka-1-1  | 2026-09-21T21:52:16.680335869Z 	remote.log.index.file.cache.total.size.bytes = 1073741824
kafka-1-1  | 2026-09-21T21:52:16.680337169Z 	remote.log.manager.copier.thread.pool.size = 10
kafka-1-1  | 2026-09-21T21:52:16.680338469Z 	remote.log.manager.copy.max.bytes.per.second = 9223372036854775807
kafka-1-1  | 2026-09-21T21:52:16.680339769Z 	remote.log.manager.copy.quota.window.num = 11
kafka-1-1  | 2026-09-21T21:52:16.680341069Z 	remote.log.manager.copy.quota.window.size.seconds = 1
kafka-1-1  | 2026-09-21T21:52:16.680342269Z 	remote.log.manager.expiration.thread.pool.size = 10
kafka-1-1  | 2026-09-21T21:52:16.680343469Z 	remote.log.manager.fetch.max.bytes.per.second = 9223372036854775807
kafka-1-1  | 2026-09-21T21:52:16.680344670Z 	remote.log.manager.fetch.quota.window.num = 11
kafka-1-1  | 2026-09-21T21:52:16.680346070Z 	remote.log.manager.fetch.quota.window.size.seconds = 1
kafka-1-1  | 2026-09-21T21:52:16.680347270Z 	remote.log.manager.task.interval.ms = 30000
kafka-1-1  | 2026-09-21T21:52:16.680348470Z 	remote.log.manager.task.retry.backoff.max.ms = 30000
kafka-1-1  | 2026-09-21T21:52:16.680349770Z 	remote.log.manager.task.retry.backoff.ms = 500
kafka-1-1  | 2026-09-21T21:52:16.680350970Z 	remote.log.manager.task.retry.jitter = 0.2
kafka-1-1  | 2026-09-21T21:52:16.680352270Z 	remote.log.manager.thread.pool.size = 10
kafka-1-1  | 2026-09-21T21:52:16.680353370Z 	remote.log.metadata.custom.metadata.max.bytes = 128
kafka-1-1  | 2026-09-21T21:52:16.680354670Z 	remote.log.metadata.manager.class.name = org.apache.kafka.server.log.remote.metadata.storage.TopicBasedRemoteLogMetadataManager
kafka-1-1  | 2026-09-21T21:52:16.680356070Z 	remote.log.metadata.manager.class.path = null
kafka-1-1  | 2026-09-21T21:52:16.680357270Z 	remote.log.metadata.manager.impl.prefix = rlmm.config.
kafka-1-1  | 2026-09-21T21:52:16.680358570Z 	remote.log.metadata.manager.listener.name = null
kafka-1-1  | 2026-09-21T21:52:16.680369171Z 	remote.log.reader.max.pending.tasks = 100
kafka-1-1  | 2026-09-21T21:52:16.680370871Z 	remote.log.reader.threads = 10
kafka-1-1  | 2026-09-21T21:52:16.680372071Z 	remote.log.storage.manager.class.name = null
kafka-1-1  | 2026-09-21T21:52:16.680373271Z 	remote.log.storage.manager.class.path = null
kafka-1-1  | 2026-09-21T21:52:16.680374472Z 	remote.log.storage.manager.impl.prefix = rsm.config.
kafka-1-1  | 2026-09-21T21:52:16.680375772Z 	remote.log.storage.system.enable = false
kafka-1-1  | 2026-09-21T21:52:16.680376972Z  (org.apache.kafka.server.log.remote.storage.RemoteLogManagerConfig)
kafka-1-1  | 2026-09-21T21:52:16.774443597Z [2026-09-21 21:52:16,774] INFO RemoteLogManagerConfig values: 
kafka-1-1  | 2026-09-21T21:52:16.774470899Z 	log.local.retention.bytes = -2
kafka-1-1  | 2026-09-21T21:52:16.774473899Z 	log.local.retention.ms = -2
kafka-1-1  | 2026-09-21T21:52:16.774475199Z 	remote.fetch.max.wait.ms = 500
kafka-1-1  | 2026-09-21T21:52:16.774476699Z 	remote.log.index.file.cache.total.size.bytes = 1073741824
kafka-1-1  | 2026-09-21T21:52:16.774477899Z 	remote.log.manager.copier.thread.pool.size = 10
kafka-1-1  | 2026-09-21T21:52:16.774479199Z 	remote.log.manager.copy.max.bytes.per.second = 9223372036854775807
kafka-1-1  | 2026-09-21T21:52:16.774480399Z 	remote.log.manager.copy.quota.window.num = 11
kafka-1-1  | 2026-09-21T21:52:16.774481499Z 	remote.log.manager.copy.quota.window.size.seconds = 1
kafka-1-1  | 2026-09-21T21:52:16.774482700Z 	remote.log.manager.expiration.thread.pool.size = 10
kafka-1-1  | 2026-09-21T21:52:16.774483900Z 	remote.log.manager.fetch.max.bytes.per.second = 9223372036854775807
kafka-1-1  | 2026-09-21T21:52:16.774485100Z 	remote.log.manager.fetch.quota.window.num = 11
kafka-1-1  | 2026-09-21T21:52:16.774486200Z 	remote.log.manager.fetch.quota.window.size.seconds = 1
kafka-1-1  | 2026-09-21T21:52:16.774487300Z 	remote.log.manager.task.interval.ms = 30000
kafka-1-1  | 2026-09-21T21:52:16.774488500Z 	remote.log.manager.task.retry.backoff.max.ms = 30000
kafka-1-1  | 2026-09-21T21:52:16.774489600Z 	remote.log.manager.task.retry.backoff.ms = 500
kafka-1-1  | 2026-09-21T21:52:16.774490800Z 	remote.log.manager.task.retry.jitter = 0.2
kafka-1-1  | 2026-09-21T21:52:16.774492000Z 	remote.log.manager.thread.pool.size = 10
kafka-1-1  | 2026-09-21T21:52:16.774493100Z 	remote.log.metadata.custom.metadata.max.bytes = 128
kafka-1-1  | 2026-09-21T21:52:16.774494300Z 	remote.log.metadata.manager.class.name = org.apache.kafka.server.log.remote.metadata.storage.TopicBasedRemoteLogMetadataManager
kafka-1-1  | 2026-09-21T21:52:16.774495500Z 	remote.log.metadata.manager.class.path = null
kafka-1-1  | 2026-09-21T21:52:16.774497000Z 	remote.log.metadata.manager.impl.prefix = rlmm.config.
kafka-1-1  | 2026-09-21T21:52:16.774498201Z 	remote.log.metadata.manager.listener.name = null
kafka-1-1  | 2026-09-21T21:52:16.774499401Z 	remote.log.reader.max.pending.tasks = 100
kafka-1-1  | 2026-09-21T21:52:16.774500501Z 	remote.log.reader.threads = 10
kafka-1-1  | 2026-09-21T21:52:16.774501701Z 	remote.log.storage.manager.class.name = null
kafka-1-1  | 2026-09-21T21:52:16.774511801Z 	remote.log.storage.manager.class.path = null
kafka-1-1  | 2026-09-21T21:52:16.774513201Z 	remote.log.storage.manager.impl.prefix = rsm.config.
kafka-1-1  | 2026-09-21T21:52:16.774514302Z 	remote.log.storage.system.enable = false
kafka-1-1  | 2026-09-21T21:52:16.774515502Z  (org.apache.kafka.server.log.remote.storage.RemoteLogManagerConfig)
kafka-1-1  | 2026-09-21T21:52:16.782648631Z [2026-09-21 21:52:16,782] INFO RemoteLogManagerConfig values: 
kafka-1-1  | 2026-09-21T21:52:16.782675833Z 	log.local.retention.bytes = -2
kafka-1-1  | 2026-09-21T21:52:16.782678233Z 	log.local.retention.ms = -2
kafka-1-1  | 2026-09-21T21:52:16.782679533Z 	remote.fetch.max.wait.ms = 500
kafka-1-1  | 2026-09-21T21:52:16.782680733Z 	remote.log.index.file.cache.total.size.bytes = 1073741824
kafka-1-1  | 2026-09-21T21:52:16.782681933Z 	remote.log.manager.copier.thread.pool.size = 10
kafka-1-1  | 2026-09-21T21:52:16.782683133Z 	remote.log.manager.copy.max.bytes.per.second = 9223372036854775807
kafka-1-1  | 2026-09-21T21:52:16.782684434Z 	remote.log.manager.copy.quota.window.num = 11
kafka-1-1  | 2026-09-21T21:52:16.782685534Z 	remote.log.manager.copy.quota.window.size.seconds = 1
kafka-1-1  | 2026-09-21T21:52:16.782686634Z 	remote.log.manager.expiration.thread.pool.size = 10
kafka-1-1  | 2026-09-21T21:52:16.782687834Z 	remote.log.manager.fetch.max.bytes.per.second = 9223372036854775807
kafka-1-1  | 2026-09-21T21:52:16.782689034Z 	remote.log.manager.fetch.quota.window.num = 11
kafka-1-1  | 2026-09-21T21:52:16.782690234Z 	remote.log.manager.fetch.quota.window.size.seconds = 1
kafka-1-1  | 2026-09-21T21:52:16.782691334Z 	remote.log.manager.task.interval.ms = 30000
kafka-1-1  | 2026-09-21T21:52:16.782692534Z 	remote.log.manager.task.retry.backoff.max.ms = 30000
kafka-1-1  | 2026-09-21T21:52:16.782693734Z 	remote.log.manager.task.retry.backoff.ms = 500
kafka-1-1  | 2026-09-21T21:52:16.782694834Z 	remote.log.manager.task.retry.jitter = 0.2
kafka-1-1  | 2026-09-21T21:52:16.782696034Z 	remote.log.manager.thread.pool.size = 10
kafka-1-1  | 2026-09-21T21:52:16.782697234Z 	remote.log.metadata.custom.metadata.max.bytes = 128
kafka-1-1  | 2026-09-21T21:52:16.782698434Z 	remote.log.metadata.manager.class.name = org.apache.kafka.server.log.remote.metadata.storage.TopicBasedRemoteLogMetadataManager
kafka-1-1  | 2026-09-21T21:52:16.782699635Z 	remote.log.metadata.manager.class.path = null
kafka-1-1  | 2026-09-21T21:52:16.782700835Z 	remote.log.metadata.manager.impl.prefix = rlmm.config.
kafka-1-1  | 2026-09-21T21:52:16.782702035Z 	remote.log.metadata.manager.listener.name = null
kafka-1-1  | 2026-09-21T21:52:16.782703135Z 	remote.log.reader.max.pending.tasks = 100
kafka-1-1  | 2026-09-21T21:52:16.782704335Z 	remote.log.reader.threads = 10
kafka-1-1  | 2026-09-21T21:52:16.782705535Z 	remote.log.storage.manager.class.name = null
kafka-1-1  | 2026-09-21T21:52:16.782706635Z 	remote.log.storage.manager.class.path = null
kafka-1-1  | 2026-09-21T21:52:16.782707735Z 	remote.log.storage.manager.impl.prefix = rsm.config.
kafka-1-1  | 2026-09-21T21:52:16.782717436Z 	remote.log.storage.system.enable = false
kafka-1-1  | 2026-09-21T21:52:16.782718936Z  (org.apache.kafka.server.log.remote.storage.RemoteLogManagerConfig)
kafka-1-1  | 2026-09-21T21:52:16.800709807Z [2026-09-21 21:52:16,800] INFO Registered signal handlers for TERM, INT, HUP (org.apache.kafka.common.utils.LoggingSignalHandler)
kafka-1-1  | 2026-09-21T21:52:16.802706237Z [2026-09-21 21:52:16,802] INFO [ControllerServer id=1] Starting controller (kafka.server.ControllerServer)
kafka-1-1  | 2026-09-21T21:52:16.804647064Z [2026-09-21 21:52:16,804] INFO RemoteLogManagerConfig values: 
kafka-1-1  | 2026-09-21T21:52:16.804661965Z 	log.local.retention.bytes = -2
kafka-1-1  | 2026-09-21T21:52:16.804663865Z 	log.local.retention.ms = -2
kafka-1-1  | 2026-09-21T21:52:16.804664965Z 	remote.fetch.max.wait.ms = 500
kafka-1-1  | 2026-09-21T21:52:16.804666365Z 	remote.log.index.file.cache.total.size.bytes = 1073741824
kafka-1-1  | 2026-09-21T21:52:16.804667565Z 	remote.log.manager.copier.thread.pool.size = 10
kafka-1-1  | 2026-09-21T21:52:16.804668765Z 	remote.log.manager.copy.max.bytes.per.second = 9223372036854775807
kafka-1-1  | 2026-09-21T21:52:16.804669865Z 	remote.log.manager.copy.quota.window.num = 11
kafka-1-1  | 2026-09-21T21:52:16.804670965Z 	remote.log.manager.copy.quota.window.size.seconds = 1
kafka-1-1  | 2026-09-21T21:52:16.804672065Z 	remote.log.manager.expiration.thread.pool.size = 10
kafka-1-1  | 2026-09-21T21:52:16.804673165Z 	remote.log.manager.fetch.max.bytes.per.second = 9223372036854775807
kafka-1-1  | 2026-09-21T21:52:16.804674766Z 	remote.log.manager.fetch.quota.window.num = 11
kafka-1-1  | 2026-09-21T21:52:16.804675866Z 	remote.log.manager.fetch.quota.window.size.seconds = 1
kafka-1-1  | 2026-09-21T21:52:16.804676966Z 	remote.log.manager.task.interval.ms = 30000
kafka-1-1  | 2026-09-21T21:52:16.804678066Z 	remote.log.manager.task.retry.backoff.max.ms = 30000
kafka-1-1  | 2026-09-21T21:52:16.804679166Z 	remote.log.manager.task.retry.backoff.ms = 500
kafka-1-1  | 2026-09-21T21:52:16.804680266Z 	remote.log.manager.task.retry.jitter = 0.2
kafka-1-1  | 2026-09-21T21:52:16.804681366Z 	remote.log.manager.thread.pool.size = 10
kafka-1-1  | 2026-09-21T21:52:16.804682466Z 	remote.log.metadata.custom.metadata.max.bytes = 128
kafka-1-1  | 2026-09-21T21:52:16.804683666Z 	remote.log.metadata.manager.class.name = org.apache.kafka.server.log.remote.metadata.storage.TopicBasedRemoteLogMetadataManager
kafka-1-1  | 2026-09-21T21:52:16.804684866Z 	remote.log.metadata.manager.class.path = null
kafka-1-1  | 2026-09-21T21:52:16.804685966Z 	remote.log.metadata.manager.impl.prefix = rlmm.config.
kafka-1-1  | 2026-09-21T21:52:16.804687166Z 	remote.log.metadata.manager.listener.name = null
kafka-1-1  | 2026-09-21T21:52:16.804688266Z 	remote.log.reader.max.pending.tasks = 100
kafka-1-1  | 2026-09-21T21:52:16.804700667Z 	remote.log.reader.threads = 10
kafka-1-1  | 2026-09-21T21:52:16.804701967Z 	remote.log.storage.manager.class.name = null
kafka-1-1  | 2026-09-21T21:52:16.804703067Z 	remote.log.storage.manager.class.path = null
kafka-1-1  | 2026-09-21T21:52:16.804704167Z 	remote.log.storage.manager.impl.prefix = rsm.config.
kafka-1-1  | 2026-09-21T21:52:16.804715468Z 	remote.log.storage.system.enable = false
kafka-1-1  | 2026-09-21T21:52:16.804716968Z  (org.apache.kafka.server.log.remote.storage.RemoteLogManagerConfig)
kafka-1-1  | 2026-09-21T21:52:16.980232697Z [2026-09-21 21:52:16,980] INFO Updated connection-accept-rate max connection creation rate to 2147483647 (kafka.network.ConnectionQuotas)
kafka-1-1  | 2026-09-21T21:52:16.997916249Z [2026-09-21 21:52:16,997] INFO [SocketServer listenerType=CONTROLLER, nodeId=1] Created data-plane acceptor and processors for endpoint : ListenerName(CONTROLLER) (kafka.network.SocketServer)
kafka-1-1  | 2026-09-21T21:52:17.001953512Z [2026-09-21 21:52:17,001] INFO authorizerStart completed for endpoint CONTROLLER. Endpoint is now READY. (org.apache.kafka.server.network.EndpointReadyFutures)
kafka-1-1  | 2026-09-21T21:52:17.002637856Z [2026-09-21 21:52:17,002] INFO [SharedServer id=1] Starting SharedServer (kafka.server.SharedServer)
kafka-1-1  | 2026-09-21T21:52:17.004507478Z [2026-09-21 21:52:17,004] INFO RemoteLogManagerConfig values: 
kafka-1-1  | 2026-09-21T21:52:17.004521379Z 	log.local.retention.bytes = -2
kafka-1-1  | 2026-09-21T21:52:17.004523179Z 	log.local.retention.ms = -2
kafka-1-1  | 2026-09-21T21:52:17.004524379Z 	remote.fetch.max.wait.ms = 500
kafka-1-1  | 2026-09-21T21:52:17.004525579Z 	remote.log.index.file.cache.total.size.bytes = 1073741824
kafka-1-1  | 2026-09-21T21:52:17.004526779Z 	remote.log.manager.copier.thread.pool.size = 10
kafka-1-1  | 2026-09-21T21:52:17.004527979Z 	remote.log.manager.copy.max.bytes.per.second = 9223372036854775807
kafka-1-1  | 2026-09-21T21:52:17.004529179Z 	remote.log.manager.copy.quota.window.num = 11
kafka-1-1  | 2026-09-21T21:52:17.004530279Z 	remote.log.manager.copy.quota.window.size.seconds = 1
kafka-1-1  | 2026-09-21T21:52:17.004531479Z 	remote.log.manager.expiration.thread.pool.size = 10
kafka-1-1  | 2026-09-21T21:52:17.004532780Z 	remote.log.manager.fetch.max.bytes.per.second = 9223372036854775807
kafka-1-1  | 2026-09-21T21:52:17.004533980Z 	remote.log.manager.fetch.quota.window.num = 11
kafka-1-1  | 2026-09-21T21:52:17.004535180Z 	remote.log.manager.fetch.quota.window.size.seconds = 1
kafka-1-1  | 2026-09-21T21:52:17.004536380Z 	remote.log.manager.task.interval.ms = 30000
kafka-1-1  | 2026-09-21T21:52:17.004537480Z 	remote.log.manager.task.retry.backoff.max.ms = 30000
kafka-1-1  | 2026-09-21T21:52:17.004538580Z 	remote.log.manager.task.retry.backoff.ms = 500
kafka-1-1  | 2026-09-21T21:52:17.004539680Z 	remote.log.manager.task.retry.jitter = 0.2
kafka-1-1  | 2026-09-21T21:52:17.004541280Z 	remote.log.manager.thread.pool.size = 10
kafka-1-1  | 2026-09-21T21:52:17.004542580Z 	remote.log.metadata.custom.metadata.max.bytes = 128
kafka-1-1  | 2026-09-21T21:52:17.004543780Z 	remote.log.metadata.manager.class.name = org.apache.kafka.server.log.remote.metadata.storage.TopicBasedRemoteLogMetadataManager
kafka-1-1  | 2026-09-21T21:52:17.004545080Z 	remote.log.metadata.manager.class.path = null
kafka-1-1  | 2026-09-21T21:52:17.004546180Z 	remote.log.metadata.manager.impl.prefix = rlmm.config.
kafka-1-1  | 2026-09-21T21:52:17.004547380Z 	remote.log.metadata.manager.listener.name = null
kafka-1-1  | 2026-09-21T21:52:17.004571682Z 	remote.log.reader.max.pending.tasks = 100
kafka-1-1  | 2026-09-21T21:52:17.004574082Z 	remote.log.reader.threads = 10
kafka-1-1  | 2026-09-21T21:52:17.004575282Z 	remote.log.storage.manager.class.name = null
kafka-1-1  | 2026-09-21T21:52:17.004576482Z 	remote.log.storage.manager.class.path = null
kafka-1-1  | 2026-09-21T21:52:17.004577582Z 	remote.log.storage.manager.impl.prefix = rsm.config.
kafka-1-1  | 2026-09-21T21:52:17.004578783Z 	remote.log.storage.system.enable = false
kafka-1-1  | 2026-09-21T21:52:17.004579983Z  (org.apache.kafka.server.log.remote.storage.RemoteLogManagerConfig)
kafka-1-1  | 2026-09-21T21:52:17.050869797Z [2026-09-21 21:52:17,050] INFO [LogLoader partition=__cluster_metadata-0, dir=/tmp/kafka-logs] Loading producer state till offset 0 with message format version 2 (kafka.log.UnifiedLog$)
kafka-1-1  | 2026-09-21T21:52:17.051670549Z [2026-09-21 21:52:17,051] INFO [LogLoader partition=__cluster_metadata-0, dir=/tmp/kafka-logs] Reloading from producer snapshot and rebuilding producer state from offset 0 (kafka.log.UnifiedLog$)
kafka-1-1  | 2026-09-21T21:52:17.051905564Z [2026-09-21 21:52:17,051] INFO [LogLoader partition=__cluster_metadata-0, dir=/tmp/kafka-logs] Producer state recovery took 0ms for snapshot load and 0ms for segment recovery from offset 0 (kafka.log.UnifiedLog$)
kafka-1-1  | 2026-09-21T21:52:17.064323073Z [2026-09-21 21:52:17,064] INFO Initialized snapshots with IDs SortedSet() from /tmp/kafka-logs/__cluster_metadata-0 (kafka.raft.KafkaMetadataLog$)
kafka-1-1  | 2026-09-21T21:52:17.076184945Z [2026-09-21 21:52:17,075] INFO [raft-expiration-reaper]: Starting (kafka.raft.TimingWheelExpirationService$ExpiredOperationReaper)
kafka-1-1  | 2026-09-21T21:52:17.079737577Z [2026-09-21 21:52:17,079] INFO [RaftManager id=1] Reading KRaft snapshot and log as part of the initialization (org.apache.kafka.raft.KafkaRaftClient)
kafka-1-1  | 2026-09-21T21:52:17.081033561Z [2026-09-21 21:52:17,080] INFO [RaftManager id=1] Starting request manager with static voters: [kafka-1:9093 (id: 1 rack: null), kafka-2:9093 (id: 2 rack: null), kafka-3:9093 (id: 3 rack: null)] (org.apache.kafka.raft.KafkaRaftClient)
kafka-1-1  | 2026-09-21T21:52:17.108538252Z [2026-09-21 21:52:17,108] INFO [RaftManager id=1] Completed transition to Unattached(epoch=0, voters=[1, 2, 3], electionTimeoutMs=1455) from null (org.apache.kafka.raft.QuorumState)
kafka-1-1  | 2026-09-21T21:52:17.109133891Z [2026-09-21 21:52:17,109] INFO [kafka-1-raft-outbound-request-thread]: Starting (org.apache.kafka.raft.KafkaNetworkChannel$SendThread)
kafka-1-1  | 2026-09-21T21:52:17.110244163Z [2026-09-21 21:52:17,110] INFO [kafka-1-raft-io-thread]: Starting (org.apache.kafka.raft.KafkaRaftClientDriver)
kafka-1-1  | 2026-09-21T21:52:17.131231830Z [2026-09-21 21:52:17,130] INFO [MetadataLoader id=1] initializeNewPublishers: the loader is still catching up because we still don't know the high water mark yet. (org.apache.kafka.image.loader.MetadataLoader)
kafka-1-1  | 2026-09-21T21:52:17.131968478Z [2026-09-21 21:52:17,131] INFO [ControllerServer id=1] Waiting for controller quorum voters future (kafka.server.ControllerServer)
kafka-1-1  | 2026-09-21T21:52:17.131978778Z [2026-09-21 21:52:17,131] INFO [ControllerServer id=1] Finished waiting for controller quorum voters future (kafka.server.ControllerServer)
kafka-1-1  | 2026-09-21T21:52:17.134485442Z [2026-09-21 21:52:17,134] INFO [RaftManager id=1] Registered the listener org.apache.kafka.image.loader.MetadataLoader@126168058 (org.apache.kafka.raft.KafkaRaftClient)
kafka-1-1  | 2026-09-21T21:52:17.141921826Z [2026-09-21 21:52:17,141] INFO [RaftManager id=1] Registered the listener org.apache.kafka.controller.QuorumController$QuorumMetaLogListener@795614714 (org.apache.kafka.raft.KafkaRaftClient)
kafka-1-1  | 2026-09-21T21:52:17.143133905Z [2026-09-21 21:52:17,142] INFO [controller-1-ThrottledChannelReaper-Fetch]: Starting (kafka.server.ClientQuotaManager$ThrottledChannelReaper)
kafka-1-1  | 2026-09-21T21:52:17.144118669Z [2026-09-21 21:52:17,143] INFO [controller-1-ThrottledChannelReaper-Produce]: Starting (kafka.server.ClientQuotaManager$ThrottledChannelReaper)
kafka-1-1  | 2026-09-21T21:52:17.144557597Z [2026-09-21 21:52:17,144] INFO [controller-1-ThrottledChannelReaper-Request]: Starting (kafka.server.ClientQuotaManager$ThrottledChannelReaper)
kafka-1-1  | 2026-09-21T21:52:17.148317642Z [2026-09-21 21:52:17,147] INFO [controller-1-ThrottledChannelReaper-ControllerMutation]: Starting (kafka.server.ClientQuotaManager$ThrottledChannelReaper)
kafka-1-1  | 2026-09-21T21:52:17.154305832Z [2026-09-21 21:52:17,154] INFO [ExpirationReaper-1-AlterAcls]: Starting (kafka.server.DelayedOperationPurgatory$ExpiredOperationReaper)
kafka-1-1  | 2026-09-21T21:52:17.173970513Z [2026-09-21 21:52:17,173] INFO [MetadataLoader id=1] initializeNewPublishers: the loader is still catching up because we still don't know the high water mark yet. (org.apache.kafka.image.loader.MetadataLoader)
kafka-1-1  | 2026-09-21T21:52:17.174404741Z [2026-09-21 21:52:17,174] INFO [ControllerServer id=1] Waiting for the controller metadata publishers to be installed (kafka.server.ControllerServer)
kafka-1-1  | 2026-09-21T21:52:17.174561351Z [2026-09-21 21:52:17,174] INFO [ControllerServer id=1] Finished waiting for the controller metadata publishers to be installed (kafka.server.ControllerServer)
kafka-1-1  | 2026-09-21T21:52:17.175630721Z [2026-09-21 21:52:17,175] INFO [SocketServer listenerType=CONTROLLER, nodeId=1] Enabling request processing. (kafka.network.SocketServer)
kafka-1-1  | 2026-09-21T21:52:17.178697821Z [2026-09-21 21:52:17,178] INFO Awaiting socket connections on 0.0.0.0:9093. (kafka.network.DataPlaneAcceptor)
kafka-1-1  | 2026-09-21T21:52:17.202021539Z [2026-09-21 21:52:17,201] INFO [controller-1-to-controller-registration-channel-manager]: Starting (kafka.server.NodeToControllerRequestThread)
kafka-1-1  | 2026-09-21T21:52:17.203793455Z [2026-09-21 21:52:17,202] INFO [ControllerRegistrationManager id=1 incarnation=jtWTNTfURi690toHE3jNTQ] initialized channel manager. (kafka.server.ControllerRegistrationManager)
kafka-1-1  | 2026-09-21T21:52:17.205528568Z [2026-09-21 21:52:17,205] INFO [ControllerRegistrationManager id=1 incarnation=jtWTNTfURi690toHE3jNTQ] maybeSendControllerRegistration: cannot register yet because the metadata.version is still 3.0-IV1, which does not support KIP-919 controller registration. (kafka.server.ControllerRegistrationManager)
kafka-1-1  | 2026-09-21T21:52:17.205656276Z [2026-09-21 21:52:17,202] INFO [ControllerServer id=1] Waiting for all of the authorizer futures to be completed (kafka.server.ControllerServer)
kafka-1-1  | 2026-09-21T21:52:17.205772084Z [2026-09-21 21:52:17,205] INFO [ControllerServer id=1] Finished waiting for all of the authorizer futures to be completed (kafka.server.ControllerServer)
kafka-1-1  | 2026-09-21T21:52:17.205840488Z [2026-09-21 21:52:17,205] INFO [ControllerServer id=1] Waiting for all of the SocketServer Acceptors to be started (kafka.server.ControllerServer)
kafka-1-1  | 2026-09-21T21:52:17.205958396Z [2026-09-21 21:52:17,205] INFO [ControllerServer id=1] Finished waiting for all of the SocketServer Acceptors to be started (kafka.server.ControllerServer)
kafka-1-1  | 2026-09-21T21:52:17.207082869Z [2026-09-21 21:52:17,206] INFO [BrokerServer id=1] Transition from SHUTDOWN to STARTING (kafka.server.BrokerServer)
kafka-1-1  | 2026-09-21T21:52:17.208003729Z [2026-09-21 21:52:17,207] INFO [BrokerServer id=1] Starting broker (kafka.server.BrokerServer)
kafka-1-1  | 2026-09-21T21:52:17.214530254Z [2026-09-21 21:52:17,211] INFO RemoteLogManagerConfig values: 
kafka-1-1  | 2026-09-21T21:52:17.214557256Z 	log.local.retention.bytes = -2
kafka-1-1  | 2026-09-21T21:52:17.214559556Z 	log.local.retention.ms = -2
kafka-1-1  | 2026-09-21T21:52:17.214564056Z 	remote.fetch.max.wait.ms = 500
kafka-1-1  | 2026-09-21T21:52:17.214581157Z 	remote.log.index.file.cache.total.size.bytes = 1073741824
kafka-1-1  | 2026-09-21T21:52:17.214583657Z 	remote.log.manager.copier.thread.pool.size = 10
kafka-1-1  | 2026-09-21T21:52:17.214584957Z 	remote.log.manager.copy.max.bytes.per.second = 9223372036854775807
kafka-1-1  | 2026-09-21T21:52:17.214586157Z 	remote.log.manager.copy.quota.window.num = 11
kafka-1-1  | 2026-09-21T21:52:17.214587258Z 	remote.log.manager.copy.quota.window.size.seconds = 1
kafka-1-1  | 2026-09-21T21:52:17.214588358Z 	remote.log.manager.expiration.thread.pool.size = 10
kafka-1-1  | 2026-09-21T21:52:17.214589558Z 	remote.log.manager.fetch.max.bytes.per.second = 9223372036854775807
kafka-1-1  | 2026-09-21T21:52:17.214590658Z 	remote.log.manager.fetch.quota.window.num = 11
kafka-1-1  | 2026-09-21T21:52:17.214591858Z 	remote.log.manager.fetch.quota.window.size.seconds = 1
kafka-1-1  | 2026-09-21T21:52:17.214593058Z 	remote.log.manager.task.interval.ms = 30000
kafka-1-1  | 2026-09-21T21:52:17.214594158Z 	remote.log.manager.task.retry.backoff.max.ms = 30000
kafka-1-1  | 2026-09-21T21:52:17.214595258Z 	remote.log.manager.task.retry.backoff.ms = 500
kafka-1-1  | 2026-09-21T21:52:17.214596458Z 	remote.log.manager.task.retry.jitter = 0.2
kafka-1-1  | 2026-09-21T21:52:17.214597558Z 	remote.log.manager.thread.pool.size = 10
kafka-1-1  | 2026-09-21T21:52:17.214598658Z 	remote.log.metadata.custom.metadata.max.bytes = 128
kafka-1-1  | 2026-09-21T21:52:17.214599758Z 	remote.log.metadata.manager.class.name = org.apache.kafka.server.log.remote.metadata.storage.TopicBasedRemoteLogMetadataManager
kafka-1-1  | 2026-09-21T21:52:17.214600958Z 	remote.log.metadata.manager.class.path = null
kafka-1-1  | 2026-09-21T21:52:17.214602158Z 	remote.log.metadata.manager.impl.prefix = rlmm.config.
kafka-1-1  | 2026-09-21T21:52:17.214603359Z 	remote.log.metadata.manager.listener.name = null
kafka-1-1  | 2026-09-21T21:52:17.214604459Z 	remote.log.reader.max.pending.tasks = 100
kafka-1-1  | 2026-09-21T21:52:17.214605559Z 	remote.log.reader.threads = 10
kafka-1-1  | 2026-09-21T21:52:17.214606659Z 	remote.log.storage.manager.class.name = null
kafka-1-1  | 2026-09-21T21:52:17.214607759Z 	remote.log.storage.manager.class.path = null
kafka-1-1  | 2026-09-21T21:52:17.214608859Z 	remote.log.storage.manager.impl.prefix = rsm.config.
kafka-1-1  | 2026-09-21T21:52:17.214621360Z 	remote.log.storage.system.enable = false
kafka-1-1  | 2026-09-21T21:52:17.214622860Z  (org.apache.kafka.server.log.remote.storage.RemoteLogManagerConfig)
kafka-1-1  | 2026-09-21T21:52:17.226303420Z [2026-09-21 21:52:17,226] INFO [broker-1-ThrottledChannelReaper-Fetch]: Starting (kafka.server.ClientQuotaManager$ThrottledChannelReaper)
kafka-1-1  | 2026-09-21T21:52:17.228134440Z [2026-09-21 21:52:17,227] INFO [broker-1-ThrottledChannelReaper-Produce]: Starting (kafka.server.ClientQuotaManager$ThrottledChannelReaper)
kafka-1-1  | 2026-09-21T21:52:17.229025898Z [2026-09-21 21:52:17,228] INFO [broker-1-ThrottledChannelReaper-Request]: Starting (kafka.server.ClientQuotaManager$ThrottledChannelReaper)
kafka-1-1  | 2026-09-21T21:52:17.229788447Z [2026-09-21 21:52:17,229] INFO [broker-1-ThrottledChannelReaper-ControllerMutation]: Starting (kafka.server.ClientQuotaManager$ThrottledChannelReaper)
kafka-1-1  | 2026-09-21T21:52:17.253192971Z [2026-09-21 21:52:17,252] INFO [BrokerServer id=1] Waiting for controller quorum voters future (kafka.server.BrokerServer)
kafka-1-1  | 2026-09-21T21:52:17.253306479Z [2026-09-21 21:52:17,253] INFO [BrokerServer id=1] Finished waiting for controller quorum voters future (kafka.server.BrokerServer)
kafka-1-1  | 2026-09-21T21:52:17.258305404Z [2026-09-21 21:52:17,258] INFO [broker-1-to-controller-forwarding-channel-manager]: Starting (kafka.server.NodeToControllerRequestThread)
kafka-1-1  | 2026-09-21T21:52:17.263415037Z [2026-09-21 21:52:17,263] INFO [client-metrics-reaper]: Starting (org.apache.kafka.server.util.timer.SystemTimerReaper$Reaper)
kafka-1-1  | 2026-09-21T21:52:17.275445920Z [2026-09-21 21:52:17,274] INFO [MetadataLoader id=1] initializeNewPublishers: the loader is still catching up because we still don't know the high water mark yet. (org.apache.kafka.image.loader.MetadataLoader)
kafka-1-1  | 2026-09-21T21:52:17.350816028Z [2026-09-21 21:52:17,350] INFO Updated connection-accept-rate max connection creation rate to 2147483647 (kafka.network.ConnectionQuotas)
kafka-1-1  | 2026-09-21T21:52:17.362668400Z [2026-09-21 21:52:17,362] INFO [SocketServer listenerType=BROKER, nodeId=1] Created data-plane acceptor and processors for endpoint : ListenerName(PLAINTEXT) (kafka.network.SocketServer)
kafka-1-1  | 2026-09-21T21:52:17.367076387Z [2026-09-21 21:52:17,366] INFO [broker-1-to-controller-alter-partition-channel-manager]: Starting (kafka.server.NodeToControllerRequestThread)
kafka-1-1  | 2026-09-21T21:52:17.376851624Z [2026-09-21 21:52:17,376] INFO [MetadataLoader id=1] initializeNewPublishers: the loader is still catching up because we still don't know the high water mark yet. (org.apache.kafka.image.loader.MetadataLoader)
kafka-1-1  | 2026-09-21T21:52:17.379966726Z [2026-09-21 21:52:17,379] INFO [broker-1-to-controller-directory-assignments-channel-manager]: Starting (kafka.server.NodeToControllerRequestThread)
kafka-1-1  | 2026-09-21T21:52:17.390498012Z [2026-09-21 21:52:17,390] INFO [ExpirationReaper-1-Produce]: Starting (kafka.server.DelayedOperationPurgatory$ExpiredOperationReaper)
kafka-1-1  | 2026-09-21T21:52:17.391584283Z [2026-09-21 21:52:17,391] INFO [ExpirationReaper-1-Fetch]: Starting (kafka.server.DelayedOperationPurgatory$ExpiredOperationReaper)
kafka-1-1  | 2026-09-21T21:52:17.392869767Z [2026-09-21 21:52:17,392] INFO [ExpirationReaper-1-DeleteRecords]: Starting (kafka.server.DelayedOperationPurgatory$ExpiredOperationReaper)
kafka-1-1  | 2026-09-21T21:52:17.394037043Z [2026-09-21 21:52:17,393] INFO [ExpirationReaper-1-ElectLeader]: Starting (kafka.server.DelayedOperationPurgatory$ExpiredOperationReaper)
kafka-1-1  | 2026-09-21T21:52:17.395188618Z [2026-09-21 21:52:17,394] INFO [ExpirationReaper-1-RemoteFetch]: Starting (kafka.server.DelayedOperationPurgatory$ExpiredOperationReaper)
kafka-1-1  | 2026-09-21T21:52:17.431239565Z [2026-09-21 21:52:17,430] INFO [ExpirationReaper-1-Rebalance]: Starting (kafka.server.DelayedOperationPurgatory$ExpiredOperationReaper)
kafka-1-1  | 2026-09-21T21:52:17.438366329Z [2026-09-21 21:52:17,438] INFO [ExpirationReaper-1-Heartbeat]: Starting (kafka.server.DelayedOperationPurgatory$ExpiredOperationReaper)
kafka-1-1  | 2026-09-21T21:52:17.441850156Z [2026-09-21 21:52:17,441] INFO Unable to read the broker epoch in /tmp/kafka-logs. (kafka.log.LogManager)
kafka-1-1  | 2026-09-21T21:52:17.446566763Z [2026-09-21 21:52:17,446] INFO [broker-1-to-controller-heartbeat-channel-manager]: Starting (kafka.server.NodeToControllerRequestThread)
kafka-1-1  | 2026-09-21T21:52:17.447403818Z [2026-09-21 21:52:17,447] INFO [BrokerLifecycleManager id=1] Incarnation dkvlujrrS4CROMsMWdrhHw of broker 1 in cluster 5L6g3nShT-eMCtK--X86sw is now STARTING. (kafka.server.BrokerLifecycleManager)
kafka-1-1  | 2026-09-21T21:52:17.450398313Z [2026-09-21 21:52:17,450] INFO [ExpirationReaper-1-AlterAcls]: Starting (kafka.server.DelayedOperationPurgatory$ExpiredOperationReaper)
kafka-1-1  | 2026-09-21T21:52:17.473947846Z [2026-09-21 21:52:17,473] INFO [BrokerServer id=1] Waiting for the broker metadata publishers to be installed (kafka.server.BrokerServer)
kafka-1-1  | 2026-09-21T21:52:17.479207689Z [2026-09-21 21:52:17,473] INFO [MetadataLoader id=1] initializeNewPublishers: the loader is still catching up because we still don't know the high water mark yet. (org.apache.kafka.image.loader.MetadataLoader)
kafka-1-1  | 2026-09-21T21:52:17.479241891Z [2026-09-21 21:52:17,478] INFO [BrokerServer id=1] Finished waiting for the broker metadata publishers to be installed (kafka.server.BrokerServer)
kafka-1-1  | 2026-09-21T21:52:17.481315026Z [2026-09-21 21:52:17,479] INFO [BrokerServer id=1] Waiting for the controller to acknowledge that we are caught up (kafka.server.BrokerServer)
kafka-1-1  | 2026-09-21T21:52:17.579286105Z [2026-09-21 21:52:17,578] INFO [MetadataLoader id=1] initializeNewPublishers: the loader is still catching up because we still don't know the high water mark yet. (org.apache.kafka.image.loader.MetadataLoader)
kafka-1-1  | 2026-09-21T21:52:17.680812016Z [2026-09-21 21:52:17,679] INFO [MetadataLoader id=1] initializeNewPublishers: the loader is still catching up because we still don't know the high water mark yet. (org.apache.kafka.image.loader.MetadataLoader)
kafka-1-1  | 2026-09-21T21:52:17.782045208Z [2026-09-21 21:52:17,780] INFO [MetadataLoader id=1] initializeNewPublishers: the loader is still catching up because we still don't know the high water mark yet. (org.apache.kafka.image.loader.MetadataLoader)
kafka-1-1  | 2026-09-21T21:52:17.882296636Z [2026-09-21 21:52:17,881] INFO [MetadataLoader id=1] initializeNewPublishers: the loader is still catching up because we still don't know the high water mark yet. (org.apache.kafka.image.loader.MetadataLoader)
kafka-1-1  | 2026-09-21T21:52:17.982749777Z [2026-09-21 21:52:17,982] INFO [MetadataLoader id=1] initializeNewPublishers: the loader is still catching up because we still don't know the high water mark yet. (org.apache.kafka.image.loader.MetadataLoader)
kafka-1-1  | 2026-09-21T21:52:18.083252822Z [2026-09-21 21:52:18,082] INFO [MetadataLoader id=1] initializeNewPublishers: the loader is still catching up because we still don't know the high water mark yet. (org.apache.kafka.image.loader.MetadataLoader)
kafka-1-1  | 2026-09-21T21:52:18.183687362Z [2026-09-21 21:52:18,183] INFO [MetadataLoader id=1] initializeNewPublishers: the loader is still catching up because we still don't know the high water mark yet. (org.apache.kafka.image.loader.MetadataLoader)
kafka-1-1  | 2026-09-21T21:52:18.284101000Z [2026-09-21 21:52:18,283] INFO [MetadataLoader id=1] initializeNewPublishers: the loader is still catching up because we still don't know the high water mark yet. (org.apache.kafka.image.loader.MetadataLoader)
kafka-1-1  | 2026-09-21T21:52:18.384499938Z [2026-09-21 21:52:18,384] INFO [MetadataLoader id=1] initializeNewPublishers: the loader is still catching up because we still don't know the high water mark yet. (org.apache.kafka.image.loader.MetadataLoader)
kafka-1-1  | 2026-09-21T21:52:18.463663993Z [2026-09-21 21:52:18,463] INFO [RaftManager id=1] Completed transition to Unattached(epoch=1, voters=[1, 2, 3], electionTimeoutMs=85) from Unattached(epoch=0, voters=[1, 2, 3], electionTimeoutMs=1455) (org.apache.kafka.raft.QuorumState)
kafka-1-1  | 2026-09-21T21:52:18.470435934Z [2026-09-21 21:52:18,470] INFO [RaftManager id=1] Completed transition to Voted(epoch=1, votedKey=ReplicaKey(id=2, directoryId=Optional.empty), voters=[1, 2, 3], electionTimeoutMs=1097, highWatermark=Optional.empty) from Unattached(epoch=1, voters=[1, 2, 3], electionTimeoutMs=85) (org.apache.kafka.raft.QuorumState)
kafka-1-1  | 2026-09-21T21:52:18.470785157Z [2026-09-21 21:52:18,470] INFO [RaftManager id=1] Vote request VoteRequestData(clusterId='5L6g3nShT-eMCtK--X86sw', topics=[TopicData(topicName='__cluster_metadata', partitions=[PartitionData(partitionIndex=0, candidateEpoch=1, candidateId=2, lastOffsetEpoch=0, lastOffset=0)])]) with epoch 1 is granted (org.apache.kafka.raft.KafkaRaftClient)
kafka-1-1  | 2026-09-21T21:52:18.484791769Z [2026-09-21 21:52:18,484] INFO [MetadataLoader id=1] initializeNewPublishers: the loader is still catching up because we still don't know the high water mark yet. (org.apache.kafka.image.loader.MetadataLoader)
kafka-1-1  | 2026-09-21T21:52:18.523696902Z [2026-09-21 21:52:18,522] INFO [RaftManager id=1] Completed transition to FollowerState(fetchTimeoutMs=2000, epoch=1, leader=kafka-2:9093 (id: 2 rack: null) voters=[1, 2, 3], highWatermark=Optional.empty, fetchingSnapshot=Optional.empty) from Voted(epoch=1, votedKey=ReplicaKey(id=2, directoryId=Optional.empty), voters=[1, 2, 3], electionTimeoutMs=1097, highWatermark=Optional.empty) (org.apache.kafka.raft.QuorumState)
kafka-1-1  | 2026-09-21T21:52:18.545024191Z [2026-09-21 21:52:18,544] INFO [controller-1-to-controller-registration-channel-manager]: Recorded new KRaft controller, from now on will use node kafka-2:9093 (id: 2 rack: null) (kafka.server.NodeToControllerRequestThread)
kafka-1-1  | 2026-09-21T21:52:18.552779796Z [2026-09-21 21:52:18,552] INFO [broker-1-to-controller-heartbeat-channel-manager]: Recorded new KRaft controller, from now on will use node kafka-2:9093 (id: 2 rack: null) (kafka.server.NodeToControllerRequestThread)
kafka-1-1  | 2026-09-21T21:52:18.564531361Z [2026-09-21 21:52:18,562] INFO [NodeToControllerChannelManager id=1 name=heartbeat] Client requested disconnect from node 2 (org.apache.kafka.clients.NetworkClient)
kafka-1-1  | 2026-09-21T21:52:18.564560363Z [2026-09-21 21:52:18,564] INFO [broker-1-to-controller-heartbeat-channel-manager]: Recorded new KRaft controller, from now on will use node kafka-2:9093 (id: 2 rack: null) (kafka.server.NodeToControllerRequestThread)
kafka-1-1  | 2026-09-21T21:52:18.566080562Z [2026-09-21 21:52:18,565] INFO [broker-1-to-controller-forwarding-channel-manager]: Recorded new KRaft controller, from now on will use node kafka-2:9093 (id: 2 rack: null) (kafka.server.NodeToControllerRequestThread)
kafka-1-1  | 2026-09-21T21:52:18.574940039Z [2026-09-21 21:52:18,574] INFO [broker-1-to-controller-alter-partition-channel-manager]: Recorded new KRaft controller, from now on will use node kafka-2:9093 (id: 2 rack: null) (kafka.server.NodeToControllerRequestThread)
kafka-1-1  | 2026-09-21T21:52:18.585299613Z [2026-09-21 21:52:18,585] INFO [MetadataLoader id=1] initializeNewPublishers: the loader is still catching up because we still don't know the high water mark yet. (org.apache.kafka.image.loader.MetadataLoader)
kafka-1-1  | 2026-09-21T21:52:18.585938855Z [2026-09-21 21:52:18,585] INFO [broker-1-to-controller-directory-assignments-channel-manager]: Recorded new KRaft controller, from now on will use node kafka-2:9093 (id: 2 rack: null) (kafka.server.NodeToControllerRequestThread)
kafka-1-1  | 2026-09-21T21:52:18.614423610Z [2026-09-21 21:52:18,614] INFO [broker-1-to-controller-heartbeat-channel-manager]: Recorded new KRaft controller, from now on will use node kafka-2:9093 (id: 2 rack: null) (kafka.server.NodeToControllerRequestThread)
kafka-1-1  | 2026-09-21T21:52:18.620068177Z [2026-09-21 21:52:18,619] INFO [RaftManager id=1] High watermark set to Optional[LogOffsetMetadata(offset=1, metadata=Optional.empty)] for the first time for epoch 1 (org.apache.kafka.raft.FollowerState)
kafka-1-1  | 2026-09-21T21:52:18.622090309Z [2026-09-21 21:52:18,621] INFO [MetadataLoader id=1] maybePublishMetadata(LOG_DELTA): The loader is still catching up because we have not loaded a controller record as of offset 0 and high water mark is 1 (org.apache.kafka.image.loader.MetadataLoader)
kafka-1-1  | 2026-09-21T21:52:18.658464378Z [2026-09-21 21:52:18,658] INFO [MetadataLoader id=1] maybePublishMetadata(LOG_DELTA): The loader finished catching up to the current high water mark of 6 (org.apache.kafka.image.loader.MetadataLoader)
kafka-1-1  | 2026-09-21T21:52:18.659580850Z [2026-09-21 21:52:18,659] INFO [MetadataLoader id=1] InitializeNewPublishers: initializing SnapshotGenerator with a snapshot at offset 5 (org.apache.kafka.image.loader.MetadataLoader)
kafka-1-1  | 2026-09-21T21:52:18.659805265Z [2026-09-21 21:52:18,659] INFO [MetadataLoader id=1] InitializeNewPublishers: initializing KRaftMetadataCachePublisher with a snapshot at offset 5 (org.apache.kafka.image.loader.MetadataLoader)
kafka-1-1  | 2026-09-21T21:52:18.660149687Z [2026-09-21 21:52:18,659] INFO [MetadataLoader id=1] InitializeNewPublishers: initializing FeaturesPublisher with a snapshot at offset 5 (org.apache.kafka.image.loader.MetadataLoader)
kafka-1-1  | 2026-09-21T21:52:18.660801130Z [2026-09-21 21:52:18,660] INFO [ControllerServer id=1] Loaded new metadata Features(metadataVersion=3.8-IV0, finalizedFeatures={metadata.version=20}, finalizedFeaturesEpoch=5). (org.apache.kafka.metadata.publisher.FeaturesPublisher)
kafka-1-1  | 2026-09-21T21:52:18.660808730Z [2026-09-21 21:52:18,660] INFO [MetadataLoader id=1] InitializeNewPublishers: initializing ControllerRegistrationsPublisher with a snapshot at offset 5 (org.apache.kafka.image.loader.MetadataLoader)
kafka-1-1  | 2026-09-21T21:52:18.660810730Z [2026-09-21 21:52:18,660] INFO [MetadataLoader id=1] InitializeNewPublishers: initializing ControllerRegistrationManager with a snapshot at offset 5 (org.apache.kafka.image.loader.MetadataLoader)
kafka-1-1  | 2026-09-21T21:52:18.662604447Z [2026-09-21 21:52:18,660] INFO [MetadataLoader id=1] InitializeNewPublishers: initializing DynamicConfigPublisher controller id=1 with a snapshot at offset 5 (org.apache.kafka.image.loader.MetadataLoader)
kafka-1-1  | 2026-09-21T21:52:18.663672417Z [2026-09-21 21:52:18,662] INFO [ControllerRegistrationManager id=1 incarnation=jtWTNTfURi690toHE3jNTQ] sendControllerRegistration: attempting to send ControllerRegistrationRequestData(controllerId=1, incarnationId=jtWTNTfURi690toHE3jNTQ, zkMigrationReady=false, listeners=[Listener(name='CONTROLLER', host='0.0.0.0', port=9093, securityProtocol=0)], features=[Feature(name='metadata.version', minSupportedVersion=1, maxSupportedVersion=20)]) (kafka.server.ControllerRegistrationManager)
kafka-1-1  | 2026-09-21T21:52:18.663695518Z [2026-09-21 21:52:18,663] INFO [MetadataLoader id=1] InitializeNewPublishers: initializing DynamicClientQuotaPublisher controller id=1 with a snapshot at offset 5 (org.apache.kafka.image.loader.MetadataLoader)
kafka-1-1  | 2026-09-21T21:52:18.664829392Z [2026-09-21 21:52:18,664] INFO [MetadataLoader id=1] InitializeNewPublishers: initializing ScramPublisher controller id=1 with a snapshot at offset 5 (org.apache.kafka.image.loader.MetadataLoader)
kafka-1-1  | 2026-09-21T21:52:18.666415395Z [2026-09-21 21:52:18,666] INFO [MetadataLoader id=1] InitializeNewPublishers: initializing DelegationTokenPublisher controller id=1 with a snapshot at offset 5 (org.apache.kafka.image.loader.MetadataLoader)
kafka-1-1  | 2026-09-21T21:52:18.667592972Z [2026-09-21 21:52:18,667] INFO [MetadataLoader id=1] InitializeNewPublishers: initializing ControllerMetadataMetricsPublisher with a snapshot at offset 5 (org.apache.kafka.image.loader.MetadataLoader)
kafka-1-1  | 2026-09-21T21:52:18.668406325Z [2026-09-21 21:52:18,668] INFO [MetadataLoader id=1] InitializeNewPublishers: initializing AclPublisher controller id=1 with a snapshot at offset 5 (org.apache.kafka.image.loader.MetadataLoader)
kafka-1-1  | 2026-09-21T21:52:18.669699009Z [2026-09-21 21:52:18,669] INFO [MetadataLoader id=1] InitializeNewPublishers: initializing MetadataVersionPublisher(id=1) with a snapshot at offset 5 (org.apache.kafka.image.loader.MetadataLoader)
kafka-1-1  | 2026-09-21T21:52:18.670194741Z [2026-09-21 21:52:18,670] INFO [MetadataLoader id=1] InitializeNewPublishers: initializing BrokerMetadataPublisher with a snapshot at offset 5 (org.apache.kafka.image.loader.MetadataLoader)
kafka-1-1  | 2026-09-21T21:52:18.672098965Z [2026-09-21 21:52:18,671] INFO [BrokerMetadataPublisher id=1] Publishing initial metadata at offset OffsetAndEpoch(offset=5, epoch=1) with metadata.version 3.8-IV0. (kafka.server.metadata.BrokerMetadataPublisher)
kafka-1-1  | 2026-09-21T21:52:18.673629165Z [2026-09-21 21:52:18,673] INFO Loading logs from log dirs ArrayBuffer(/tmp/kafka-logs) (kafka.log.LogManager)
kafka-1-1  | 2026-09-21T21:52:18.677269502Z [2026-09-21 21:52:18,676] INFO No logs found to be loaded in /tmp/kafka-logs (kafka.log.LogManager)
kafka-1-1  | 2026-09-21T21:52:18.679682459Z [2026-09-21 21:52:18,679] INFO [BrokerLifecycleManager id=1] Successfully registered broker 1 with broker epoch 6 (kafka.server.BrokerLifecycleManager)
kafka-1-1  | 2026-09-21T21:52:18.689377190Z [2026-09-21 21:52:18,689] INFO Loaded 0 logs in 14ms (kafka.log.LogManager)
kafka-1-1  | 2026-09-21T21:52:18.689971929Z [2026-09-21 21:52:18,689] INFO Starting log cleanup with a period of 300000 ms. (kafka.log.LogManager)
kafka-1-1  | 2026-09-21T21:52:18.690717278Z [2026-09-21 21:52:18,690] INFO Starting log flusher with a default period of 9223372036854775807 ms. (kafka.log.LogManager)
kafka-1-1  | 2026-09-21T21:52:18.730820689Z [2026-09-21 21:52:18,728] INFO [ControllerRegistrationManager id=1 incarnation=jtWTNTfURi690toHE3jNTQ] RegistrationResponseHandler: controller acknowledged ControllerRegistrationRequest. (kafka.server.ControllerRegistrationManager)
kafka-1-1  | 2026-09-21T21:52:18.832539013Z [2026-09-21 21:52:18,832] INFO [kafka-log-cleaner-thread-0]: Starting (kafka.log.LogCleaner$CleanerThread)
kafka-1-1  | 2026-09-21T21:52:18.835925633Z [2026-09-21 21:52:18,835] INFO [LogDirFailureHandler]: Starting (kafka.server.ReplicaManager$LogDirFailureHandler)
kafka-1-1  | 2026-09-21T21:52:18.836926498Z [2026-09-21 21:52:18,836] INFO [AddPartitionsToTxnSenderThread-1]: Starting (kafka.server.AddPartitionsToTxnManager)
kafka-1-1  | 2026-09-21T21:52:18.838483100Z [2026-09-21 21:52:18,837] INFO [GroupCoordinator 1]: Starting up. (kafka.coordinator.group.GroupCoordinator)
kafka-1-1  | 2026-09-21T21:52:18.838781619Z [2026-09-21 21:52:18,838] INFO [GroupCoordinator 1]: Startup complete. (kafka.coordinator.group.GroupCoordinator)
kafka-1-1  | 2026-09-21T21:52:18.840429426Z [2026-09-21 21:52:18,840] INFO [TransactionCoordinator id=1] Starting up. (kafka.coordinator.transaction.TransactionCoordinator)
kafka-1-1  | 2026-09-21T21:52:18.843051797Z [2026-09-21 21:52:18,842] INFO [TxnMarkerSenderThread-1]: Starting (kafka.coordinator.transaction.TransactionMarkerChannelManager)
kafka-1-1  | 2026-09-21T21:52:18.843633735Z [2026-09-21 21:52:18,842] INFO [TransactionCoordinator id=1] Startup complete. (kafka.coordinator.transaction.TransactionCoordinator)
kafka-1-1  | 2026-09-21T21:52:18.848671563Z [2026-09-21 21:52:18,848] INFO [MetadataLoader id=1] InitializeNewPublishers: initializing BrokerRegistrationTracker(id=1) with a snapshot at offset 5 (org.apache.kafka.image.loader.MetadataLoader)
kafka-1-1  | 2026-09-21T21:52:18.851345237Z [2026-09-21 21:52:18,851] INFO [ControllerRegistrationManager id=1 incarnation=jtWTNTfURi690toHE3jNTQ] Our registration has been persisted to the metadata log. (kafka.server.ControllerRegistrationManager)
kafka-1-1  | 2026-09-21T21:52:18.856158851Z [2026-09-21 21:52:18,856] INFO [BrokerLifecycleManager id=1] The broker has caught up. Transitioning from STARTING to RECOVERY. (kafka.server.BrokerLifecycleManager)
kafka-1-1  | 2026-09-21T21:52:18.856373165Z [2026-09-21 21:52:18,856] INFO [BrokerServer id=1] Finished waiting for the controller to acknowledge that we are caught up (kafka.server.BrokerServer)
kafka-1-1  | 2026-09-21T21:52:18.856429868Z [2026-09-21 21:52:18,856] INFO [BrokerServer id=1] Waiting for the initial broker metadata update to be published (kafka.server.BrokerServer)
kafka-1-1  | 2026-09-21T21:52:18.856434469Z [2026-09-21 21:52:18,856] INFO [BrokerServer id=1] Finished waiting for the initial broker metadata update to be published (kafka.server.BrokerServer)
kafka-1-1  | 2026-09-21T21:52:18.857689250Z [2026-09-21 21:52:18,857] INFO KafkaConfig values: 
kafka-1-1  | 2026-09-21T21:52:18.857695951Z 	advertised.listeners = PLAINTEXT://kafka-1:9092
kafka-1-1  | 2026-09-21T21:52:18.857697651Z 	alter.config.policy.class.name = null
kafka-1-1  | 2026-09-21T21:52:18.857698851Z 	alter.log.dirs.replication.quota.window.num = 11
kafka-1-1  | 2026-09-21T21:52:18.857699851Z 	alter.log.dirs.replication.quota.window.size.seconds = 1
kafka-1-1  | 2026-09-21T21:52:18.857700951Z 	authorizer.class.name = 
kafka-1-1  | 2026-09-21T21:52:18.857702051Z 	auto.create.topics.enable = false
kafka-1-1  | 2026-09-21T21:52:18.857703051Z 	auto.include.jmx.reporter = true
kafka-1-1  | 2026-09-21T21:52:18.857704051Z 	auto.leader.rebalance.enable = true
kafka-1-1  | 2026-09-21T21:52:18.857705151Z 	background.threads = 10
kafka-1-1  | 2026-09-21T21:52:18.857706351Z 	broker.heartbeat.interval.ms = 2000
kafka-1-1  | 2026-09-21T21:52:18.857716352Z 	broker.id = 1
kafka-1-1  | 2026-09-21T21:52:18.857717752Z 	broker.id.generation.enable = true
kafka-1-1  | 2026-09-21T21:52:18.857718852Z 	broker.rack = null
kafka-1-1  | 2026-09-21T21:52:18.857719852Z 	broker.session.timeout.ms = 9000
kafka-1-1  | 2026-09-21T21:52:18.857720852Z 	client.quota.callback.class = null
kafka-1-1  | 2026-09-21T21:52:18.857721952Z 	compression.gzip.level = -1
kafka-1-1  | 2026-09-21T21:52:18.857722953Z 	compression.lz4.level = 9
kafka-1-1  | 2026-09-21T21:52:18.857724053Z 	compression.type = producer
kafka-1-1  | 2026-09-21T21:52:18.857725053Z 	compression.zstd.level = 3
kafka-1-1  | 2026-09-21T21:52:18.857726153Z 	connection.failed.authentication.delay.ms = 100
kafka-1-1  | 2026-09-21T21:52:18.857727253Z 	connections.max.idle.ms = 600000
kafka-1-1  | 2026-09-21T21:52:18.857728253Z 	connections.max.reauth.ms = 0
kafka-1-1  | 2026-09-21T21:52:18.857729353Z 	control.plane.listener.name = null
kafka-1-1  | 2026-09-21T21:52:18.857730353Z 	controlled.shutdown.enable = true
kafka-1-1  | 2026-09-21T21:52:18.857731453Z 	controlled.shutdown.max.retries = 3
kafka-1-1  | 2026-09-21T21:52:18.857732553Z 	controlled.shutdown.retry.backoff.ms = 5000
kafka-1-1  | 2026-09-21T21:52:18.857733653Z 	controller.listener.names = CONTROLLER
kafka-1-1  | 2026-09-21T21:52:18.857734653Z 	controller.quorum.append.linger.ms = 25
kafka-1-1  | 2026-09-21T21:52:18.857745654Z 	controller.quorum.bootstrap.servers = []
kafka-1-1  | 2026-09-21T21:52:18.857747454Z 	controller.quorum.election.backoff.max.ms = 1000
kafka-1-1  | 2026-09-21T21:52:18.857748654Z 	controller.quorum.election.timeout.ms = 1000
kafka-1-1  | 2026-09-21T21:52:18.857749754Z 	controller.quorum.fetch.timeout.ms = 2000
kafka-1-1  | 2026-09-21T21:52:18.857750854Z 	controller.quorum.request.timeout.ms = 2000
kafka-1-1  | 2026-09-21T21:52:18.857751854Z 	controller.quorum.retry.backoff.ms = 20
kafka-1-1  | 2026-09-21T21:52:18.857752954Z 	controller.quorum.voters = [1@kafka-1:9093, 2@kafka-2:9093, 3@kafka-3:9093]
kafka-1-1  | 2026-09-21T21:52:18.857754155Z 	controller.quota.window.num = 11
kafka-1-1  | 2026-09-21T21:52:18.857755155Z 	controller.quota.window.size.seconds = 1
kafka-1-1  | 2026-09-21T21:52:18.857756255Z 	controller.socket.timeout.ms = 30000
kafka-1-1  | 2026-09-21T21:52:18.857757255Z 	create.topic.policy.class.name = null
kafka-1-1  | 2026-09-21T21:52:18.857758355Z 	default.replication.factor = 3
kafka-1-1  | 2026-09-21T21:52:18.857759455Z 	delegation.token.expiry.check.interval.ms = 3600000
kafka-1-1  | 2026-09-21T21:52:18.857760555Z 	delegation.token.expiry.time.ms = 86400000
kafka-1-1  | 2026-09-21T21:52:18.857761655Z 	delegation.token.master.key = null
kafka-1-1  | 2026-09-21T21:52:18.857762655Z 	delegation.token.max.lifetime.ms = 604800000
kafka-1-1  | 2026-09-21T21:52:18.857763655Z 	delegation.token.secret.key = null
kafka-1-1  | 2026-09-21T21:52:18.857764755Z 	delete.records.purgatory.purge.interval.requests = 1
kafka-1-1  | 2026-09-21T21:52:18.857768055Z 	delete.topic.enable = true
kafka-1-1  | 2026-09-21T21:52:18.857769356Z 	early.start.listeners = null
kafka-1-1  | 2026-09-21T21:52:18.857770356Z 	eligible.leader.replicas.enable = false
kafka-1-1  | 2026-09-21T21:52:18.857771556Z 	fetch.max.bytes = 57671680
kafka-1-1  | 2026-09-21T21:52:18.857772956Z 	fetch.purgatory.purge.interval.requests = 1000
kafka-1-1  | 2026-09-21T21:52:18.857774656Z 	group.consumer.assignors = [org.apache.kafka.coordinator.group.assignor.UniformAssignor, org.apache.kafka.coordinator.group.assignor.RangeAssignor]
kafka-1-1  | 2026-09-21T21:52:18.857775856Z 	group.consumer.heartbeat.interval.ms = 5000
kafka-1-1  | 2026-09-21T21:52:18.857776956Z 	group.consumer.max.heartbeat.interval.ms = 15000
kafka-1-1  | 2026-09-21T21:52:18.857778056Z 	group.consumer.max.session.timeout.ms = 60000
kafka-1-1  | 2026-09-21T21:52:18.857779156Z 	group.consumer.max.size = 2147483647
kafka-1-1  | 2026-09-21T21:52:18.857780156Z 	group.consumer.migration.policy = disabled
kafka-1-1  | 2026-09-21T21:52:18.857781256Z 	group.consumer.min.heartbeat.interval.ms = 5000
kafka-1-1  | 2026-09-21T21:52:18.857782356Z 	group.consumer.min.session.timeout.ms = 45000
kafka-1-1  | 2026-09-21T21:52:18.857783456Z 	group.consumer.session.timeout.ms = 45000
kafka-1-1  | 2026-09-21T21:52:18.857784457Z 	group.coordinator.append.linger.ms = 10
kafka-1-1  | 2026-09-21T21:52:18.857785557Z 	group.coordinator.new.enable = false
kafka-1-1  | 2026-09-21T21:52:18.857786557Z 	group.coordinator.rebalance.protocols = [classic]
kafka-1-1  | 2026-09-21T21:52:18.857787657Z 	group.coordinator.threads = 1
kafka-1-1  | 2026-09-21T21:52:18.857788757Z 	group.initial.rebalance.delay.ms = 3000
kafka-1-1  | 2026-09-21T21:52:18.857789857Z 	group.max.session.timeout.ms = 1800000
kafka-1-1  | 2026-09-21T21:52:18.857790957Z 	group.max.size = 2147483647
kafka-1-1  | 2026-09-21T21:52:18.857791957Z 	group.min.session.timeout.ms = 6000
kafka-1-1  | 2026-09-21T21:52:18.857792957Z 	initial.broker.registration.timeout.ms = 60000
kafka-1-1  | 2026-09-21T21:52:18.857794057Z 	inter.broker.listener.name = PLAINTEXT
kafka-1-1  | 2026-09-21T21:52:18.857795057Z 	inter.broker.protocol.version = 3.8-IV0
kafka-1-1  | 2026-09-21T21:52:18.857796257Z 	kafka.metrics.polling.interval.secs = 10
kafka-1-1  | 2026-09-21T21:52:18.857797257Z 	kafka.metrics.reporters = []
kafka-1-1  | 2026-09-21T21:52:18.857798357Z 	leader.imbalance.check.interval.seconds = 300
kafka-1-1  | 2026-09-21T21:52:18.857799458Z 	leader.imbalance.per.broker.percentage = 10
kafka-1-1  | 2026-09-21T21:52:18.857800458Z 	listener.security.protocol.map = PLAINTEXT:PLAINTEXT,CONTROLLER:PLAINTEXT
kafka-1-1  | 2026-09-21T21:52:18.857801658Z 	listeners = PLAINTEXT://0.0.0.0:9092,CONTROLLER://0.0.0.0:9093
kafka-1-1  | 2026-09-21T21:52:18.857802658Z 	log.cleaner.backoff.ms = 15000
kafka-1-1  | 2026-09-21T21:52:18.857803758Z 	log.cleaner.dedupe.buffer.size = 134217728
kafka-1-1  | 2026-09-21T21:52:18.857804858Z 	log.cleaner.delete.retention.ms = 86400000
kafka-1-1  | 2026-09-21T21:52:18.857807258Z 	log.cleaner.enable = true
kafka-1-1  | 2026-09-21T21:52:18.857808458Z 	log.cleaner.io.buffer.load.factor = 0.9
kafka-1-1  | 2026-09-21T21:52:18.857809458Z 	log.cleaner.io.buffer.size = 524288
kafka-1-1  | 2026-09-21T21:52:18.857810558Z 	log.cleaner.io.max.bytes.per.second = 1.7976931348623157E308
kafka-1-1  | 2026-09-21T21:52:18.857811658Z 	log.cleaner.max.compaction.lag.ms = 9223372036854775807
kafka-1-1  | 2026-09-21T21:52:18.857812658Z 	log.cleaner.min.cleanable.ratio = 0.5
kafka-1-1  | 2026-09-21T21:52:18.857813758Z 	log.cleaner.min.compaction.lag.ms = 0
kafka-1-1  | 2026-09-21T21:52:18.857814859Z 	log.cleaner.threads = 1
kafka-1-1  | 2026-09-21T21:52:18.857815859Z 	log.cleanup.policy = [delete]
kafka-1-1  | 2026-09-21T21:52:18.857816959Z 	log.dir = /tmp/kafka-logs
kafka-1-1  | 2026-09-21T21:52:18.857818059Z 	log.dir.failure.timeout.ms = 30000
kafka-1-1  | 2026-09-21T21:52:18.857819059Z 	log.dirs = null
kafka-1-1  | 2026-09-21T21:52:18.857820159Z 	log.flush.interval.messages = 9223372036854775807
kafka-1-1  | 2026-09-21T21:52:18.857821159Z 	log.flush.interval.ms = null
kafka-1-1  | 2026-09-21T21:52:18.857822259Z 	log.flush.offset.checkpoint.interval.ms = 60000
kafka-1-1  | 2026-09-21T21:52:18.857823359Z 	log.flush.scheduler.interval.ms = 9223372036854775807
kafka-1-1  | 2026-09-21T21:52:18.857824459Z 	log.flush.start.offset.checkpoint.interval.ms = 60000
kafka-1-1  | 2026-09-21T21:52:18.857825859Z 	log.index.interval.bytes = 4096
kafka-1-1  | 2026-09-21T21:52:18.857826959Z 	log.index.size.max.bytes = 10485760
kafka-1-1  | 2026-09-21T21:52:18.857828059Z 	log.initial.task.delay.ms = 30000
kafka-1-1  | 2026-09-21T21:52:18.857829059Z 	log.local.retention.bytes = -2
kafka-1-1  | 2026-09-21T21:52:18.857830160Z 	log.local.retention.ms = -2
kafka-1-1  | 2026-09-21T21:52:18.857834160Z 	log.message.downconversion.enable = true
kafka-1-1  | 2026-09-21T21:52:18.857835360Z 	log.message.format.version = 3.0-IV1
kafka-1-1  | 2026-09-21T21:52:18.857836460Z 	log.message.timestamp.after.max.ms = 9223372036854775807
kafka-1-1  | 2026-09-21T21:52:18.857837560Z 	log.message.timestamp.before.max.ms = 9223372036854775807
kafka-1-1  | 2026-09-21T21:52:18.857838660Z 	log.message.timestamp.difference.max.ms = 9223372036854775807
kafka-1-1  | 2026-09-21T21:52:18.857839760Z 	log.message.timestamp.type = CreateTime
kafka-1-1  | 2026-09-21T21:52:18.857840860Z 	log.preallocate = false
kafka-1-1  | 2026-09-21T21:52:18.857841860Z 	log.retention.bytes = -1
kafka-1-1  | 2026-09-21T21:52:18.857842860Z 	log.retention.check.interval.ms = 300000
kafka-1-1  | 2026-09-21T21:52:18.857844060Z 	log.retention.hours = 168
kafka-1-1  | 2026-09-21T21:52:18.857845060Z 	log.retention.minutes = null
kafka-1-1  | 2026-09-21T21:52:18.857846161Z 	log.retention.ms = null
kafka-1-1  | 2026-09-21T21:52:18.857847161Z 	log.roll.hours = 168
kafka-1-1  | 2026-09-21T21:52:18.857848161Z 	log.roll.jitter.hours = 0
kafka-1-1  | 2026-09-21T21:52:18.857849261Z 	log.roll.jitter.ms = null
kafka-1-1  | 2026-09-21T21:52:18.857851761Z 	log.roll.ms = null
kafka-1-1  | 2026-09-21T21:52:18.857852961Z 	log.segment.bytes = 1073741824
kafka-1-1  | 2026-09-21T21:52:18.857854061Z 	log.segment.delete.delay.ms = 60000
kafka-1-1  | 2026-09-21T21:52:18.857855161Z 	max.connection.creation.rate = 2147483647
kafka-1-1  | 2026-09-21T21:52:18.857856261Z 	max.connections = 2147483647
kafka-1-1  | 2026-09-21T21:52:18.857857261Z 	max.connections.per.ip = 2147483647
kafka-1-1  | 2026-09-21T21:52:18.857868862Z 	max.connections.per.ip.overrides = 
kafka-1-1  | 2026-09-21T21:52:18.857874962Z 	max.incremental.fetch.session.cache.slots = 1000
kafka-1-1  | 2026-09-21T21:52:18.857876263Z 	max.request.partition.size.limit = 2000
kafka-1-1  | 2026-09-21T21:52:18.857877363Z 	message.max.bytes = 1048588
kafka-1-1  | 2026-09-21T21:52:18.857878463Z 	metadata.log.dir = null
kafka-1-1  | 2026-09-21T21:52:18.857879563Z 	metadata.log.max.record.bytes.between.snapshots = 20971520
kafka-1-1  | 2026-09-21T21:52:18.857880663Z 	metadata.log.max.snapshot.interval.ms = 3600000
kafka-1-1  | 2026-09-21T21:52:18.857881763Z 	metadata.log.segment.bytes = 1073741824
kafka-1-1  | 2026-09-21T21:52:18.857882863Z 	metadata.log.segment.min.bytes = 8388608
kafka-1-1  | 2026-09-21T21:52:18.857883863Z 	metadata.log.segment.ms = 604800000
kafka-1-1  | 2026-09-21T21:52:18.857885063Z 	metadata.max.idle.interval.ms = 500
kafka-1-1  | 2026-09-21T21:52:18.857886263Z 	metadata.max.retention.bytes = 104857600
kafka-1-1  | 2026-09-21T21:52:18.857887363Z 	metadata.max.retention.ms = 604800000
kafka-1-1  | 2026-09-21T21:52:18.857888463Z 	metric.reporters = []
kafka-1-1  | 2026-09-21T21:52:18.857889563Z 	metrics.num.samples = 2
kafka-1-1  | 2026-09-21T21:52:18.857890563Z 	metrics.recording.level = INFO
kafka-1-1  | 2026-09-21T21:52:18.857891664Z 	metrics.sample.window.ms = 30000
kafka-1-1  | 2026-09-21T21:52:18.857892764Z 	min.insync.replicas = 2
kafka-1-1  | 2026-09-21T21:52:18.857893864Z 	node.id = 1
kafka-1-1  | 2026-09-21T21:52:18.857894964Z 	num.io.threads = 8
kafka-1-1  | 2026-09-21T21:52:18.857896064Z 	num.network.threads = 3
kafka-1-1  | 2026-09-21T21:52:18.857897064Z 	num.partitions = 1
kafka-1-1  | 2026-09-21T21:52:18.857898164Z 	num.recovery.threads.per.data.dir = 1
kafka-1-1  | 2026-09-21T21:52:18.857899264Z 	num.replica.alter.log.dirs.threads = null
kafka-1-1  | 2026-09-21T21:52:18.857904764Z 	num.replica.fetchers = 1
kafka-1-1  | 2026-09-21T21:52:18.857905964Z 	offset.metadata.max.bytes = 4096
kafka-1-1  | 2026-09-21T21:52:18.857907165Z 	offsets.commit.required.acks = -1
kafka-1-1  | 2026-09-21T21:52:18.857908265Z 	offsets.commit.timeout.ms = 5000
kafka-1-1  | 2026-09-21T21:52:18.857909365Z 	offsets.load.buffer.size = 5242880
kafka-1-1  | 2026-09-21T21:52:18.857910365Z 	offsets.retention.check.interval.ms = 600000
kafka-1-1  | 2026-09-21T21:52:18.857911465Z 	offsets.retention.minutes = 10080
kafka-1-1  | 2026-09-21T21:52:18.857914565Z 	offsets.topic.compression.codec = 0
kafka-1-1  | 2026-09-21T21:52:18.857915765Z 	offsets.topic.num.partitions = 50
kafka-1-1  | 2026-09-21T21:52:18.857917765Z 	offsets.topic.replication.factor = 3
kafka-1-1  | 2026-09-21T21:52:18.857918965Z 	offsets.topic.segment.bytes = 104857600
kafka-1-1  | 2026-09-21T21:52:18.857920065Z 	password.encoder.cipher.algorithm = AES/CBC/PKCS5Padding
kafka-1-1  | 2026-09-21T21:52:18.857921165Z 	password.encoder.iterations = 4096
kafka-1-1  | 2026-09-21T21:52:18.857922266Z 	password.encoder.key.length = 128
kafka-1-1  | 2026-09-21T21:52:18.857923266Z 	password.encoder.keyfactory.algorithm = null
kafka-1-1  | 2026-09-21T21:52:18.857924366Z 	password.encoder.old.secret = null
kafka-1-1  | 2026-09-21T21:52:18.857925466Z 	password.encoder.secret = null
kafka-1-1  | 2026-09-21T21:52:18.857926566Z 	principal.builder.class = class org.apache.kafka.common.security.authenticator.DefaultKafkaPrincipalBuilder
kafka-1-1  | 2026-09-21T21:52:18.857927766Z 	process.roles = [broker, controller]
kafka-1-1  | 2026-09-21T21:52:18.857928866Z 	producer.id.expiration.check.interval.ms = 600000
kafka-1-1  | 2026-09-21T21:52:18.857929966Z 	producer.id.expiration.ms = 86400000
kafka-1-1  | 2026-09-21T21:52:18.857931066Z 	producer.purgatory.purge.interval.requests = 1000
kafka-1-1  | 2026-09-21T21:52:18.857932166Z 	queued.max.request.bytes = -1
kafka-1-1  | 2026-09-21T21:52:18.857933266Z 	queued.max.requests = 500
kafka-1-1  | 2026-09-21T21:52:18.857934266Z 	quota.window.num = 11
kafka-1-1  | 2026-09-21T21:52:18.857935366Z 	quota.window.size.seconds = 1
kafka-1-1  | 2026-09-21T21:52:18.857936466Z 	remote.fetch.max.wait.ms = 500
kafka-1-1  | 2026-09-21T21:52:18.857937567Z 	remote.log.index.file.cache.total.size.bytes = 1073741824
kafka-1-1  | 2026-09-21T21:52:18.857938667Z 	remote.log.manager.copier.thread.pool.size = 10
kafka-1-1  | 2026-09-21T21:52:18.857939767Z 	remote.log.manager.copy.max.bytes.per.second = 9223372036854775807
kafka-1-1  | 2026-09-21T21:52:18.857940867Z 	remote.log.manager.copy.quota.window.num = 11
kafka-1-1  | 2026-09-21T21:52:18.857941967Z 	remote.log.manager.copy.quota.window.size.seconds = 1
kafka-1-1  | 2026-09-21T21:52:18.857943067Z 	remote.log.manager.expiration.thread.pool.size = 10
kafka-1-1  | 2026-09-21T21:52:18.857944167Z 	remote.log.manager.fetch.max.bytes.per.second = 9223372036854775807
kafka-1-1  | 2026-09-21T21:52:18.857945367Z 	remote.log.manager.fetch.quota.window.num = 11
kafka-1-1  | 2026-09-21T21:52:18.857946467Z 	remote.log.manager.fetch.quota.window.size.seconds = 1
kafka-1-1  | 2026-09-21T21:52:18.857947667Z 	remote.log.manager.task.interval.ms = 30000
kafka-1-1  | 2026-09-21T21:52:18.857948767Z 	remote.log.manager.task.retry.backoff.max.ms = 30000
kafka-1-1  | 2026-09-21T21:52:18.857949767Z 	remote.log.manager.task.retry.backoff.ms = 500
kafka-1-1  | 2026-09-21T21:52:18.857950867Z 	remote.log.manager.task.retry.jitter = 0.2
kafka-1-1  | 2026-09-21T21:52:18.857951967Z 	remote.log.manager.thread.pool.size = 10
kafka-1-1  | 2026-09-21T21:52:18.857954868Z 	remote.log.metadata.custom.metadata.max.bytes = 128
kafka-1-1  | 2026-09-21T21:52:18.857956168Z 	remote.log.metadata.manager.class.name = org.apache.kafka.server.log.remote.metadata.storage.TopicBasedRemoteLogMetadataManager
kafka-1-1  | 2026-09-21T21:52:18.857957468Z 	remote.log.metadata.manager.class.path = null
kafka-1-1  | 2026-09-21T21:52:18.857958568Z 	remote.log.metadata.manager.impl.prefix = rlmm.config.
kafka-1-1  | 2026-09-21T21:52:18.857959668Z 	remote.log.metadata.manager.listener.name = null
kafka-1-1  | 2026-09-21T21:52:18.857960768Z 	remote.log.reader.max.pending.tasks = 100
kafka-1-1  | 2026-09-21T21:52:18.857961868Z 	remote.log.reader.threads = 10
kafka-1-1  | 2026-09-21T21:52:18.857962868Z 	remote.log.storage.manager.class.name = null
kafka-1-1  | 2026-09-21T21:52:18.857963968Z 	remote.log.storage.manager.class.path = null
kafka-1-1  | 2026-09-21T21:52:18.857965068Z 	remote.log.storage.manager.impl.prefix = rsm.config.
kafka-1-1  | 2026-09-21T21:52:18.858282689Z 	remote.log.storage.system.enable = false
kafka-1-1  | 2026-09-21T21:52:18.858288189Z 	replica.fetch.backoff.ms = 1000
kafka-1-1  | 2026-09-21T21:52:18.858289689Z 	replica.fetch.max.bytes = 1048576
kafka-1-1  | 2026-09-21T21:52:18.858290790Z 	replica.fetch.min.bytes = 1
kafka-1-1  | 2026-09-21T21:52:18.858291890Z 	replica.fetch.response.max.bytes = 10485760
kafka-1-1  | 2026-09-21T21:52:18.858292990Z 	replica.fetch.wait.max.ms = 500
kafka-1-1  | 2026-09-21T21:52:18.858294090Z 	replica.high.watermark.checkpoint.interval.ms = 5000
kafka-1-1  | 2026-09-21T21:52:18.858295190Z 	replica.lag.time.max.ms = 30000
kafka-1-1  | 2026-09-21T21:52:18.858296290Z 	replica.selector.class = null
kafka-1-1  | 2026-09-21T21:52:18.858297290Z 	replica.socket.receive.buffer.bytes = 65536
kafka-1-1  | 2026-09-21T21:52:18.858298390Z 	replica.socket.timeout.ms = 30000
kafka-1-1  | 2026-09-21T21:52:18.858299390Z 	replication.quota.window.num = 11
kafka-1-1  | 2026-09-21T21:52:18.858300490Z 	replication.quota.window.size.seconds = 1
kafka-1-1  | 2026-09-21T21:52:18.858301590Z 	request.timeout.ms = 30000
kafka-1-1  | 2026-09-21T21:52:18.858302690Z 	reserved.broker.max.id = 1000
kafka-1-1  | 2026-09-21T21:52:18.858303690Z 	sasl.client.callback.handler.class = null
kafka-1-1  | 2026-09-21T21:52:18.858304790Z 	sasl.enabled.mechanisms = [GSSAPI]
kafka-1-1  | 2026-09-21T21:52:18.858305790Z 	sasl.jaas.config = null
kafka-1-1  | 2026-09-21T21:52:18.858306891Z 	sasl.kerberos.kinit.cmd = /usr/bin/kinit
kafka-1-1  | 2026-09-21T21:52:18.858307891Z 	sasl.kerberos.min.time.before.relogin = 60000
kafka-1-1  | 2026-09-21T21:52:18.858309091Z 	sasl.kerberos.principal.to.local.rules = [DEFAULT]
kafka-1-1  | 2026-09-21T21:52:18.858310191Z 	sasl.kerberos.service.name = null
kafka-1-1  | 2026-09-21T21:52:18.858311191Z 	sasl.kerberos.ticket.renew.jitter = 0.05
kafka-1-1  | 2026-09-21T21:52:18.858312291Z 	sasl.kerberos.ticket.renew.window.factor = 0.8
kafka-1-1  | 2026-09-21T21:52:18.858313291Z 	sasl.login.callback.handler.class = null
kafka-1-1  | 2026-09-21T21:52:18.858318391Z 	sasl.login.class = null
kafka-1-1  | 2026-09-21T21:52:18.858319591Z 	sasl.login.connect.timeout.ms = null
kafka-1-1  | 2026-09-21T21:52:18.858320691Z 	sasl.login.read.timeout.ms = null
kafka-1-1  | 2026-09-21T21:52:18.858321792Z 	sasl.login.refresh.buffer.seconds = 300
kafka-1-1  | 2026-09-21T21:52:18.858322892Z 	sasl.login.refresh.min.period.seconds = 60
kafka-1-1  | 2026-09-21T21:52:18.858323892Z 	sasl.login.refresh.window.factor = 0.8
kafka-1-1  | 2026-09-21T21:52:18.858324992Z 	sasl.login.refresh.window.jitter = 0.05
kafka-1-1  | 2026-09-21T21:52:18.858325992Z 	sasl.login.retry.backoff.max.ms = 10000
kafka-1-1  | 2026-09-21T21:52:18.858327092Z 	sasl.login.retry.backoff.ms = 100
kafka-1-1  | 2026-09-21T21:52:18.858328092Z 	sasl.mechanism.controller.protocol = GSSAPI
kafka-1-1  | 2026-09-21T21:52:18.858329192Z 	sasl.mechanism.inter.broker.protocol = GSSAPI
kafka-1-1  | 2026-09-21T21:52:18.858330292Z 	sasl.oauthbearer.clock.skew.seconds = 30
kafka-1-1  | 2026-09-21T21:52:18.858331292Z 	sasl.oauthbearer.expected.audience = null
kafka-1-1  | 2026-09-21T21:52:18.858332392Z 	sasl.oauthbearer.expected.issuer = null
kafka-1-1  | 2026-09-21T21:52:18.858333392Z 	sasl.oauthbearer.jwks.endpoint.refresh.ms = 3600000
kafka-1-1  | 2026-09-21T21:52:18.858334492Z 	sasl.oauthbearer.jwks.endpoint.retry.backoff.max.ms = 10000
kafka-1-1  | 2026-09-21T21:52:18.858335592Z 	sasl.oauthbearer.jwks.endpoint.retry.backoff.ms = 100
kafka-1-1  | 2026-09-21T21:52:18.858336593Z 	sasl.oauthbearer.jwks.endpoint.url = null
kafka-1-1  | 2026-09-21T21:52:18.858337693Z 	sasl.oauthbearer.scope.claim.name = scope
kafka-1-1  | 2026-09-21T21:52:18.858338793Z 	sasl.oauthbearer.sub.claim.name = sub
kafka-1-1  | 2026-09-21T21:52:18.858339793Z 	sasl.oauthbearer.token.endpoint.url = null
kafka-1-1  | 2026-09-21T21:52:18.858340893Z 	sasl.server.callback.handler.class = null
kafka-1-1  | 2026-09-21T21:52:18.858341993Z 	sasl.server.max.receive.size = 524288
kafka-1-1  | 2026-09-21T21:52:18.858342993Z 	security.inter.broker.protocol = PLAINTEXT
kafka-1-1  | 2026-09-21T21:52:18.858344093Z 	security.providers = null
kafka-1-1  | 2026-09-21T21:52:18.858345093Z 	server.max.startup.time.ms = 9223372036854775807
kafka-1-1  | 2026-09-21T21:52:18.858346593Z 	socket.connection.setup.timeout.max.ms = 30000
kafka-1-1  | 2026-09-21T21:52:18.858347793Z 	socket.connection.setup.timeout.ms = 10000
kafka-1-1  | 2026-09-21T21:52:18.858348893Z 	socket.listen.backlog.size = 50
kafka-1-1  | 2026-09-21T21:52:18.858349893Z 	socket.receive.buffer.bytes = 102400
kafka-1-1  | 2026-09-21T21:52:18.858350993Z 	socket.request.max.bytes = 104857600
kafka-1-1  | 2026-09-21T21:52:18.858351994Z 	socket.send.buffer.bytes = 102400
kafka-1-1  | 2026-09-21T21:52:18.858352994Z 	ssl.allow.dn.changes = false
kafka-1-1  | 2026-09-21T21:52:18.858354094Z 	ssl.allow.san.changes = false
kafka-1-1  | 2026-09-21T21:52:18.858355094Z 	ssl.cipher.suites = []
kafka-1-1  | 2026-09-21T21:52:18.858357594Z 	ssl.client.auth = none
kafka-1-1  | 2026-09-21T21:52:18.858358794Z 	ssl.enabled.protocols = [TLSv1.2, TLSv1.3]
kafka-1-1  | 2026-09-21T21:52:18.858361094Z 	ssl.endpoint.identification.algorithm = https
kafka-1-1  | 2026-09-21T21:52:18.858362294Z 	ssl.engine.factory.class = null
kafka-1-1  | 2026-09-21T21:52:18.858363294Z 	ssl.key.password = null
kafka-1-1  | 2026-09-21T21:52:18.858364394Z 	ssl.keymanager.algorithm = SunX509
kafka-1-1  | 2026-09-21T21:52:18.858365394Z 	ssl.keystore.certificate.chain = null
kafka-1-1  | 2026-09-21T21:52:18.858366494Z 	ssl.keystore.key = null
kafka-1-1  | 2026-09-21T21:52:18.858367595Z 	ssl.keystore.location = null
kafka-1-1  | 2026-09-21T21:52:18.858368795Z 	ssl.keystore.password = null
kafka-1-1  | 2026-09-21T21:52:18.858369795Z 	ssl.keystore.type = JKS
kafka-1-1  | 2026-09-21T21:52:18.858370895Z 	ssl.principal.mapping.rules = DEFAULT
kafka-1-1  | 2026-09-21T21:52:18.858371995Z 	ssl.protocol = TLSv1.3
kafka-1-1  | 2026-09-21T21:52:18.858372995Z 	ssl.provider = null
kafka-1-1  | 2026-09-21T21:52:18.858374095Z 	ssl.secure.random.implementation = null
kafka-1-1  | 2026-09-21T21:52:18.858375195Z 	ssl.trustmanager.algorithm = PKIX
kafka-1-1  | 2026-09-21T21:52:18.858376295Z 	ssl.truststore.certificates = null
kafka-1-1  | 2026-09-21T21:52:18.858377495Z 	ssl.truststore.location = null
kafka-1-1  | 2026-09-21T21:52:18.858378495Z 	ssl.truststore.password = null
kafka-1-1  | 2026-09-21T21:52:18.858379595Z 	ssl.truststore.type = JKS
kafka-1-1  | 2026-09-21T21:52:18.858380595Z 	telemetry.max.bytes = 1048576
kafka-1-1  | 2026-09-21T21:52:18.858381695Z 	transaction.abort.timed.out.transaction.cleanup.interval.ms = 10000
kafka-1-1  | 2026-09-21T21:52:18.858382896Z 	transaction.max.timeout.ms = 900000
kafka-1-1  | 2026-09-21T21:52:18.858383996Z 	transaction.partition.verification.enable = true
kafka-1-1  | 2026-09-21T21:52:18.858385096Z 	transaction.remove.expired.transaction.cleanup.interval.ms = 3600000
kafka-1-1  | 2026-09-21T21:52:18.858386296Z 	transaction.state.log.load.buffer.size = 5242880
kafka-1-1  | 2026-09-21T21:52:18.858387396Z 	transaction.state.log.min.isr = 2
kafka-1-1  | 2026-09-21T21:52:18.858388496Z 	transaction.state.log.num.partitions = 50
kafka-1-1  | 2026-09-21T21:52:18.858389496Z 	transaction.state.log.replication.factor = 3
kafka-1-1  | 2026-09-21T21:52:18.858390596Z 	transaction.state.log.segment.bytes = 104857600
kafka-1-1  | 2026-09-21T21:52:18.858391696Z 	transactional.id.expiration.ms = 604800000
kafka-1-1  | 2026-09-21T21:52:18.858392696Z 	unclean.leader.election.enable = false
kafka-1-1  | 2026-09-21T21:52:18.858393896Z 	unstable.api.versions.enable = false
kafka-1-1  | 2026-09-21T21:52:18.858394996Z 	unstable.feature.versions.enable = false
kafka-1-1  | 2026-09-21T21:52:18.858396096Z 	zookeeper.clientCnxnSocket = null
kafka-1-1  | 2026-09-21T21:52:18.858397196Z 	zookeeper.connect = null
kafka-1-1  | 2026-09-21T21:52:18.858399597Z 	zookeeper.connection.timeout.ms = null
kafka-1-1  | 2026-09-21T21:52:18.858400797Z 	zookeeper.max.in.flight.requests = 10
kafka-1-1  | 2026-09-21T21:52:18.858401797Z 	zookeeper.metadata.migration.enable = false
kafka-1-1  | 2026-09-21T21:52:18.858402897Z 	zookeeper.metadata.migration.min.batch.size = 200
kafka-1-1  | 2026-09-21T21:52:18.858404097Z 	zookeeper.session.timeout.ms = 18000
kafka-1-1  | 2026-09-21T21:52:18.858405197Z 	zookeeper.set.acl = false
kafka-1-1  | 2026-09-21T21:52:18.858406297Z 	zookeeper.ssl.cipher.suites = null
kafka-1-1  | 2026-09-21T21:52:18.858407397Z 	zookeeper.ssl.client.enable = false
kafka-1-1  | 2026-09-21T21:52:18.858408397Z 	zookeeper.ssl.crl.enable = false
kafka-1-1  | 2026-09-21T21:52:18.858409697Z 	zookeeper.ssl.enabled.protocols = null
kafka-1-1  | 2026-09-21T21:52:18.858410797Z 	zookeeper.ssl.endpoint.identification.algorithm = HTTPS
kafka-1-1  | 2026-09-21T21:52:18.858411897Z 	zookeeper.ssl.keystore.location = null
kafka-1-1  | 2026-09-21T21:52:18.858412997Z 	zookeeper.ssl.keystore.password = null
kafka-1-1  | 2026-09-21T21:52:18.858414098Z 	zookeeper.ssl.keystore.type = null
kafka-1-1  | 2026-09-21T21:52:18.858415198Z 	zookeeper.ssl.ocsp.enable = false
kafka-1-1  | 2026-09-21T21:52:18.858416298Z 	zookeeper.ssl.protocol = TLSv1.2
kafka-1-1  | 2026-09-21T21:52:18.858417298Z 	zookeeper.ssl.truststore.location = null
kafka-1-1  | 2026-09-21T21:52:18.858418398Z 	zookeeper.ssl.truststore.password = null
kafka-1-1  | 2026-09-21T21:52:18.858419498Z 	zookeeper.ssl.truststore.type = null
kafka-1-1  | 2026-09-21T21:52:18.858420598Z  (kafka.server.KafkaConfig)
kafka-1-1  | 2026-09-21T21:52:18.858708517Z [2026-09-21 21:52:18,858] INFO RemoteLogManagerConfig values: 
kafka-1-1  | 2026-09-21T21:52:18.858714117Z 	log.local.retention.bytes = -2
kafka-1-1  | 2026-09-21T21:52:18.858715617Z 	log.local.retention.ms = -2
kafka-1-1  | 2026-09-21T21:52:18.858716617Z 	remote.fetch.max.wait.ms = 500
kafka-1-1  | 2026-09-21T21:52:18.858717717Z 	remote.log.index.file.cache.total.size.bytes = 1073741824
kafka-1-1  | 2026-09-21T21:52:18.858718817Z 	remote.log.manager.copier.thread.pool.size = 10
kafka-1-1  | 2026-09-21T21:52:18.858719917Z 	remote.log.manager.copy.max.bytes.per.second = 9223372036854775807
kafka-1-1  | 2026-09-21T21:52:18.858721018Z 	remote.log.manager.copy.quota.window.num = 11
kafka-1-1  | 2026-09-21T21:52:18.858722118Z 	remote.log.manager.copy.quota.window.size.seconds = 1
kafka-1-1  | 2026-09-21T21:52:18.858723118Z 	remote.log.manager.expiration.thread.pool.size = 10
kafka-1-1  | 2026-09-21T21:52:18.858724318Z 	remote.log.manager.fetch.max.bytes.per.second = 9223372036854775807
kafka-1-1  | 2026-09-21T21:52:18.858725418Z 	remote.log.manager.fetch.quota.window.num = 11
kafka-1-1  | 2026-09-21T21:52:18.858726518Z 	remote.log.manager.fetch.quota.window.size.seconds = 1
kafka-1-1  | 2026-09-21T21:52:18.858727618Z 	remote.log.manager.task.interval.ms = 30000
kafka-1-1  | 2026-09-21T21:52:18.858729018Z 	remote.log.manager.task.retry.backoff.max.ms = 30000
kafka-1-1  | 2026-09-21T21:52:18.858734318Z 	remote.log.manager.task.retry.backoff.ms = 500
kafka-1-1  | 2026-09-21T21:52:18.858735618Z 	remote.log.manager.task.retry.jitter = 0.2
kafka-1-1  | 2026-09-21T21:52:18.858736619Z 	remote.log.manager.thread.pool.size = 10
kafka-1-1  | 2026-09-21T21:52:18.858737719Z 	remote.log.metadata.custom.metadata.max.bytes = 128
kafka-1-1  | 2026-09-21T21:52:18.858738919Z 	remote.log.metadata.manager.class.name = org.apache.kafka.server.log.remote.metadata.storage.TopicBasedRemoteLogMetadataManager
kafka-1-1  | 2026-09-21T21:52:18.858740119Z 	remote.log.metadata.manager.class.path = null
kafka-1-1  | 2026-09-21T21:52:18.858741219Z 	remote.log.metadata.manager.impl.prefix = rlmm.config.
kafka-1-1  | 2026-09-21T21:52:18.858742219Z 	remote.log.metadata.manager.listener.name = null
kafka-1-1  | 2026-09-21T21:52:18.858743419Z 	remote.log.reader.max.pending.tasks = 100
kafka-1-1  | 2026-09-21T21:52:18.858744519Z 	remote.log.reader.threads = 10
kafka-1-1  | 2026-09-21T21:52:18.858745519Z 	remote.log.storage.manager.class.name = null
kafka-1-1  | 2026-09-21T21:52:18.858746719Z 	remote.log.storage.manager.class.path = null
kafka-1-1  | 2026-09-21T21:52:18.858747719Z 	remote.log.storage.manager.impl.prefix = rsm.config.
kafka-1-1  | 2026-09-21T21:52:18.858748819Z 	remote.log.storage.system.enable = false
kafka-1-1  | 2026-09-21T21:52:18.858749919Z  (org.apache.kafka.server.log.remote.storage.RemoteLogManagerConfig)
kafka-1-1  | 2026-09-21T21:52:18.860994666Z [2026-09-21 21:52:18,860] INFO [BrokerServer id=1] Waiting for the broker to be unfenced (kafka.server.BrokerServer)
kafka-1-1  | 2026-09-21T21:52:18.896059349Z [2026-09-21 21:52:18,895] INFO [BrokerLifecycleManager id=1] The broker has been unfenced. Transitioning from RECOVERY to RUNNING. (kafka.server.BrokerLifecycleManager)
kafka-1-1  | 2026-09-21T21:52:18.896111452Z [2026-09-21 21:52:18,896] INFO [BrokerServer id=1] Finished waiting for the broker to be unfenced (kafka.server.BrokerServer)
kafka-1-1  | 2026-09-21T21:52:18.896805897Z [2026-09-21 21:52:18,896] INFO authorizerStart completed for endpoint PLAINTEXT. Endpoint is now READY. (org.apache.kafka.server.network.EndpointReadyFutures)
kafka-1-1  | 2026-09-21T21:52:18.896938506Z [2026-09-21 21:52:18,896] INFO [SocketServer listenerType=BROKER, nodeId=1] Enabling request processing. (kafka.network.SocketServer)
kafka-1-1  | 2026-09-21T21:52:18.898238691Z [2026-09-21 21:52:18,898] INFO Awaiting socket connections on 0.0.0.0:9092. (kafka.network.DataPlaneAcceptor)
kafka-1-1  | 2026-09-21T21:52:18.901776621Z [2026-09-21 21:52:18,899] INFO [BrokerServer id=1] Waiting for all of the authorizer futures to be completed (kafka.server.BrokerServer)
kafka-1-1  | 2026-09-21T21:52:18.901785022Z [2026-09-21 21:52:18,899] INFO [BrokerServer id=1] Finished waiting for all of the authorizer futures to be completed (kafka.server.BrokerServer)
kafka-1-1  | 2026-09-21T21:52:18.901787122Z [2026-09-21 21:52:18,899] INFO [BrokerServer id=1] Waiting for all of the SocketServer Acceptors to be started (kafka.server.BrokerServer)
kafka-1-1  | 2026-09-21T21:52:18.901788522Z [2026-09-21 21:52:18,899] INFO [BrokerServer id=1] Finished waiting for all of the SocketServer Acceptors to be started (kafka.server.BrokerServer)
kafka-1-1  | 2026-09-21T21:52:18.901789822Z [2026-09-21 21:52:18,899] INFO [BrokerServer id=1] Transition from STARTING to STARTED (kafka.server.BrokerServer)
kafka-1-1  | 2026-09-21T21:52:18.901800623Z [2026-09-21 21:52:18,899] INFO Kafka version: 3.8.0 (org.apache.kafka.common.utils.AppInfoParser)
kafka-1-1  | 2026-09-21T21:52:18.901802123Z [2026-09-21 21:52:18,900] INFO Kafka commitId: 771b9576b00ecf5b (org.apache.kafka.common.utils.AppInfoParser)
kafka-1-1  | 2026-09-21T21:52:18.901803323Z [2026-09-21 21:52:18,900] INFO Kafka startTimeMs: 1790027538899 (org.apache.kafka.common.utils.AppInfoParser)
kafka-1-1  | 2026-09-21T21:52:18.901804523Z [2026-09-21 21:52:18,901] INFO [KafkaRaftServer nodeId=1] Kafka Server started (kafka.server.KafkaRaftServer)
kafka-1-1  | 2026-09-21T21:52:23.124341570Z [2026-09-21 21:52:23,123] INFO [ReplicaFetcherManager on broker 1] Removed fetcher for partitions Set(dados-sensores-1, dados-sensores-4) (kafka.server.ReplicaFetcherManager)
kafka-1-1  | 2026-09-21T21:52:23.140940144Z [2026-09-21 21:52:23,140] INFO [LogLoader partition=dados-sensores-1, dir=/tmp/kafka-logs] Loading producer state till offset 0 with message format version 2 (kafka.log.UnifiedLog$)
kafka-1-1  | 2026-09-21T21:52:23.144290900Z [2026-09-21 21:52:23,143] INFO Created log for partition dados-sensores-1 in /tmp/kafka-logs/dados-sensores-1 with properties {min.insync.replicas=2} (kafka.log.LogManager)
kafka-1-1  | 2026-09-21T21:52:23.147137947Z [2026-09-21 21:52:23,146] INFO [Partition dados-sensores-1 broker=1] No checkpointed highwatermark is found for partition dados-sensores-1 (kafka.cluster.Partition)
kafka-1-1  | 2026-09-21T21:52:23.147970761Z [2026-09-21 21:52:23,147] INFO [Partition dados-sensores-1 broker=1] Log loaded for partition dados-sensores-1 with initial high watermark 0 (kafka.cluster.Partition)
kafka-1-1  | 2026-09-21T21:52:23.170470333Z [2026-09-21 21:52:23,170] INFO [LogLoader partition=dados-sensores-4, dir=/tmp/kafka-logs] Loading producer state till offset 0 with message format version 2 (kafka.log.UnifiedLog$)
kafka-1-1  | 2026-09-21T21:52:23.171860856Z [2026-09-21 21:52:23,171] INFO Created log for partition dados-sensores-4 in /tmp/kafka-logs/dados-sensores-4 with properties {min.insync.replicas=2} (kafka.log.LogManager)
kafka-1-1  | 2026-09-21T21:52:23.171904957Z [2026-09-21 21:52:23,171] INFO [Partition dados-sensores-4 broker=1] No checkpointed highwatermark is found for partition dados-sensores-4 (kafka.cluster.Partition)
kafka-1-1  | 2026-09-21T21:52:23.171906957Z [2026-09-21 21:52:23,171] INFO [Partition dados-sensores-4 broker=1] Log loaded for partition dados-sensores-4 with initial high watermark 0 (kafka.cluster.Partition)
kafka-1-1  | 2026-09-21T21:52:23.188404230Z [2026-09-21 21:52:23,188] INFO [LogLoader partition=dados-sensores-5, dir=/tmp/kafka-logs] Loading producer state till offset 0 with message format version 2 (kafka.log.UnifiedLog$)
kafka-1-1  | 2026-09-21T21:52:23.189684051Z [2026-09-21 21:52:23,189] INFO Created log for partition dados-sensores-5 in /tmp/kafka-logs/dados-sensores-5 with properties {min.insync.replicas=2} (kafka.log.LogManager)
kafka-1-1  | 2026-09-21T21:52:23.191842387Z [2026-09-21 21:52:23,189] INFO [Partition dados-sensores-5 broker=1] No checkpointed highwatermark is found for partition dados-sensores-5 (kafka.cluster.Partition)
kafka-1-1  | 2026-09-21T21:52:23.191879488Z [2026-09-21 21:52:23,189] INFO [Partition dados-sensores-5 broker=1] Log loaded for partition dados-sensores-5 with initial high watermark 0 (kafka.cluster.Partition)
kafka-1-1  | 2026-09-21T21:52:23.196955272Z [2026-09-21 21:52:23,196] INFO [LogLoader partition=dados-sensores-0, dir=/tmp/kafka-logs] Loading producer state till offset 0 with message format version 2 (kafka.log.UnifiedLog$)
kafka-1-1  | 2026-09-21T21:52:23.197755685Z [2026-09-21 21:52:23,197] INFO Created log for partition dados-sensores-0 in /tmp/kafka-logs/dados-sensores-0 with properties {min.insync.replicas=2} (kafka.log.LogManager)
kafka-1-1  | 2026-09-21T21:52:23.199547015Z [2026-09-21 21:52:23,197] INFO [Partition dados-sensores-0 broker=1] No checkpointed highwatermark is found for partition dados-sensores-0 (kafka.cluster.Partition)
kafka-1-1  | 2026-09-21T21:52:23.199568415Z [2026-09-21 21:52:23,197] INFO [Partition dados-sensores-0 broker=1] Log loaded for partition dados-sensores-0 with initial high watermark 0 (kafka.cluster.Partition)
kafka-1-1  | 2026-09-21T21:52:23.204803802Z [2026-09-21 21:52:23,204] INFO [LogLoader partition=dados-sensores-3, dir=/tmp/kafka-logs] Loading producer state till offset 0 with message format version 2 (kafka.log.UnifiedLog$)
kafka-1-1  | 2026-09-21T21:52:23.205666016Z [2026-09-21 21:52:23,205] INFO Created log for partition dados-sensores-3 in /tmp/kafka-logs/dados-sensores-3 with properties {min.insync.replicas=2} (kafka.log.LogManager)
kafka-1-1  | 2026-09-21T21:52:23.206138924Z [2026-09-21 21:52:23,205] INFO [Partition dados-sensores-3 broker=1] No checkpointed highwatermark is found for partition dados-sensores-3 (kafka.cluster.Partition)
kafka-1-1  | 2026-09-21T21:52:23.206596831Z [2026-09-21 21:52:23,206] INFO [Partition dados-sensores-3 broker=1] Log loaded for partition dados-sensores-3 with initial high watermark 0 (kafka.cluster.Partition)
kafka-1-1  | 2026-09-21T21:52:23.214325559Z [2026-09-21 21:52:23,213] INFO [LogLoader partition=dados-sensores-2, dir=/tmp/kafka-logs] Loading producer state till offset 0 with message format version 2 (kafka.log.UnifiedLog$)
kafka-1-1  | 2026-09-21T21:52:23.214856568Z [2026-09-21 21:52:23,214] INFO Created log for partition dados-sensores-2 in /tmp/kafka-logs/dados-sensores-2 with properties {min.insync.replicas=2} (kafka.log.LogManager)
kafka-1-1  | 2026-09-21T21:52:23.214953570Z [2026-09-21 21:52:23,214] INFO [Partition dados-sensores-2 broker=1] No checkpointed highwatermark is found for partition dados-sensores-2 (kafka.cluster.Partition)
kafka-1-1  | 2026-09-21T21:52:23.215137473Z [2026-09-21 21:52:23,214] INFO [Partition dados-sensores-2 broker=1] Log loaded for partition dados-sensores-2 with initial high watermark 0 (kafka.cluster.Partition)
kafka-1-1  | 2026-09-21T21:52:23.216792500Z [2026-09-21 21:52:23,216] INFO [ReplicaFetcherManager on broker 1] Removed fetcher for partitions Set(dados-sensores-5, dados-sensores-0, dados-sensores-3, dados-sensores-2) (kafka.server.ReplicaFetcherManager)
kafka-1-1  | 2026-09-21T21:52:23.236924033Z [2026-09-21 21:52:23,236] INFO [ReplicaFetcherThread-0-3]: Starting (kafka.server.ReplicaFetcherThread)
kafka-1-1  | 2026-09-21T21:52:23.240177587Z [2026-09-21 21:52:23,240] INFO [ReplicaFetcherManager on broker 1] Added fetcher to broker 3 for partitions HashMap(dados-sensores-0 -> InitialFetchState(Some(TOQUTEIYQC2WEzitbIedXg),BrokerEndPoint(id=3, host=kafka-3:9092),0,0), dados-sensores-3 -> InitialFetchState(Some(TOQUTEIYQC2WEzitbIedXg),BrokerEndPoint(id=3, host=kafka-3:9092),0,0)) (kafka.server.ReplicaFetcherManager)
kafka-1-1  | 2026-09-21T21:52:23.242701029Z [2026-09-21 21:52:23,241] INFO [ReplicaFetcher replicaId=1, leaderId=3, fetcherId=0] Truncating partition dados-sensores-0 with TruncationState(offset=0, completed=true) due to local high watermark 0 (kafka.server.ReplicaFetcherThread)
kafka-1-1  | 2026-09-21T21:52:23.242822031Z [2026-09-21 21:52:23,242] INFO [UnifiedLog partition=dados-sensores-0, dir=/tmp/kafka-logs] Truncating to 0 has no effect as the largest offset in the log is -1 (kafka.log.UnifiedLog)
kafka-1-1  | 2026-09-21T21:52:23.244147553Z [2026-09-21 21:52:23,243] INFO [ReplicaFetcherThread-0-2]: Starting (kafka.server.ReplicaFetcherThread)
kafka-1-1  | 2026-09-21T21:52:23.244164953Z [2026-09-21 21:52:23,243] INFO [ReplicaFetcherManager on broker 1] Added fetcher to broker 2 for partitions HashMap(dados-sensores-5 -> InitialFetchState(Some(TOQUTEIYQC2WEzitbIedXg),BrokerEndPoint(id=2, host=kafka-2:9092),0,0), dados-sensores-2 -> InitialFetchState(Some(TOQUTEIYQC2WEzitbIedXg),BrokerEndPoint(id=2, host=kafka-2:9092),0,0)) (kafka.server.ReplicaFetcherManager)
kafka-1-1  | 2026-09-21T21:52:23.244168253Z [2026-09-21 21:52:23,243] INFO [ReplicaFetcher replicaId=1, leaderId=2, fetcherId=0] Truncating partition dados-sensores-5 with TruncationState(offset=0, completed=true) due to local high watermark 0 (kafka.server.ReplicaFetcherThread)
kafka-1-1  | 2026-09-21T21:52:23.244170253Z [2026-09-21 21:52:23,243] INFO [ReplicaFetcher replicaId=1, leaderId=3, fetcherId=0] Truncating partition dados-sensores-3 with TruncationState(offset=0, completed=true) due to local high watermark 0 (kafka.server.ReplicaFetcherThread)
kafka-1-1  | 2026-09-21T21:52:23.244778663Z [2026-09-21 21:52:23,244] INFO [UnifiedLog partition=dados-sensores-3, dir=/tmp/kafka-logs] Truncating to 0 has no effect as the largest offset in the log is -1 (kafka.log.UnifiedLog)
kafka-1-1  | 2026-09-21T21:52:23.245298872Z [2026-09-21 21:52:23,245] INFO [UnifiedLog partition=dados-sensores-5, dir=/tmp/kafka-logs] Truncating to 0 has no effect as the largest offset in the log is -1 (kafka.log.UnifiedLog)
kafka-1-1  | 2026-09-21T21:52:23.245630777Z [2026-09-21 21:52:23,245] INFO [ReplicaFetcher replicaId=1, leaderId=2, fetcherId=0] Truncating partition dados-sensores-2 with TruncationState(offset=0, completed=true) due to local high watermark 0 (kafka.server.ReplicaFetcherThread)
kafka-1-1  | 2026-09-21T21:52:23.246220587Z [2026-09-21 21:52:23,245] INFO [UnifiedLog partition=dados-sensores-2, dir=/tmp/kafka-logs] Truncating to 0 has no effect as the largest offset in the log is -1 (kafka.log.UnifiedLog)
kafka-1-1  | 2026-09-21T21:52:23.262583558Z [2026-09-21 21:52:23,262] INFO [DynamicConfigPublisher broker id=1] Updating topic dados-sensores with new configuration : min.insync.replicas -> 2 (kafka.server.metadata.DynamicConfigPublisher)
kafka-1-1  | 2026-09-21T21:52:26.377679023Z [2026-09-21 21:52:26,377] INFO Sent auto-creation request for Set(__consumer_offsets) to the active controller. (kafka.server.DefaultAutoTopicCreationManager)
kafka-1-1  | 2026-09-21T21:52:26.522989028Z [2026-09-21 21:52:26,522] INFO Sent auto-creation request for Set(__consumer_offsets) to the active controller. (kafka.server.DefaultAutoTopicCreationManager)
kafka-1-1  | 2026-09-21T21:52:26.579705067Z [2026-09-21 21:52:26,578] INFO [ReplicaFetcherManager on broker 1] Removed fetcher for partitions Set(__consumer_offsets-47, __consumer_offsets-16, __consumer_offsets-12, __consumer_offsets-44, __consumer_offsets-9, __consumer_offsets-23, __consumer_offsets-24, __consumer_offsets-19, __consumer_offsets-0, __consumer_offsets-32, __consumer_offsets-28, __consumer_offsets-8, __consumer_offsets-40, __consumer_offsets-5, __consumer_offsets-36, __consumer_offsets-34) (kafka.server.ReplicaFetcherManager)
kafka-1-1  | 2026-09-21T21:52:26.599433693Z [2026-09-21 21:52:26,599] INFO [LogLoader partition=__consumer_offsets-47, dir=/tmp/kafka-logs] Loading producer state till offset 0 with message format version 2 (kafka.log.UnifiedLog$)
kafka-1-1  | 2026-09-21T21:52:26.609501760Z [2026-09-21 21:52:26,608] INFO Created log for partition __consumer_offsets-47 in /tmp/kafka-logs/__consumer_offsets-47 with properties {cleanup.policy=compact, compression.type="producer", segment.bytes=104857600} (kafka.log.LogManager)
kafka-1-1  | 2026-09-21T21:52:26.609531461Z [2026-09-21 21:52:26,608] INFO [Partition __consumer_offsets-47 broker=1] No checkpointed highwatermark is found for partition __consumer_offsets-47 (kafka.cluster.Partition)
kafka-1-1  | 2026-09-21T21:52:26.609533961Z [2026-09-21 21:52:26,608] INFO [Partition __consumer_offsets-47 broker=1] Log loaded for partition __consumer_offsets-47 with initial high watermark 0 (kafka.cluster.Partition)
kafka-1-1  | 2026-09-21T21:52:26.628523575Z [2026-09-21 21:52:26,627] INFO [LogLoader partition=__consumer_offsets-16, dir=/tmp/kafka-logs] Loading producer state till offset 0 with message format version 2 (kafka.log.UnifiedLog$)
kafka-1-1  | 2026-09-21T21:52:26.636016499Z [2026-09-21 21:52:26,632] INFO Created log for partition __consumer_offsets-16 in /tmp/kafka-logs/__consumer_offsets-16 with properties {cleanup.policy=compact, compression.type="producer", segment.bytes=104857600} (kafka.log.LogManager)
kafka-1-1  | 2026-09-21T21:52:26.636185802Z [2026-09-21 21:52:26,636] INFO [Partition __consumer_offsets-16 broker=1] No checkpointed highwatermark is found for partition __consumer_offsets-16 (kafka.cluster.Partition)
kafka-1-1  | 2026-09-21T21:52:26.636380105Z [2026-09-21 21:52:26,636] INFO [Partition __consumer_offsets-16 broker=1] Log loaded for partition __consumer_offsets-16 with initial high watermark 0 (kafka.cluster.Partition)
kafka-1-1  | 2026-09-21T21:52:26.658690474Z [2026-09-21 21:52:26,658] INFO [LogLoader partition=__consumer_offsets-12, dir=/tmp/kafka-logs] Loading producer state till offset 0 with message format version 2 (kafka.log.UnifiedLog$)
kafka-1-1  | 2026-09-21T21:52:26.659504088Z [2026-09-21 21:52:26,659] INFO Created log for partition __consumer_offsets-12 in /tmp/kafka-logs/__consumer_offsets-12 with properties {cleanup.policy=compact, compression.type="producer", segment.bytes=104857600} (kafka.log.LogManager)
kafka-1-1  | 2026-09-21T21:52:26.659693791Z [2026-09-21 21:52:26,659] INFO [Partition __consumer_offsets-12 broker=1] No checkpointed highwatermark is found for partition __consumer_offsets-12 (kafka.cluster.Partition)
kafka-1-1  | 2026-09-21T21:52:26.659925095Z [2026-09-21 21:52:26,659] INFO [Partition __consumer_offsets-12 broker=1] Log loaded for partition __consumer_offsets-12 with initial high watermark 0 (kafka.cluster.Partition)
kafka-1-1  | 2026-09-21T21:52:26.678313399Z [2026-09-21 21:52:26,678] INFO [LogLoader partition=__consumer_offsets-44, dir=/tmp/kafka-logs] Loading producer state till offset 0 with message format version 2 (kafka.log.UnifiedLog$)
kafka-1-1  | 2026-09-21T21:52:26.679125713Z [2026-09-21 21:52:26,678] INFO Created log for partition __consumer_offsets-44 in /tmp/kafka-logs/__consumer_offsets-44 with properties {cleanup.policy=compact, compression.type="producer", segment.bytes=104857600} (kafka.log.LogManager)
kafka-1-1  | 2026-09-21T21:52:26.679717922Z [2026-09-21 21:52:26,679] INFO [Partition __consumer_offsets-44 broker=1] No checkpointed highwatermark is found for partition __consumer_offsets-44 (kafka.cluster.Partition)
kafka-1-1  | 2026-09-21T21:52:26.679784623Z [2026-09-21 21:52:26,679] INFO [Partition __consumer_offsets-44 broker=1] Log loaded for partition __consumer_offsets-44 with initial high watermark 0 (kafka.cluster.Partition)
kafka-1-1  | 2026-09-21T21:52:26.696090793Z [2026-09-21 21:52:26,695] INFO [LogLoader partition=__consumer_offsets-9, dir=/tmp/kafka-logs] Loading producer state till offset 0 with message format version 2 (kafka.log.UnifiedLog$)
kafka-1-1  | 2026-09-21T21:52:26.697481116Z [2026-09-21 21:52:26,697] INFO Created log for partition __consumer_offsets-9 in /tmp/kafka-logs/__consumer_offsets-9 with properties {cleanup.policy=compact, compression.type="producer", segment.bytes=104857600} (kafka.log.LogManager)
kafka-1-1  | 2026-09-21T21:52:26.697771621Z [2026-09-21 21:52:26,697] INFO [Partition __consumer_offsets-9 broker=1] No checkpointed highwatermark is found for partition __consumer_offsets-9 (kafka.cluster.Partition)
kafka-1-1  | 2026-09-21T21:52:26.697881023Z [2026-09-21 21:52:26,697] INFO [Partition __consumer_offsets-9 broker=1] Log loaded for partition __consumer_offsets-9 with initial high watermark 0 (kafka.cluster.Partition)
kafka-1-1  | 2026-09-21T21:52:26.715230610Z [2026-09-21 21:52:26,715] INFO [LogLoader partition=__consumer_offsets-23, dir=/tmp/kafka-logs] Loading producer state till offset 0 with message format version 2 (kafka.log.UnifiedLog$)
kafka-1-1  | 2026-09-21T21:52:26.715878121Z [2026-09-21 21:52:26,715] INFO Created log for partition __consumer_offsets-23 in /tmp/kafka-logs/__consumer_offsets-23 with properties {cleanup.policy=compact, compression.type="producer", segment.bytes=104857600} (kafka.log.LogManager)
kafka-1-1  | 2026-09-21T21:52:26.715895721Z [2026-09-21 21:52:26,715] INFO [Partition __consumer_offsets-23 broker=1] No checkpointed highwatermark is found for partition __consumer_offsets-23 (kafka.cluster.Partition)
kafka-1-1  | 2026-09-21T21:52:26.715966922Z [2026-09-21 21:52:26,715] INFO [Partition __consumer_offsets-23 broker=1] Log loaded for partition __consumer_offsets-23 with initial high watermark 0 (kafka.cluster.Partition)
kafka-1-1  | 2026-09-21T21:52:26.727926920Z [2026-09-21 21:52:26,727] INFO [LogLoader partition=__consumer_offsets-24, dir=/tmp/kafka-logs] Loading producer state till offset 0 with message format version 2 (kafka.log.UnifiedLog$)
kafka-1-1  | 2026-09-21T21:52:26.729251242Z [2026-09-21 21:52:26,728] INFO Created log for partition __consumer_offsets-24 in /tmp/kafka-logs/__consumer_offsets-24 with properties {cleanup.policy=compact, compression.type="producer", segment.bytes=104857600} (kafka.log.LogManager)
kafka-1-1  | 2026-09-21T21:52:26.729271043Z [2026-09-21 21:52:26,728] INFO [Partition __consumer_offsets-24 broker=1] No checkpointed highwatermark is found for partition __consumer_offsets-24 (kafka.cluster.Partition)
kafka-1-1  | 2026-09-21T21:52:26.729273243Z [2026-09-21 21:52:26,728] INFO [Partition __consumer_offsets-24 broker=1] Log loaded for partition __consumer_offsets-24 with initial high watermark 0 (kafka.cluster.Partition)
kafka-1-1  | 2026-09-21T21:52:26.749834883Z [2026-09-21 21:52:26,748] INFO [LogLoader partition=__consumer_offsets-19, dir=/tmp/kafka-logs] Loading producer state till offset 0 with message format version 2 (kafka.log.UnifiedLog$)
kafka-1-1  | 2026-09-21T21:52:26.749896784Z [2026-09-21 21:52:26,749] INFO Created log for partition __consumer_offsets-19 in /tmp/kafka-logs/__consumer_offsets-19 with properties {cleanup.policy=compact, compression.type="producer", segment.bytes=104857600} (kafka.log.LogManager)
kafka-1-1  | 2026-09-21T21:52:26.750076287Z [2026-09-21 21:52:26,749] INFO [Partition __consumer_offsets-19 broker=1] No checkpointed highwatermark is found for partition __consumer_offsets-19 (kafka.cluster.Partition)
kafka-1-1  | 2026-09-21T21:52:26.750182489Z [2026-09-21 21:52:26,750] INFO [Partition __consumer_offsets-19 broker=1] Log loaded for partition __consumer_offsets-19 with initial high watermark 0 (kafka.cluster.Partition)
kafka-1-1  | 2026-09-21T21:52:26.762865599Z [2026-09-21 21:52:26,762] INFO [LogLoader partition=__consumer_offsets-0, dir=/tmp/kafka-logs] Loading producer state till offset 0 with message format version 2 (kafka.log.UnifiedLog$)
kafka-1-1  | 2026-09-21T21:52:26.763724113Z [2026-09-21 21:52:26,763] INFO Created log for partition __consumer_offsets-0 in /tmp/kafka-logs/__consumer_offsets-0 with properties {cleanup.policy=compact, compression.type="producer", segment.bytes=104857600} (kafka.log.LogManager)
kafka-1-1  | 2026-09-21T21:52:26.763977817Z [2026-09-21 21:52:26,763] INFO [Partition __consumer_offsets-0 broker=1] No checkpointed highwatermark is found for partition __consumer_offsets-0 (kafka.cluster.Partition)
kafka-1-1  | 2026-09-21T21:52:26.764088719Z [2026-09-21 21:52:26,764] INFO [Partition __consumer_offsets-0 broker=1] Log loaded for partition __consumer_offsets-0 with initial high watermark 0 (kafka.cluster.Partition)
kafka-1-1  | 2026-09-21T21:52:26.780273287Z [2026-09-21 21:52:26,780] INFO [LogLoader partition=__consumer_offsets-32, dir=/tmp/kafka-logs] Loading producer state till offset 0 with message format version 2 (kafka.log.UnifiedLog$)
kafka-1-1  | 2026-09-21T21:52:26.781208102Z [2026-09-21 21:52:26,780] INFO Created log for partition __consumer_offsets-32 in /tmp/kafka-logs/__consumer_offsets-32 with properties {cleanup.policy=compact, compression.type="producer", segment.bytes=104857600} (kafka.log.LogManager)
kafka-1-1  | 2026-09-21T21:52:26.781283004Z [2026-09-21 21:52:26,781] INFO [Partition __consumer_offsets-32 broker=1] No checkpointed highwatermark is found for partition __consumer_offsets-32 (kafka.cluster.Partition)
kafka-1-1  | 2026-09-21T21:52:26.781400306Z [2026-09-21 21:52:26,781] INFO [Partition __consumer_offsets-32 broker=1] Log loaded for partition __consumer_offsets-32 with initial high watermark 0 (kafka.cluster.Partition)
kafka-1-1  | 2026-09-21T21:52:26.802482354Z [2026-09-21 21:52:26,802] INFO [LogLoader partition=__consumer_offsets-28, dir=/tmp/kafka-logs] Loading producer state till offset 0 with message format version 2 (kafka.log.UnifiedLog$)
kafka-1-1  | 2026-09-21T21:52:26.806978129Z [2026-09-21 21:52:26,806] INFO Created log for partition __consumer_offsets-28 in /tmp/kafka-logs/__consumer_offsets-28 with properties {cleanup.policy=compact, compression.type="producer", segment.bytes=104857600} (kafka.log.LogManager)
kafka-1-1  | 2026-09-21T21:52:26.807251233Z [2026-09-21 21:52:26,807] INFO [Partition __consumer_offsets-28 broker=1] No checkpointed highwatermark is found for partition __consumer_offsets-28 (kafka.cluster.Partition)
kafka-1-1  | 2026-09-21T21:52:26.807607639Z [2026-09-21 21:52:26,807] INFO [Partition __consumer_offsets-28 broker=1] Log loaded for partition __consumer_offsets-28 with initial high watermark 0 (kafka.cluster.Partition)
kafka-1-1  | 2026-09-21T21:52:26.826976460Z [2026-09-21 21:52:26,826] INFO [LogLoader partition=__consumer_offsets-8, dir=/tmp/kafka-logs] Loading producer state till offset 0 with message format version 2 (kafka.log.UnifiedLog$)
kafka-1-1  | 2026-09-21T21:52:26.829270298Z [2026-09-21 21:52:26,829] INFO Created log for partition __consumer_offsets-8 in /tmp/kafka-logs/__consumer_offsets-8 with properties {cleanup.policy=compact, compression.type="producer", segment.bytes=104857600} (kafka.log.LogManager)
kafka-1-1  | 2026-09-21T21:52:26.829346599Z [2026-09-21 21:52:26,829] INFO [Partition __consumer_offsets-8 broker=1] No checkpointed highwatermark is found for partition __consumer_offsets-8 (kafka.cluster.Partition)
kafka-1-1  | 2026-09-21T21:52:26.829428401Z [2026-09-21 21:52:26,829] INFO [Partition __consumer_offsets-8 broker=1] Log loaded for partition __consumer_offsets-8 with initial high watermark 0 (kafka.cluster.Partition)
kafka-1-1  | 2026-09-21T21:52:26.852161277Z [2026-09-21 21:52:26,851] INFO [LogLoader partition=__consumer_offsets-40, dir=/tmp/kafka-logs] Loading producer state till offset 0 with message format version 2 (kafka.log.UnifiedLog$)
kafka-1-1  | 2026-09-21T21:52:26.853664402Z [2026-09-21 21:52:26,853] INFO Created log for partition __consumer_offsets-40 in /tmp/kafka-logs/__consumer_offsets-40 with properties {cleanup.policy=compact, compression.type="producer", segment.bytes=104857600} (kafka.log.LogManager)
kafka-1-1  | 2026-09-21T21:52:26.853741303Z [2026-09-21 21:52:26,853] INFO [Partition __consumer_offsets-40 broker=1] No checkpointed highwatermark is found for partition __consumer_offsets-40 (kafka.cluster.Partition)
kafka-1-1  | 2026-09-21T21:52:26.853861805Z [2026-09-21 21:52:26,853] INFO [Partition __consumer_offsets-40 broker=1] Log loaded for partition __consumer_offsets-40 with initial high watermark 0 (kafka.cluster.Partition)
kafka-1-1  | 2026-09-21T21:52:26.865653600Z [2026-09-21 21:52:26,865] INFO [LogLoader partition=__consumer_offsets-5, dir=/tmp/kafka-logs] Loading producer state till offset 0 with message format version 2 (kafka.log.UnifiedLog$)
kafka-1-1  | 2026-09-21T21:52:26.866620016Z [2026-09-21 21:52:26,866] INFO Created log for partition __consumer_offsets-5 in /tmp/kafka-logs/__consumer_offsets-5 with properties {cleanup.policy=compact, compression.type="producer", segment.bytes=104857600} (kafka.log.LogManager)
kafka-1-1  | 2026-09-21T21:52:26.868773152Z [2026-09-21 21:52:26,868] INFO [Partition __consumer_offsets-5 broker=1] No checkpointed highwatermark is found for partition __consumer_offsets-5 (kafka.cluster.Partition)
kafka-1-1  | 2026-09-21T21:52:26.868852053Z [2026-09-21 21:52:26,868] INFO [Partition __consumer_offsets-5 broker=1] Log loaded for partition __consumer_offsets-5 with initial high watermark 0 (kafka.cluster.Partition)
kafka-1-1  | 2026-09-21T21:52:26.894752982Z [2026-09-21 21:52:26,894] INFO [LogLoader partition=__consumer_offsets-36, dir=/tmp/kafka-logs] Loading producer state till offset 0 with message format version 2 (kafka.log.UnifiedLog$)
kafka-1-1  | 2026-09-21T21:52:26.937100683Z [2026-09-21 21:52:26,936] INFO Created log for partition __consumer_offsets-36 in /tmp/kafka-logs/__consumer_offsets-36 with properties {cleanup.policy=compact, compression.type="producer", segment.bytes=104857600} (kafka.log.LogManager)
kafka-1-1  | 2026-09-21T21:52:26.937391188Z [2026-09-21 21:52:26,937] INFO [Partition __consumer_offsets-36 broker=1] No checkpointed highwatermark is found for partition __consumer_offsets-36 (kafka.cluster.Partition)
kafka-1-1  | 2026-09-21T21:52:26.937568491Z [2026-09-21 21:52:26,937] INFO [Partition __consumer_offsets-36 broker=1] Log loaded for partition __consumer_offsets-36 with initial high watermark 0 (kafka.cluster.Partition)
kafka-1-1  | 2026-09-21T21:52:26.952620440Z [2026-09-21 21:52:26,951] INFO [LogLoader partition=__consumer_offsets-34, dir=/tmp/kafka-logs] Loading producer state till offset 0 with message format version 2 (kafka.log.UnifiedLog$)
kafka-1-1  | 2026-09-21T21:52:26.953461154Z [2026-09-21 21:52:26,953] INFO Created log for partition __consumer_offsets-34 in /tmp/kafka-logs/__consumer_offsets-34 with properties {cleanup.policy=compact, compression.type="producer", segment.bytes=104857600} (kafka.log.LogManager)
kafka-1-1  | 2026-09-21T21:52:26.953689457Z [2026-09-21 21:52:26,953] INFO [Partition __consumer_offsets-34 broker=1] No checkpointed highwatermark is found for partition __consumer_offsets-34 (kafka.cluster.Partition)
kafka-1-1  | 2026-09-21T21:52:26.953719258Z [2026-09-21 21:52:26,953] INFO [Partition __consumer_offsets-34 broker=1] Log loaded for partition __consumer_offsets-34 with initial high watermark 0 (kafka.cluster.Partition)
kafka-1-1  | 2026-09-21T21:52:26.965479853Z [2026-09-21 21:52:26,965] INFO [LogLoader partition=__consumer_offsets-15, dir=/tmp/kafka-logs] Loading producer state till offset 0 with message format version 2 (kafka.log.UnifiedLog$)
kafka-1-1  | 2026-09-21T21:52:26.967001778Z [2026-09-21 21:52:26,966] INFO Created log for partition __consumer_offsets-15 in /tmp/kafka-logs/__consumer_offsets-15 with properties {cleanup.policy=compact, compression.type="producer", segment.bytes=104857600} (kafka.log.LogManager)
kafka-1-1  | 2026-09-21T21:52:26.967011478Z [2026-09-21 21:52:26,966] INFO [Partition __consumer_offsets-15 broker=1] No checkpointed highwatermark is found for partition __consumer_offsets-15 (kafka.cluster.Partition)
kafka-1-1  | 2026-09-21T21:52:26.967097079Z [2026-09-21 21:52:26,967] INFO [Partition __consumer_offsets-15 broker=1] Log loaded for partition __consumer_offsets-15 with initial high watermark 0 (kafka.cluster.Partition)
kafka-1-1  | 2026-09-21T21:52:26.973254381Z [2026-09-21 21:52:26,973] INFO [LogLoader partition=__consumer_offsets-48, dir=/tmp/kafka-logs] Loading producer state till offset 0 with message format version 2 (kafka.log.UnifiedLog$)
kafka-1-1  | 2026-09-21T21:52:26.974791507Z [2026-09-21 21:52:26,974] INFO Created log for partition __consumer_offsets-48 in /tmp/kafka-logs/__consumer_offsets-48 with properties {cleanup.policy=compact, compression.type="producer", segment.bytes=104857600} (kafka.log.LogManager)
kafka-1-1  | 2026-09-21T21:52:26.975036211Z [2026-09-21 21:52:26,974] INFO [Partition __consumer_offsets-48 broker=1] No checkpointed highwatermark is found for partition __consumer_offsets-48 (kafka.cluster.Partition)
kafka-1-1  | 2026-09-21T21:52:26.975276915Z [2026-09-21 21:52:26,975] INFO [Partition __consumer_offsets-48 broker=1] Log loaded for partition __consumer_offsets-48 with initial high watermark 0 (kafka.cluster.Partition)
kafka-1-1  | 2026-09-21T21:52:26.981971326Z [2026-09-21 21:52:26,981] INFO [LogLoader partition=__consumer_offsets-13, dir=/tmp/kafka-logs] Loading producer state till offset 0 with message format version 2 (kafka.log.UnifiedLog$)
kafka-1-1  | 2026-09-21T21:52:26.982945142Z [2026-09-21 21:52:26,982] INFO Created log for partition __consumer_offsets-13 in /tmp/kafka-logs/__consumer_offsets-13 with properties {cleanup.policy=compact, compression.type="producer", segment.bytes=104857600} (kafka.log.LogManager)
kafka-1-1  | 2026-09-21T21:52:26.983043043Z [2026-09-21 21:52:26,983] INFO [Partition __consumer_offsets-13 broker=1] No checkpointed highwatermark is found for partition __consumer_offsets-13 (kafka.cluster.Partition)
kafka-1-1  | 2026-09-21T21:52:26.983132445Z [2026-09-21 21:52:26,983] INFO [Partition __consumer_offsets-13 broker=1] Log loaded for partition __consumer_offsets-13 with initial high watermark 0 (kafka.cluster.Partition)
kafka-1-1  | 2026-09-21T21:52:26.988234429Z [2026-09-21 21:52:26,988] INFO [LogLoader partition=__consumer_offsets-46, dir=/tmp/kafka-logs] Loading producer state till offset 0 with message format version 2 (kafka.log.UnifiedLog$)
kafka-1-1  | 2026-09-21T21:52:26.989400749Z [2026-09-21 21:52:26,989] INFO Created log for partition __consumer_offsets-46 in /tmp/kafka-logs/__consumer_offsets-46 with properties {cleanup.policy=compact, compression.type="producer", segment.bytes=104857600} (kafka.log.LogManager)
kafka-1-1  | 2026-09-21T21:52:26.990991875Z [2026-09-21 21:52:26,989] INFO [Partition __consumer_offsets-46 broker=1] No checkpointed highwatermark is found for partition __consumer_offsets-46 (kafka.cluster.Partition)
kafka-1-1  | 2026-09-21T21:52:26.991030676Z [2026-09-21 21:52:26,989] INFO [Partition __consumer_offsets-46 broker=1] Log loaded for partition __consumer_offsets-46 with initial high watermark 0 (kafka.cluster.Partition)
kafka-1-1  | 2026-09-21T21:52:26.996378564Z [2026-09-21 21:52:26,996] INFO [LogLoader partition=__consumer_offsets-11, dir=/tmp/kafka-logs] Loading producer state till offset 0 with message format version 2 (kafka.log.UnifiedLog$)
kafka-1-1  | 2026-09-21T21:52:26.997677086Z [2026-09-21 21:52:26,997] INFO Created log for partition __consumer_offsets-11 in /tmp/kafka-logs/__consumer_offsets-11 with properties {cleanup.policy=compact, compression.type="producer", segment.bytes=104857600} (kafka.log.LogManager)
kafka-1-1  | 2026-09-21T21:52:26.997695386Z [2026-09-21 21:52:26,997] INFO [Partition __consumer_offsets-11 broker=1] No checkpointed highwatermark is found for partition __consumer_offsets-11 (kafka.cluster.Partition)
kafka-1-1  | 2026-09-21T21:52:26.997809188Z [2026-09-21 21:52:26,997] INFO [Partition __consumer_offsets-11 broker=1] Log loaded for partition __consumer_offsets-11 with initial high watermark 0 (kafka.cluster.Partition)
kafka-1-1  | 2026-09-21T21:52:27.007352446Z [2026-09-21 21:52:27,007] INFO [LogLoader partition=__consumer_offsets-42, dir=/tmp/kafka-logs] Loading producer state till offset 0 with message format version 2 (kafka.log.UnifiedLog$)
kafka-1-1  | 2026-09-21T21:52:27.008085058Z [2026-09-21 21:52:27,007] INFO Created log for partition __consumer_offsets-42 in /tmp/kafka-logs/__consumer_offsets-42 with properties {cleanup.policy=compact, compression.type="producer", segment.bytes=104857600} (kafka.log.LogManager)
kafka-1-1  | 2026-09-21T21:52:27.008174659Z [2026-09-21 21:52:27,008] INFO [Partition __consumer_offsets-42 broker=1] No checkpointed highwatermark is found for partition __consumer_offsets-42 (kafka.cluster.Partition)
kafka-1-1  | 2026-09-21T21:52:27.008235760Z [2026-09-21 21:52:27,008] INFO [Partition __consumer_offsets-42 broker=1] Log loaded for partition __consumer_offsets-42 with initial high watermark 0 (kafka.cluster.Partition)
kafka-1-1  | 2026-09-21T21:52:27.016694200Z [2026-09-21 21:52:27,016] INFO [LogLoader partition=__consumer_offsets-21, dir=/tmp/kafka-logs] Loading producer state till offset 0 with message format version 2 (kafka.log.UnifiedLog$)
kafka-1-1  | 2026-09-21T21:52:27.017476913Z [2026-09-21 21:52:27,017] INFO Created log for partition __consumer_offsets-21 in /tmp/kafka-logs/__consumer_offsets-21 with properties {cleanup.policy=compact, compression.type="producer", segment.bytes=104857600} (kafka.log.LogManager)
kafka-1-1  | 2026-09-21T21:52:27.017493014Z [2026-09-21 21:52:27,017] INFO [Partition __consumer_offsets-21 broker=1] No checkpointed highwatermark is found for partition __consumer_offsets-21 (kafka.cluster.Partition)
kafka-1-1  | 2026-09-21T21:52:27.018464830Z [2026-09-21 21:52:27,017] INFO [Partition __consumer_offsets-21 broker=1] Log loaded for partition __consumer_offsets-21 with initial high watermark 0 (kafka.cluster.Partition)
kafka-1-1  | 2026-09-21T21:52:27.033256475Z [2026-09-21 21:52:27,033] INFO [LogLoader partition=__consumer_offsets-17, dir=/tmp/kafka-logs] Loading producer state till offset 0 with message format version 2 (kafka.log.UnifiedLog$)
kafka-1-1  | 2026-09-21T21:52:27.035908618Z [2026-09-21 21:52:27,034] INFO Created log for partition __consumer_offsets-17 in /tmp/kafka-logs/__consumer_offsets-17 with properties {cleanup.policy=compact, compression.type="producer", segment.bytes=104857600} (kafka.log.LogManager)
kafka-1-1  | 2026-09-21T21:52:27.035938619Z [2026-09-21 21:52:27,035] INFO [Partition __consumer_offsets-17 broker=1] No checkpointed highwatermark is found for partition __consumer_offsets-17 (kafka.cluster.Partition)
kafka-1-1  | 2026-09-21T21:52:27.035941119Z [2026-09-21 21:52:27,035] INFO [Partition __consumer_offsets-17 broker=1] Log loaded for partition __consumer_offsets-17 with initial high watermark 0 (kafka.cluster.Partition)
kafka-1-1  | 2026-09-21T21:52:27.041243507Z [2026-09-21 21:52:27,041] INFO [LogLoader partition=__consumer_offsets-30, dir=/tmp/kafka-logs] Loading producer state till offset 0 with message format version 2 (kafka.log.UnifiedLog$)
kafka-1-1  | 2026-09-21T21:52:27.043387342Z [2026-09-21 21:52:27,043] INFO Created log for partition __consumer_offsets-30 in /tmp/kafka-logs/__consumer_offsets-30 with properties {cleanup.policy=compact, compression.type="producer", segment.bytes=104857600} (kafka.log.LogManager)
kafka-1-1  | 2026-09-21T21:52:27.044171355Z [2026-09-21 21:52:27,043] INFO [Partition __consumer_offsets-30 broker=1] No checkpointed highwatermark is found for partition __consumer_offsets-30 (kafka.cluster.Partition)
kafka-1-1  | 2026-09-21T21:52:27.044294257Z [2026-09-21 21:52:27,043] INFO [Partition __consumer_offsets-30 broker=1] Log loaded for partition __consumer_offsets-30 with initial high watermark 0 (kafka.cluster.Partition)
kafka-1-1  | 2026-09-21T21:52:27.055515743Z [2026-09-21 21:52:27,054] INFO [LogLoader partition=__consumer_offsets-26, dir=/tmp/kafka-logs] Loading producer state till offset 0 with message format version 2 (kafka.log.UnifiedLog$)
kafka-1-1  | 2026-09-21T21:52:27.055539143Z [2026-09-21 21:52:27,055] INFO Created log for partition __consumer_offsets-26 in /tmp/kafka-logs/__consumer_offsets-26 with properties {cleanup.policy=compact, compression.type="producer", segment.bytes=104857600} (kafka.log.LogManager)
kafka-1-1  | 2026-09-21T21:52:27.055541643Z [2026-09-21 21:52:27,055] INFO [Partition __consumer_offsets-26 broker=1] No checkpointed highwatermark is found for partition __consumer_offsets-26 (kafka.cluster.Partition)
kafka-1-1  | 2026-09-21T21:52:27.059813914Z [2026-09-21 21:52:27,059] INFO [Partition __consumer_offsets-26 broker=1] Log loaded for partition __consumer_offsets-26 with initial high watermark 0 (kafka.cluster.Partition)
kafka-1-1  | 2026-09-21T21:52:27.066209120Z [2026-09-21 21:52:27,065] INFO [LogLoader partition=__consumer_offsets-7, dir=/tmp/kafka-logs] Loading producer state till offset 0 with message format version 2 (kafka.log.UnifiedLog$)
kafka-1-1  | 2026-09-21T21:52:27.068580059Z [2026-09-21 21:52:27,066] INFO Created log for partition __consumer_offsets-7 in /tmp/kafka-logs/__consumer_offsets-7 with properties {cleanup.policy=compact, compression.type="producer", segment.bytes=104857600} (kafka.log.LogManager)
kafka-1-1  | 2026-09-21T21:52:27.068602260Z [2026-09-21 21:52:27,067] INFO [Partition __consumer_offsets-7 broker=1] No checkpointed highwatermark is found for partition __consumer_offsets-7 (kafka.cluster.Partition)
kafka-1-1  | 2026-09-21T21:52:27.068604460Z [2026-09-21 21:52:27,067] INFO [Partition __consumer_offsets-7 broker=1] Log loaded for partition __consumer_offsets-7 with initial high watermark 0 (kafka.cluster.Partition)
kafka-1-1  | 2026-09-21T21:52:27.072839130Z [2026-09-21 21:52:27,072] INFO [LogLoader partition=__consumer_offsets-38, dir=/tmp/kafka-logs] Loading producer state till offset 0 with message format version 2 (kafka.log.UnifiedLog$)
kafka-1-1  | 2026-09-21T21:52:27.073569142Z [2026-09-21 21:52:27,073] INFO Created log for partition __consumer_offsets-38 in /tmp/kafka-logs/__consumer_offsets-38 with properties {cleanup.policy=compact, compression.type="producer", segment.bytes=104857600} (kafka.log.LogManager)
kafka-1-1  | 2026-09-21T21:52:27.073665743Z [2026-09-21 21:52:27,073] INFO [Partition __consumer_offsets-38 broker=1] No checkpointed highwatermark is found for partition __consumer_offsets-38 (kafka.cluster.Partition)
kafka-1-1  | 2026-09-21T21:52:27.073738545Z [2026-09-21 21:52:27,073] INFO [Partition __consumer_offsets-38 broker=1] Log loaded for partition __consumer_offsets-38 with initial high watermark 0 (kafka.cluster.Partition)
kafka-1-1  | 2026-09-21T21:52:27.078382121Z [2026-09-21 21:52:27,078] INFO [LogLoader partition=__consumer_offsets-3, dir=/tmp/kafka-logs] Loading producer state till offset 0 with message format version 2 (kafka.log.UnifiedLog$)
kafka-1-1  | 2026-09-21T21:52:27.079463639Z [2026-09-21 21:52:27,079] INFO Created log for partition __consumer_offsets-3 in /tmp/kafka-logs/__consumer_offsets-3 with properties {cleanup.policy=compact, compression.type="producer", segment.bytes=104857600} (kafka.log.LogManager)
kafka-1-1  | 2026-09-21T21:52:27.079772745Z [2026-09-21 21:52:27,079] INFO [Partition __consumer_offsets-3 broker=1] No checkpointed highwatermark is found for partition __consumer_offsets-3 (kafka.cluster.Partition)
kafka-1-1  | 2026-09-21T21:52:27.079868846Z [2026-09-21 21:52:27,079] INFO [Partition __consumer_offsets-3 broker=1] Log loaded for partition __consumer_offsets-3 with initial high watermark 0 (kafka.cluster.Partition)
kafka-1-1  | 2026-09-21T21:52:27.087838578Z [2026-09-21 21:52:27,087] INFO [LogLoader partition=__consumer_offsets-1, dir=/tmp/kafka-logs] Loading producer state till offset 0 with message format version 2 (kafka.log.UnifiedLog$)
kafka-1-1  | 2026-09-21T21:52:27.089716009Z [2026-09-21 21:52:27,089] INFO Created log for partition __consumer_offsets-1 in /tmp/kafka-logs/__consumer_offsets-1 with properties {cleanup.policy=compact, compression.type="producer", segment.bytes=104857600} (kafka.log.LogManager)
kafka-1-1  | 2026-09-21T21:52:27.089840511Z [2026-09-21 21:52:27,089] INFO [Partition __consumer_offsets-1 broker=1] No checkpointed highwatermark is found for partition __consumer_offsets-1 (kafka.cluster.Partition)
kafka-1-1  | 2026-09-21T21:52:27.089941113Z [2026-09-21 21:52:27,089] INFO [Partition __consumer_offsets-1 broker=1] Log loaded for partition __consumer_offsets-1 with initial high watermark 0 (kafka.cluster.Partition)
kafka-1-1  | 2026-09-21T21:52:27.093855178Z [2026-09-21 21:52:27,093] INFO [LogLoader partition=__consumer_offsets-45, dir=/tmp/kafka-logs] Loading producer state till offset 0 with message format version 2 (kafka.log.UnifiedLog$)
kafka-1-1  | 2026-09-21T21:52:27.095007697Z [2026-09-21 21:52:27,094] INFO Created log for partition __consumer_offsets-45 in /tmp/kafka-logs/__consumer_offsets-45 with properties {cleanup.policy=compact, compression.type="producer", segment.bytes=104857600} (kafka.log.LogManager)
kafka-1-1  | 2026-09-21T21:52:27.095041597Z [2026-09-21 21:52:27,094] INFO [Partition __consumer_offsets-45 broker=1] No checkpointed highwatermark is found for partition __consumer_offsets-45 (kafka.cluster.Partition)
kafka-1-1  | 2026-09-21T21:52:27.095150899Z [2026-09-21 21:52:27,095] INFO [Partition __consumer_offsets-45 broker=1] Log loaded for partition __consumer_offsets-45 with initial high watermark 0 (kafka.cluster.Partition)
kafka-1-1  | 2026-09-21T21:52:27.099476271Z [2026-09-21 21:52:27,099] INFO [LogLoader partition=__consumer_offsets-14, dir=/tmp/kafka-logs] Loading producer state till offset 0 with message format version 2 (kafka.log.UnifiedLog$)
kafka-1-1  | 2026-09-21T21:52:27.104316451Z [2026-09-21 21:52:27,102] INFO Created log for partition __consumer_offsets-14 in /tmp/kafka-logs/__consumer_offsets-14 with properties {cleanup.policy=compact, compression.type="producer", segment.bytes=104857600} (kafka.log.LogManager)
kafka-1-1  | 2026-09-21T21:52:27.104349251Z [2026-09-21 21:52:27,103] INFO [Partition __consumer_offsets-14 broker=1] No checkpointed highwatermark is found for partition __consumer_offsets-14 (kafka.cluster.Partition)
kafka-1-1  | 2026-09-21T21:52:27.104351951Z [2026-09-21 21:52:27,103] INFO [Partition __consumer_offsets-14 broker=1] Log loaded for partition __consumer_offsets-14 with initial high watermark 0 (kafka.cluster.Partition)
kafka-1-1  | 2026-09-21T21:52:27.110938660Z [2026-09-21 21:52:27,110] INFO [LogLoader partition=__consumer_offsets-43, dir=/tmp/kafka-logs] Loading producer state till offset 0 with message format version 2 (kafka.log.UnifiedLog$)
kafka-1-1  | 2026-09-21T21:52:27.112750490Z [2026-09-21 21:52:27,112] INFO Created log for partition __consumer_offsets-43 in /tmp/kafka-logs/__consumer_offsets-43 with properties {cleanup.policy=compact, compression.type="producer", segment.bytes=104857600} (kafka.log.LogManager)
kafka-1-1  | 2026-09-21T21:52:27.113291799Z [2026-09-21 21:52:27,112] INFO [Partition __consumer_offsets-43 broker=1] No checkpointed highwatermark is found for partition __consumer_offsets-43 (kafka.cluster.Partition)
kafka-1-1  | 2026-09-21T21:52:27.113299699Z [2026-09-21 21:52:27,112] INFO [Partition __consumer_offsets-43 broker=1] Log loaded for partition __consumer_offsets-43 with initial high watermark 0 (kafka.cluster.Partition)
kafka-1-1  | 2026-09-21T21:52:27.118998794Z [2026-09-21 21:52:27,117] INFO [LogLoader partition=__consumer_offsets-41, dir=/tmp/kafka-logs] Loading producer state till offset 0 with message format version 2 (kafka.log.UnifiedLog$)
kafka-1-1  | 2026-09-21T21:52:27.119479902Z [2026-09-21 21:52:27,119] INFO Created log for partition __consumer_offsets-41 in /tmp/kafka-logs/__consumer_offsets-41 with properties {cleanup.policy=compact, compression.type="producer", segment.bytes=104857600} (kafka.log.LogManager)
kafka-1-1  | 2026-09-21T21:52:27.119648105Z [2026-09-21 21:52:27,119] INFO [Partition __consumer_offsets-41 broker=1] No checkpointed highwatermark is found for partition __consumer_offsets-41 (kafka.cluster.Partition)
kafka-1-1  | 2026-09-21T21:52:27.120296015Z [2026-09-21 21:52:27,119] INFO [Partition __consumer_offsets-41 broker=1] Log loaded for partition __consumer_offsets-41 with initial high watermark 0 (kafka.cluster.Partition)
kafka-1-1  | 2026-09-21T21:52:27.130425683Z [2026-09-21 21:52:27,129] INFO [LogLoader partition=__consumer_offsets-10, dir=/tmp/kafka-logs] Loading producer state till offset 0 with message format version 2 (kafka.log.UnifiedLog$)
kafka-1-1  | 2026-09-21T21:52:27.130980292Z [2026-09-21 21:52:27,130] INFO Created log for partition __consumer_offsets-10 in /tmp/kafka-logs/__consumer_offsets-10 with properties {cleanup.policy=compact, compression.type="producer", segment.bytes=104857600} (kafka.log.LogManager)
kafka-1-1  | 2026-09-21T21:52:27.131540701Z [2026-09-21 21:52:27,130] INFO [Partition __consumer_offsets-10 broker=1] No checkpointed highwatermark is found for partition __consumer_offsets-10 (kafka.cluster.Partition)
kafka-1-1  | 2026-09-21T21:52:27.131553102Z [2026-09-21 21:52:27,131] INFO [Partition __consumer_offsets-10 broker=1] Log loaded for partition __consumer_offsets-10 with initial high watermark 0 (kafka.cluster.Partition)
kafka-1-1  | 2026-09-21T21:52:27.137517800Z [2026-09-21 21:52:27,136] INFO [LogLoader partition=__consumer_offsets-22, dir=/tmp/kafka-logs] Loading producer state till offset 0 with message format version 2 (kafka.log.UnifiedLog$)
kafka-1-1  | 2026-09-21T21:52:27.137545701Z [2026-09-21 21:52:27,136] INFO Created log for partition __consumer_offsets-22 in /tmp/kafka-logs/__consumer_offsets-22 with properties {cleanup.policy=compact, compression.type="producer", segment.bytes=104857600} (kafka.log.LogManager)
kafka-1-1  | 2026-09-21T21:52:27.137548401Z [2026-09-21 21:52:27,137] INFO [Partition __consumer_offsets-22 broker=1] No checkpointed highwatermark is found for partition __consumer_offsets-22 (kafka.cluster.Partition)
kafka-1-1  | 2026-09-21T21:52:27.137549901Z [2026-09-21 21:52:27,137] INFO [Partition __consumer_offsets-22 broker=1] Log loaded for partition __consumer_offsets-22 with initial high watermark 0 (kafka.cluster.Partition)
kafka-1-1  | 2026-09-21T21:52:27.147493265Z [2026-09-21 21:52:27,147] INFO [LogLoader partition=__consumer_offsets-20, dir=/tmp/kafka-logs] Loading producer state till offset 0 with message format version 2 (kafka.log.UnifiedLog$)
kafka-1-1  | 2026-09-21T21:52:27.148480582Z [2026-09-21 21:52:27,148] INFO Created log for partition __consumer_offsets-20 in /tmp/kafka-logs/__consumer_offsets-20 with properties {cleanup.policy=compact, compression.type="producer", segment.bytes=104857600} (kafka.log.LogManager)
kafka-1-1  | 2026-09-21T21:52:27.148558283Z [2026-09-21 21:52:27,148] INFO [Partition __consumer_offsets-20 broker=1] No checkpointed highwatermark is found for partition __consumer_offsets-20 (kafka.cluster.Partition)
kafka-1-1  | 2026-09-21T21:52:27.148563083Z [2026-09-21 21:52:27,148] INFO [Partition __consumer_offsets-20 broker=1] Log loaded for partition __consumer_offsets-20 with initial high watermark 0 (kafka.cluster.Partition)
kafka-1-1  | 2026-09-21T21:52:27.152763953Z [2026-09-21 21:52:27,152] INFO [LogLoader partition=__consumer_offsets-49, dir=/tmp/kafka-logs] Loading producer state till offset 0 with message format version 2 (kafka.log.UnifiedLog$)
kafka-1-1  | 2026-09-21T21:52:27.153277961Z [2026-09-21 21:52:27,153] INFO Created log for partition __consumer_offsets-49 in /tmp/kafka-logs/__consumer_offsets-49 with properties {cleanup.policy=compact, compression.type="producer", segment.bytes=104857600} (kafka.log.LogManager)
kafka-1-1  | 2026-09-21T21:52:27.153717169Z [2026-09-21 21:52:27,153] INFO [Partition __consumer_offsets-49 broker=1] No checkpointed highwatermark is found for partition __consumer_offsets-49 (kafka.cluster.Partition)
kafka-1-1  | 2026-09-21T21:52:27.153723369Z [2026-09-21 21:52:27,153] INFO [Partition __consumer_offsets-49 broker=1] Log loaded for partition __consumer_offsets-49 with initial high watermark 0 (kafka.cluster.Partition)
kafka-1-1  | 2026-09-21T21:52:27.157304028Z [2026-09-21 21:52:27,157] INFO [LogLoader partition=__consumer_offsets-18, dir=/tmp/kafka-logs] Loading producer state till offset 0 with message format version 2 (kafka.log.UnifiedLog$)
kafka-1-1  | 2026-09-21T21:52:27.158325845Z [2026-09-21 21:52:27,158] INFO Created log for partition __consumer_offsets-18 in /tmp/kafka-logs/__consumer_offsets-18 with properties {cleanup.policy=compact, compression.type="producer", segment.bytes=104857600} (kafka.log.LogManager)
kafka-1-1  | 2026-09-21T21:52:27.158456347Z [2026-09-21 21:52:27,158] INFO [Partition __consumer_offsets-18 broker=1] No checkpointed highwatermark is found for partition __consumer_offsets-18 (kafka.cluster.Partition)
kafka-1-1  | 2026-09-21T21:52:27.158477647Z [2026-09-21 21:52:27,158] INFO [Partition __consumer_offsets-18 broker=1] Log loaded for partition __consumer_offsets-18 with initial high watermark 0 (kafka.cluster.Partition)
kafka-1-1  | 2026-09-21T21:52:27.162151208Z [2026-09-21 21:52:27,161] INFO [LogLoader partition=__consumer_offsets-31, dir=/tmp/kafka-logs] Loading producer state till offset 0 with message format version 2 (kafka.log.UnifiedLog$)
kafka-1-1  | 2026-09-21T21:52:27.162676817Z [2026-09-21 21:52:27,162] INFO Created log for partition __consumer_offsets-31 in /tmp/kafka-logs/__consumer_offsets-31 with properties {cleanup.policy=compact, compression.type="producer", segment.bytes=104857600} (kafka.log.LogManager)
kafka-1-1  | 2026-09-21T21:52:27.162949521Z [2026-09-21 21:52:27,162] INFO [Partition __consumer_offsets-31 broker=1] No checkpointed highwatermark is found for partition __consumer_offsets-31 (kafka.cluster.Partition)
kafka-1-1  | 2026-09-21T21:52:27.162958321Z [2026-09-21 21:52:27,162] INFO [Partition __consumer_offsets-31 broker=1] Log loaded for partition __consumer_offsets-31 with initial high watermark 0 (kafka.cluster.Partition)
kafka-1-1  | 2026-09-21T21:52:27.167110490Z [2026-09-21 21:52:27,166] INFO [LogLoader partition=__consumer_offsets-29, dir=/tmp/kafka-logs] Loading producer state till offset 0 with message format version 2 (kafka.log.UnifiedLog$)
kafka-1-1  | 2026-09-21T21:52:27.168078806Z [2026-09-21 21:52:27,167] INFO Created log for partition __consumer_offsets-29 in /tmp/kafka-logs/__consumer_offsets-29 with properties {cleanup.policy=compact, compression.type="producer", segment.bytes=104857600} (kafka.log.LogManager)
kafka-1-1  | 2026-09-21T21:52:27.168094907Z [2026-09-21 21:52:27,167] INFO [Partition __consumer_offsets-29 broker=1] No checkpointed highwatermark is found for partition __consumer_offsets-29 (kafka.cluster.Partition)
kafka-1-1  | 2026-09-21T21:52:27.168097007Z [2026-09-21 21:52:27,167] INFO [Partition __consumer_offsets-29 broker=1] Log loaded for partition __consumer_offsets-29 with initial high watermark 0 (kafka.cluster.Partition)
kafka-1-1  | 2026-09-21T21:52:27.171729667Z [2026-09-21 21:52:27,171] INFO [LogLoader partition=__consumer_offsets-27, dir=/tmp/kafka-logs] Loading producer state till offset 0 with message format version 2 (kafka.log.UnifiedLog$)
kafka-1-1  | 2026-09-21T21:52:27.173048589Z [2026-09-21 21:52:27,172] INFO Created log for partition __consumer_offsets-27 in /tmp/kafka-logs/__consumer_offsets-27 with properties {cleanup.policy=compact, compression.type="producer", segment.bytes=104857600} (kafka.log.LogManager)
kafka-1-1  | 2026-09-21T21:52:27.173205791Z [2026-09-21 21:52:27,173] INFO [Partition __consumer_offsets-27 broker=1] No checkpointed highwatermark is found for partition __consumer_offsets-27 (kafka.cluster.Partition)
kafka-1-1  | 2026-09-21T21:52:27.173799301Z [2026-09-21 21:52:27,173] INFO [Partition __consumer_offsets-27 broker=1] Log loaded for partition __consumer_offsets-27 with initial high watermark 0 (kafka.cluster.Partition)
kafka-1-1  | 2026-09-21T21:52:27.181303025Z [2026-09-21 21:52:27,181] INFO [LogLoader partition=__consumer_offsets-25, dir=/tmp/kafka-logs] Loading producer state till offset 0 with message format version 2 (kafka.log.UnifiedLog$)
kafka-1-1  | 2026-09-21T21:52:27.181845334Z [2026-09-21 21:52:27,181] INFO Created log for partition __consumer_offsets-25 in /tmp/kafka-logs/__consumer_offsets-25 with properties {cleanup.policy=compact, compression.type="producer", segment.bytes=104857600} (kafka.log.LogManager)
kafka-1-1  | 2026-09-21T21:52:27.183113155Z [2026-09-21 21:52:27,181] INFO [Partition __consumer_offsets-25 broker=1] No checkpointed highwatermark is found for partition __consumer_offsets-25 (kafka.cluster.Partition)
kafka-1-1  | 2026-09-21T21:52:27.183120955Z [2026-09-21 21:52:27,181] INFO [Partition __consumer_offsets-25 broker=1] Log loaded for partition __consumer_offsets-25 with initial high watermark 0 (kafka.cluster.Partition)
kafka-1-1  | 2026-09-21T21:52:27.188161339Z [2026-09-21 21:52:27,188] INFO [LogLoader partition=__consumer_offsets-39, dir=/tmp/kafka-logs] Loading producer state till offset 0 with message format version 2 (kafka.log.UnifiedLog$)
kafka-1-1  | 2026-09-21T21:52:27.189051953Z [2026-09-21 21:52:27,188] INFO Created log for partition __consumer_offsets-39 in /tmp/kafka-logs/__consumer_offsets-39 with properties {cleanup.policy=compact, compression.type="producer", segment.bytes=104857600} (kafka.log.LogManager)
kafka-1-1  | 2026-09-21T21:52:27.190885184Z [2026-09-21 21:52:27,190] INFO [Partition __consumer_offsets-39 broker=1] No checkpointed highwatermark is found for partition __consumer_offsets-39 (kafka.cluster.Partition)
kafka-1-1  | 2026-09-21T21:52:27.191196889Z [2026-09-21 21:52:27,191] INFO [Partition __consumer_offsets-39 broker=1] Log loaded for partition __consumer_offsets-39 with initial high watermark 0 (kafka.cluster.Partition)
kafka-1-1  | 2026-09-21T21:52:27.195502960Z [2026-09-21 21:52:27,195] INFO [LogLoader partition=__consumer_offsets-37, dir=/tmp/kafka-logs] Loading producer state till offset 0 with message format version 2 (kafka.log.UnifiedLog$)
kafka-1-1  | 2026-09-21T21:52:27.196336374Z [2026-09-21 21:52:27,196] INFO Created log for partition __consumer_offsets-37 in /tmp/kafka-logs/__consumer_offsets-37 with properties {cleanup.policy=compact, compression.type="producer", segment.bytes=104857600} (kafka.log.LogManager)
kafka-1-1  | 2026-09-21T21:52:27.196410475Z [2026-09-21 21:52:27,196] INFO [Partition __consumer_offsets-37 broker=1] No checkpointed highwatermark is found for partition __consumer_offsets-37 (kafka.cluster.Partition)
kafka-1-1  | 2026-09-21T21:52:27.196511177Z [2026-09-21 21:52:27,196] INFO [Partition __consumer_offsets-37 broker=1] Log loaded for partition __consumer_offsets-37 with initial high watermark 0 (kafka.cluster.Partition)
kafka-1-1  | 2026-09-21T21:52:27.202037568Z [2026-09-21 21:52:27,201] INFO [LogLoader partition=__consumer_offsets-6, dir=/tmp/kafka-logs] Loading producer state till offset 0 with message format version 2 (kafka.log.UnifiedLog$)
kafka-1-1  | 2026-09-21T21:52:27.202918983Z [2026-09-21 21:52:27,202] INFO Created log for partition __consumer_offsets-6 in /tmp/kafka-logs/__consumer_offsets-6 with properties {cleanup.policy=compact, compression.type="producer", segment.bytes=104857600} (kafka.log.LogManager)
kafka-1-1  | 2026-09-21T21:52:27.202964784Z [2026-09-21 21:52:27,202] INFO [Partition __consumer_offsets-6 broker=1] No checkpointed highwatermark is found for partition __consumer_offsets-6 (kafka.cluster.Partition)
kafka-1-1  | 2026-09-21T21:52:27.203018485Z [2026-09-21 21:52:27,202] INFO [Partition __consumer_offsets-6 broker=1] Log loaded for partition __consumer_offsets-6 with initial high watermark 0 (kafka.cluster.Partition)
kafka-1-1  | 2026-09-21T21:52:27.210693612Z [2026-09-21 21:52:27,210] INFO [LogLoader partition=__consumer_offsets-35, dir=/tmp/kafka-logs] Loading producer state till offset 0 with message format version 2 (kafka.log.UnifiedLog$)
kafka-1-1  | 2026-09-21T21:52:27.215770496Z [2026-09-21 21:52:27,211] INFO Created log for partition __consumer_offsets-35 in /tmp/kafka-logs/__consumer_offsets-35 with properties {cleanup.policy=compact, compression.type="producer", segment.bytes=104857600} (kafka.log.LogManager)
kafka-1-1  | 2026-09-21T21:52:27.215791196Z [2026-09-21 21:52:27,211] INFO [Partition __consumer_offsets-35 broker=1] No checkpointed highwatermark is found for partition __consumer_offsets-35 (kafka.cluster.Partition)
kafka-1-1  | 2026-09-21T21:52:27.215802496Z [2026-09-21 21:52:27,211] INFO [Partition __consumer_offsets-35 broker=1] Log loaded for partition __consumer_offsets-35 with initial high watermark 0 (kafka.cluster.Partition)
kafka-1-1  | 2026-09-21T21:52:27.215804296Z [2026-09-21 21:52:27,214] INFO [LogLoader partition=__consumer_offsets-4, dir=/tmp/kafka-logs] Loading producer state till offset 0 with message format version 2 (kafka.log.UnifiedLog$)
kafka-1-1  | 2026-09-21T21:52:27.215805696Z [2026-09-21 21:52:27,215] INFO Created log for partition __consumer_offsets-4 in /tmp/kafka-logs/__consumer_offsets-4 with properties {cleanup.policy=compact, compression.type="producer", segment.bytes=104857600} (kafka.log.LogManager)
kafka-1-1  | 2026-09-21T21:52:27.215807096Z [2026-09-21 21:52:27,215] INFO [Partition __consumer_offsets-4 broker=1] No checkpointed highwatermark is found for partition __consumer_offsets-4 (kafka.cluster.Partition)
kafka-1-1  | 2026-09-21T21:52:27.215808496Z [2026-09-21 21:52:27,215] INFO [Partition __consumer_offsets-4 broker=1] Log loaded for partition __consumer_offsets-4 with initial high watermark 0 (kafka.cluster.Partition)
kafka-1-1  | 2026-09-21T21:52:27.218455640Z [2026-09-21 21:52:27,218] INFO [LogLoader partition=__consumer_offsets-33, dir=/tmp/kafka-logs] Loading producer state till offset 0 with message format version 2 (kafka.log.UnifiedLog$)
kafka-1-1  | 2026-09-21T21:52:27.219184352Z [2026-09-21 21:52:27,219] INFO Created log for partition __consumer_offsets-33 in /tmp/kafka-logs/__consumer_offsets-33 with properties {cleanup.policy=compact, compression.type="producer", segment.bytes=104857600} (kafka.log.LogManager)
kafka-1-1  | 2026-09-21T21:52:27.219196052Z [2026-09-21 21:52:27,219] INFO [Partition __consumer_offsets-33 broker=1] No checkpointed highwatermark is found for partition __consumer_offsets-33 (kafka.cluster.Partition)
kafka-1-1  | 2026-09-21T21:52:27.219203653Z [2026-09-21 21:52:27,219] INFO [Partition __consumer_offsets-33 broker=1] Log loaded for partition __consumer_offsets-33 with initial high watermark 0 (kafka.cluster.Partition)
kafka-1-1  | 2026-09-21T21:52:27.222406506Z [2026-09-21 21:52:27,222] INFO [LogLoader partition=__consumer_offsets-2, dir=/tmp/kafka-logs] Loading producer state till offset 0 with message format version 2 (kafka.log.UnifiedLog$)
kafka-1-1  | 2026-09-21T21:52:27.223108217Z [2026-09-21 21:52:27,222] INFO Created log for partition __consumer_offsets-2 in /tmp/kafka-logs/__consumer_offsets-2 with properties {cleanup.policy=compact, compression.type="producer", segment.bytes=104857600} (kafka.log.LogManager)
kafka-1-1  | 2026-09-21T21:52:27.223120717Z [2026-09-21 21:52:27,223] INFO [Partition __consumer_offsets-2 broker=1] No checkpointed highwatermark is found for partition __consumer_offsets-2 (kafka.cluster.Partition)
kafka-1-1  | 2026-09-21T21:52:27.223144218Z [2026-09-21 21:52:27,223] INFO [Partition __consumer_offsets-2 broker=1] Log loaded for partition __consumer_offsets-2 with initial high watermark 0 (kafka.cluster.Partition)
kafka-1-1  | 2026-09-21T21:52:27.224340038Z [2026-09-21 21:52:27,224] INFO [ReplicaFetcherManager on broker 1] Removed fetcher for partitions Set(__consumer_offsets-15, __consumer_offsets-48, __consumer_offsets-13, __consumer_offsets-46, __consumer_offsets-11, __consumer_offsets-42, __consumer_offsets-21, __consumer_offsets-17, __consumer_offsets-30, __consumer_offsets-26, __consumer_offsets-7, __consumer_offsets-38, __consumer_offsets-3, __consumer_offsets-1, __consumer_offsets-45, __consumer_offsets-14, __consumer_offsets-43, __consumer_offsets-41, __consumer_offsets-10, __consumer_offsets-22, __consumer_offsets-20, __consumer_offsets-49, __consumer_offsets-18, __consumer_offsets-31, __consumer_offsets-29, __consumer_offsets-27, __consumer_offsets-25, __consumer_offsets-39, __consumer_offsets-37, __consumer_offsets-6, __consumer_offsets-35, __consumer_offsets-4, __consumer_offsets-33, __consumer_offsets-2) (kafka.server.ReplicaFetcherManager)
kafka-1-1  | 2026-09-21T21:52:27.225976265Z [2026-09-21 21:52:27,225] INFO [ReplicaFetcherManager on broker 1] Added fetcher to broker 3 for partitions HashMap(__consumer_offsets-13 -> InitialFetchState(Some(um97SpqTSEC74qR1Iu-qow),BrokerEndPoint(id=3, host=kafka-3:9092),0,0), __consumer_offsets-45 -> InitialFetchState(Some(um97SpqTSEC74qR1Iu-qow),BrokerEndPoint(id=3, host=kafka-3:9092),0,0), __consumer_offsets-43 -> InitialFetchState(Some(um97SpqTSEC74qR1Iu-qow),BrokerEndPoint(id=3, host=kafka-3:9092),0,0), __consumer_offsets-11 -> InitialFetchState(Some(um97SpqTSEC74qR1Iu-qow),BrokerEndPoint(id=3, host=kafka-3:9092),0,0), __consumer_offsets-22 -> InitialFetchState(Some(um97SpqTSEC74qR1Iu-qow),BrokerEndPoint(id=3, host=kafka-3:9092),0,0), __consumer_offsets-17 -> InitialFetchState(Some(um97SpqTSEC74qR1Iu-qow),BrokerEndPoint(id=3, host=kafka-3:9092),0,0), __consumer_offsets-49 -> InitialFetchState(Some(um97SpqTSEC74qR1Iu-qow),BrokerEndPoint(id=3, host=kafka-3:9092),0,0), __consumer_offsets-18 -> InitialFetchState(Some(um97SpqTSEC74qR1Iu-qow),BrokerEndPoint(id=3, host=kafka-3:9092),0,0), __consumer_offsets-31 -> InitialFetchState(Some(um97SpqTSEC74qR1Iu-qow),BrokerEndPoint(id=3, host=kafka-3:9092),0,0), __consumer_offsets-29 -> InitialFetchState(Some(um97SpqTSEC74qR1Iu-qow),BrokerEndPoint(id=3, host=kafka-3:9092),0,0), __consumer_offsets-25 -> InitialFetchState(Some(um97SpqTSEC74qR1Iu-qow),BrokerEndPoint(id=3, host=kafka-3:9092),0,0), __consumer_offsets-39 -> InitialFetchState(Some(um97SpqTSEC74qR1Iu-qow),BrokerEndPoint(id=3, host=kafka-3:9092),0,0), __consumer_offsets-38 -> InitialFetchState(Some(um97SpqTSEC74qR1Iu-qow),BrokerEndPoint(id=3, host=kafka-3:9092),0,0), __consumer_offsets-6 -> InitialFetchState(Some(um97SpqTSEC74qR1Iu-qow),BrokerEndPoint(id=3, host=kafka-3:9092),0,0), __consumer_offsets-4 -> InitialFetchState(Some(um97SpqTSEC74qR1Iu-qow),BrokerEndPoint(id=3, host=kafka-3:9092),0,0), __consumer_offsets-33 -> InitialFetchState(Some(um97SpqTSEC74qR1Iu-qow),BrokerEndPoint(id=3, host=kafka-3:9092),0,0), __consumer_offsets-2 -> InitialFetchState(Some(um97SpqTSEC74qR1Iu-qow),BrokerEndPoint(id=3, host=kafka-3:9092),0,0)) (kafka.server.ReplicaFetcherManager)
kafka-1-1  | 2026-09-21T21:52:27.226054366Z [2026-09-21 21:52:27,225] INFO [ReplicaFetcherManager on broker 1] Added fetcher to broker 2 for partitions HashMap(__consumer_offsets-15 -> InitialFetchState(Some(um97SpqTSEC74qR1Iu-qow),BrokerEndPoint(id=2, host=kafka-2:9092),0,0), __consumer_offsets-48 -> InitialFetchState(Some(um97SpqTSEC74qR1Iu-qow),BrokerEndPoint(id=2, host=kafka-2:9092),0,0), __consumer_offsets-14 -> InitialFetchState(Some(um97SpqTSEC74qR1Iu-qow),BrokerEndPoint(id=2, host=kafka-2:9092),0,0), __consumer_offsets-46 -> InitialFetchState(Some(um97SpqTSEC74qR1Iu-qow),BrokerEndPoint(id=2, host=kafka-2:9092),0,0), __consumer_offsets-41 -> InitialFetchState(Some(um97SpqTSEC74qR1Iu-qow),BrokerEndPoint(id=2, host=kafka-2:9092),0,0), __consumer_offsets-42 -> InitialFetchState(Some(um97SpqTSEC74qR1Iu-qow),BrokerEndPoint(id=2, host=kafka-2:9092),0,0), __consumer_offsets-10 -> InitialFetchState(Some(um97SpqTSEC74qR1Iu-qow),BrokerEndPoint(id=2, host=kafka-2:9092),0,0), __consumer_offsets-21 -> InitialFetchState(Some(um97SpqTSEC74qR1Iu-qow),BrokerEndPoint(id=2, host=kafka-2:9092),0,0), __consumer_offsets-20 -> InitialFetchState(Some(um97SpqTSEC74qR1Iu-qow),BrokerEndPoint(id=2, host=kafka-2:9092),0,0), __consumer_offsets-30 -> InitialFetchState(Some(um97SpqTSEC74qR1Iu-qow),BrokerEndPoint(id=2, host=kafka-2:9092),0,0), __consumer_offsets-27 -> InitialFetchState(Some(um97SpqTSEC74qR1Iu-qow),BrokerEndPoint(id=2, host=kafka-2:9092),0,0), __consumer_offsets-26 -> InitialFetchState(Some(um97SpqTSEC74qR1Iu-qow),BrokerEndPoint(id=2, host=kafka-2:9092),0,0), __consumer_offsets-7 -> InitialFetchState(Some(um97SpqTSEC74qR1Iu-qow),BrokerEndPoint(id=2, host=kafka-2:9092),0,0), __consumer_offsets-37 -> InitialFetchState(Some(um97SpqTSEC74qR1Iu-qow),BrokerEndPoint(id=2, host=kafka-2:9092),0,0), __consumer_offsets-35 -> InitialFetchState(Some(um97SpqTSEC74qR1Iu-qow),BrokerEndPoint(id=2, host=kafka-2:9092),0,0), __consumer_offsets-3 -> InitialFetchState(Some(um97SpqTSEC74qR1Iu-qow),BrokerEndPoint(id=2, host=kafka-2:9092),0,0), __consumer_offsets-1 -> InitialFetchState(Some(um97SpqTSEC74qR1Iu-qow),BrokerEndPoint(id=2, host=kafka-2:9092),0,0)) (kafka.server.ReplicaFetcherManager)
kafka-1-1  | 2026-09-21T21:52:27.228720710Z [2026-09-21 21:52:27,228] INFO [GroupCoordinator 1]: Elected as the group coordinator for partition 47 in epoch 0 (kafka.coordinator.group.GroupCoordinator)
kafka-1-1  | 2026-09-21T21:52:27.229316820Z [2026-09-21 21:52:27,229] INFO [GroupMetadataManager brokerId=1] Scheduling loading of offsets and group metadata from __consumer_offsets-47 for epoch 0 (kafka.coordinator.group.GroupMetadataManager)
kafka-1-1  | 2026-09-21T21:52:27.229771427Z [2026-09-21 21:52:27,229] INFO [GroupCoordinator 1]: Elected as the group coordinator for partition 16 in epoch 0 (kafka.coordinator.group.GroupCoordinator)
kafka-1-1  | 2026-09-21T21:52:27.229778828Z [2026-09-21 21:52:27,229] INFO [GroupMetadataManager brokerId=1] Scheduling loading of offsets and group metadata from __consumer_offsets-16 for epoch 0 (kafka.coordinator.group.GroupMetadataManager)
kafka-1-1  | 2026-09-21T21:52:27.229780628Z [2026-09-21 21:52:27,229] INFO [GroupCoordinator 1]: Elected as the group coordinator for partition 12 in epoch 0 (kafka.coordinator.group.GroupCoordinator)
kafka-1-1  | 2026-09-21T21:52:27.229956631Z [2026-09-21 21:52:27,229] INFO [GroupMetadataManager brokerId=1] Scheduling loading of offsets and group metadata from __consumer_offsets-12 for epoch 0 (kafka.coordinator.group.GroupMetadataManager)
kafka-1-1  | 2026-09-21T21:52:27.229963031Z [2026-09-21 21:52:27,229] INFO [GroupCoordinator 1]: Elected as the group coordinator for partition 44 in epoch 0 (kafka.coordinator.group.GroupCoordinator)
kafka-1-1  | 2026-09-21T21:52:27.229964831Z [2026-09-21 21:52:27,229] INFO [GroupMetadataManager brokerId=1] Scheduling loading of offsets and group metadata from __consumer_offsets-44 for epoch 0 (kafka.coordinator.group.GroupMetadataManager)
kafka-1-1  | 2026-09-21T21:52:27.229975431Z [2026-09-21 21:52:27,229] INFO [GroupCoordinator 1]: Elected as the group coordinator for partition 9 in epoch 0 (kafka.coordinator.group.GroupCoordinator)
kafka-1-1  | 2026-09-21T21:52:27.230117633Z [2026-09-21 21:52:27,229] INFO [GroupMetadataManager brokerId=1] Scheduling loading of offsets and group metadata from __consumer_offsets-9 for epoch 0 (kafka.coordinator.group.GroupMetadataManager)
kafka-1-1  | 2026-09-21T21:52:27.230125333Z [2026-09-21 21:52:27,230] INFO [GroupCoordinator 1]: Elected as the group coordinator for partition 23 in epoch 0 (kafka.coordinator.group.GroupCoordinator)
kafka-1-1  | 2026-09-21T21:52:27.230206735Z [2026-09-21 21:52:27,230] INFO [GroupMetadataManager brokerId=1] Scheduling loading of offsets and group metadata from __consumer_offsets-23 for epoch 0 (kafka.coordinator.group.GroupMetadataManager)
kafka-1-1  | 2026-09-21T21:52:27.230304436Z [2026-09-21 21:52:27,230] INFO [GroupCoordinator 1]: Elected as the group coordinator for partition 24 in epoch 0 (kafka.coordinator.group.GroupCoordinator)
kafka-1-1  | 2026-09-21T21:52:27.230339437Z [2026-09-21 21:52:27,230] INFO [GroupMetadataManager brokerId=1] Scheduling loading of offsets and group metadata from __consumer_offsets-24 for epoch 0 (kafka.coordinator.group.GroupMetadataManager)
kafka-1-1  | 2026-09-21T21:52:27.230465639Z [2026-09-21 21:52:27,230] INFO [GroupCoordinator 1]: Elected as the group coordinator for partition 19 in epoch 0 (kafka.coordinator.group.GroupCoordinator)
kafka-1-1  | 2026-09-21T21:52:27.230470739Z [2026-09-21 21:52:27,230] INFO [GroupMetadataManager brokerId=1] Scheduling loading of offsets and group metadata from __consumer_offsets-19 for epoch 0 (kafka.coordinator.group.GroupMetadataManager)
kafka-1-1  | 2026-09-21T21:52:27.230497939Z [2026-09-21 21:52:27,230] INFO [GroupCoordinator 1]: Elected as the group coordinator for partition 0 in epoch 0 (kafka.coordinator.group.GroupCoordinator)
kafka-1-1  | 2026-09-21T21:52:27.230613741Z [2026-09-21 21:52:27,230] INFO [GroupMetadataManager brokerId=1] Scheduling loading of offsets and group metadata from __consumer_offsets-0 for epoch 0 (kafka.coordinator.group.GroupMetadataManager)
kafka-1-1  | 2026-09-21T21:52:27.230619141Z [2026-09-21 21:52:27,230] INFO [GroupCoordinator 1]: Elected as the group coordinator for partition 32 in epoch 0 (kafka.coordinator.group.GroupCoordinator)
kafka-1-1  | 2026-09-21T21:52:27.230620842Z [2026-09-21 21:52:27,230] INFO [GroupMetadataManager brokerId=1] Scheduling loading of offsets and group metadata from __consumer_offsets-32 for epoch 0 (kafka.coordinator.group.GroupMetadataManager)
kafka-1-1  | 2026-09-21T21:52:27.230751544Z [2026-09-21 21:52:27,230] INFO [GroupCoordinator 1]: Elected as the group coordinator for partition 28 in epoch 0 (kafka.coordinator.group.GroupCoordinator)
kafka-1-1  | 2026-09-21T21:52:27.230758344Z [2026-09-21 21:52:27,230] INFO [GroupMetadataManager brokerId=1] Scheduling loading of offsets and group metadata from __consumer_offsets-28 for epoch 0 (kafka.coordinator.group.GroupMetadataManager)
kafka-1-1  | 2026-09-21T21:52:27.230791144Z [2026-09-21 21:52:27,230] INFO [GroupCoordinator 1]: Elected as the group coordinator for partition 8 in epoch 0 (kafka.coordinator.group.GroupCoordinator)
kafka-1-1  | 2026-09-21T21:52:27.230854745Z [2026-09-21 21:52:27,230] INFO [GroupMetadataManager brokerId=1] Scheduling loading of offsets and group metadata from __consumer_offsets-8 for epoch 0 (kafka.coordinator.group.GroupMetadataManager)
kafka-1-1  | 2026-09-21T21:52:27.230892246Z [2026-09-21 21:52:27,230] INFO [GroupCoordinator 1]: Elected as the group coordinator for partition 40 in epoch 0 (kafka.coordinator.group.GroupCoordinator)
kafka-1-1  | 2026-09-21T21:52:27.230981247Z [2026-09-21 21:52:27,230] INFO [GroupMetadataManager brokerId=1] Scheduling loading of offsets and group metadata from __consumer_offsets-40 for epoch 0 (kafka.coordinator.group.GroupMetadataManager)
kafka-1-1  | 2026-09-21T21:52:27.230986048Z [2026-09-21 21:52:27,230] INFO [GroupCoordinator 1]: Elected as the group coordinator for partition 5 in epoch 0 (kafka.coordinator.group.GroupCoordinator)
kafka-1-1  | 2026-09-21T21:52:27.231063749Z [2026-09-21 21:52:27,230] INFO [GroupMetadataManager brokerId=1] Scheduling loading of offsets and group metadata from __consumer_offsets-5 for epoch 0 (kafka.coordinator.group.GroupMetadataManager)
kafka-1-1  | 2026-09-21T21:52:27.231124550Z [2026-09-21 21:52:27,231] INFO [GroupCoordinator 1]: Elected as the group coordinator for partition 36 in epoch 0 (kafka.coordinator.group.GroupCoordinator)
kafka-1-1  | 2026-09-21T21:52:27.231129350Z [2026-09-21 21:52:27,231] INFO [GroupMetadataManager brokerId=1] Scheduling loading of offsets and group metadata from __consumer_offsets-36 for epoch 0 (kafka.coordinator.group.GroupMetadataManager)
kafka-1-1  | 2026-09-21T21:52:27.231296953Z [2026-09-21 21:52:27,231] INFO [GroupCoordinator 1]: Elected as the group coordinator for partition 34 in epoch 0 (kafka.coordinator.group.GroupCoordinator)
kafka-1-1  | 2026-09-21T21:52:27.231303453Z [2026-09-21 21:52:27,231] INFO [GroupMetadataManager brokerId=1] Scheduling loading of offsets and group metadata from __consumer_offsets-34 for epoch 0 (kafka.coordinator.group.GroupMetadataManager)
kafka-1-1  | 2026-09-21T21:52:27.231933963Z [2026-09-21 21:52:27,231] INFO [GroupCoordinator 1]: Resigned as the group coordinator for partition 15 in epoch OptionalInt[0] (kafka.coordinator.group.GroupCoordinator)
kafka-1-1  | 2026-09-21T21:52:27.232586574Z [2026-09-21 21:52:27,232] INFO [GroupMetadataManager brokerId=1] Scheduling unloading of offsets and group metadata from __consumer_offsets-15 (kafka.coordinator.group.GroupMetadataManager)
kafka-1-1  | 2026-09-21T21:52:27.232860779Z [2026-09-21 21:52:27,232] INFO [GroupCoordinator 1]: Resigned as the group coordinator for partition 48 in epoch OptionalInt[0] (kafka.coordinator.group.GroupCoordinator)
kafka-1-1  | 2026-09-21T21:52:27.232867279Z [2026-09-21 21:52:27,232] INFO [GroupMetadataManager brokerId=1] Scheduling unloading of offsets and group metadata from __consumer_offsets-48 (kafka.coordinator.group.GroupMetadataManager)
kafka-1-1  | 2026-09-21T21:52:27.233518389Z [2026-09-21 21:52:27,232] INFO [GroupCoordinator 1]: Resigned as the group coordinator for partition 13 in epoch OptionalInt[0] (kafka.coordinator.group.GroupCoordinator)
kafka-1-1  | 2026-09-21T21:52:27.233526990Z [2026-09-21 21:52:27,232] INFO [GroupMetadataManager brokerId=1] Scheduling unloading of offsets and group metadata from __consumer_offsets-13 (kafka.coordinator.group.GroupMetadataManager)
kafka-1-1  | 2026-09-21T21:52:27.233528890Z [2026-09-21 21:52:27,232] INFO [GroupCoordinator 1]: Resigned as the group coordinator for partition 46 in epoch OptionalInt[0] (kafka.coordinator.group.GroupCoordinator)
kafka-1-1  | 2026-09-21T21:52:27.233530390Z [2026-09-21 21:52:27,232] INFO [GroupMetadataManager brokerId=1] Scheduling unloading of offsets and group metadata from __consumer_offsets-46 (kafka.coordinator.group.GroupMetadataManager)
kafka-1-1  | 2026-09-21T21:52:27.233531790Z [2026-09-21 21:52:27,232] INFO [GroupCoordinator 1]: Resigned as the group coordinator for partition 11 in epoch OptionalInt[0] (kafka.coordinator.group.GroupCoordinator)
kafka-1-1  | 2026-09-21T21:52:27.233533290Z [2026-09-21 21:52:27,232] INFO [GroupMetadataManager brokerId=1] Scheduling unloading of offsets and group metadata from __consumer_offsets-11 (kafka.coordinator.group.GroupMetadataManager)
kafka-1-1  | 2026-09-21T21:52:27.233534590Z [2026-09-21 21:52:27,233] INFO [GroupCoordinator 1]: Resigned as the group coordinator for partition 42 in epoch OptionalInt[0] (kafka.coordinator.group.GroupCoordinator)
kafka-1-1  | 2026-09-21T21:52:27.233535990Z [2026-09-21 21:52:27,233] INFO [GroupMetadataManager brokerId=1] Scheduling unloading of offsets and group metadata from __consumer_offsets-42 (kafka.coordinator.group.GroupMetadataManager)
kafka-1-1  | 2026-09-21T21:52:27.233537290Z [2026-09-21 21:52:27,233] INFO [GroupCoordinator 1]: Resigned as the group coordinator for partition 21 in epoch OptionalInt[0] (kafka.coordinator.group.GroupCoordinator)
kafka-1-1  | 2026-09-21T21:52:27.233538590Z [2026-09-21 21:52:27,233] INFO [GroupMetadataManager brokerId=1] Scheduling unloading of offsets and group metadata from __consumer_offsets-21 (kafka.coordinator.group.GroupMetadataManager)
kafka-1-1  | 2026-09-21T21:52:27.233540090Z [2026-09-21 21:52:27,233] INFO [GroupCoordinator 1]: Resigned as the group coordinator for partition 17 in epoch OptionalInt[0] (kafka.coordinator.group.GroupCoordinator)
kafka-1-1  | 2026-09-21T21:52:27.233549590Z [2026-09-21 21:52:27,233] INFO [GroupMetadataManager brokerId=1] Scheduling unloading of offsets and group metadata from __consumer_offsets-17 (kafka.coordinator.group.GroupMetadataManager)
kafka-1-1  | 2026-09-21T21:52:27.233551290Z [2026-09-21 21:52:27,233] INFO [GroupCoordinator 1]: Resigned as the group coordinator for partition 30 in epoch OptionalInt[0] (kafka.coordinator.group.GroupCoordinator)
kafka-1-1  | 2026-09-21T21:52:27.233552690Z [2026-09-21 21:52:27,233] INFO [GroupMetadataManager brokerId=1] Scheduling unloading of offsets and group metadata from __consumer_offsets-30 (kafka.coordinator.group.GroupMetadataManager)
kafka-1-1  | 2026-09-21T21:52:27.233554090Z [2026-09-21 21:52:27,233] INFO [GroupCoordinator 1]: Resigned as the group coordinator for partition 26 in epoch OptionalInt[0] (kafka.coordinator.group.GroupCoordinator)
kafka-1-1  | 2026-09-21T21:52:27.233555390Z [2026-09-21 21:52:27,233] INFO [GroupMetadataManager brokerId=1] Scheduling unloading of offsets and group metadata from __consumer_offsets-26 (kafka.coordinator.group.GroupMetadataManager)
kafka-1-1  | 2026-09-21T21:52:27.233556690Z [2026-09-21 21:52:27,233] INFO [GroupCoordinator 1]: Resigned as the group coordinator for partition 7 in epoch OptionalInt[0] (kafka.coordinator.group.GroupCoordinator)
kafka-1-1  | 2026-09-21T21:52:27.233558090Z [2026-09-21 21:52:27,233] INFO [GroupMetadataManager brokerId=1] Scheduling unloading of offsets and group metadata from __consumer_offsets-7 (kafka.coordinator.group.GroupMetadataManager)
kafka-1-1  | 2026-09-21T21:52:27.233559490Z [2026-09-21 21:52:27,233] INFO [GroupCoordinator 1]: Resigned as the group coordinator for partition 38 in epoch OptionalInt[0] (kafka.coordinator.group.GroupCoordinator)
kafka-1-1  | 2026-09-21T21:52:27.233560790Z [2026-09-21 21:52:27,233] INFO [GroupMetadataManager brokerId=1] Scheduling unloading of offsets and group metadata from __consumer_offsets-38 (kafka.coordinator.group.GroupMetadataManager)
kafka-1-1  | 2026-09-21T21:52:27.233562190Z [2026-09-21 21:52:27,233] INFO [GroupMetadataManager brokerId=1] Finished loading offsets and group metadata from __consumer_offsets-47 in 3 milliseconds for epoch 0, of which 0 milliseconds was spent in the scheduler. (kafka.coordinator.group.GroupMetadataManager)
kafka-1-1  | 2026-09-21T21:52:27.233563890Z [2026-09-21 21:52:27,233] INFO [GroupCoordinator 1]: Resigned as the group coordinator for partition 3 in epoch OptionalInt[0] (kafka.coordinator.group.GroupCoordinator)
kafka-1-1  | 2026-09-21T21:52:27.233606191Z [2026-09-21 21:52:27,233] INFO [GroupMetadataManager brokerId=1] Scheduling unloading of offsets and group metadata from __consumer_offsets-3 (kafka.coordinator.group.GroupMetadataManager)
kafka-1-1  | 2026-09-21T21:52:27.233692292Z [2026-09-21 21:52:27,233] INFO [GroupCoordinator 1]: Resigned as the group coordinator for partition 1 in epoch OptionalInt[0] (kafka.coordinator.group.GroupCoordinator)
kafka-1-1  | 2026-09-21T21:52:27.233824995Z [2026-09-21 21:52:27,233] INFO [GroupMetadataManager brokerId=1] Finished loading offsets and group metadata from __consumer_offsets-16 in 4 milliseconds for epoch 0, of which 4 milliseconds was spent in the scheduler. (kafka.coordinator.group.GroupMetadataManager)
kafka-1-1  | 2026-09-21T21:52:27.233830395Z [2026-09-21 21:52:27,233] INFO [GroupMetadataManager brokerId=1] Scheduling unloading of offsets and group metadata from __consumer_offsets-1 (kafka.coordinator.group.GroupMetadataManager)
kafka-1-1  | 2026-09-21T21:52:27.233942197Z [2026-09-21 21:52:27,233] INFO [GroupCoordinator 1]: Resigned as the group coordinator for partition 45 in epoch OptionalInt[0] (kafka.coordinator.group.GroupCoordinator)
kafka-1-1  | 2026-09-21T21:52:27.233947097Z [2026-09-21 21:52:27,233] INFO [GroupMetadataManager brokerId=1] Scheduling unloading of offsets and group metadata from __consumer_offsets-45 (kafka.coordinator.group.GroupMetadataManager)
kafka-1-1  | 2026-09-21T21:52:27.234042298Z [2026-09-21 21:52:27,233] INFO [GroupMetadataManager brokerId=1] Finished loading offsets and group metadata from __consumer_offsets-12 in 4 milliseconds for epoch 0, of which 4 milliseconds was spent in the scheduler. (kafka.coordinator.group.GroupMetadataManager)
kafka-1-1  | 2026-09-21T21:52:27.234091999Z [2026-09-21 21:52:27,233] INFO [GroupCoordinator 1]: Resigned as the group coordinator for partition 14 in epoch OptionalInt[0] (kafka.coordinator.group.GroupCoordinator)
kafka-1-1  | 2026-09-21T21:52:27.234132400Z [2026-09-21 21:52:27,234] INFO [GroupMetadataManager brokerId=1] Scheduling unloading of offsets and group metadata from __consumer_offsets-14 (kafka.coordinator.group.GroupMetadataManager)
kafka-1-1  | 2026-09-21T21:52:27.234322003Z [2026-09-21 21:52:27,234] INFO [GroupMetadataManager brokerId=1] Finished loading offsets and group metadata from __consumer_offsets-44 in 5 milliseconds for epoch 0, of which 5 milliseconds was spent in the scheduler. (kafka.coordinator.group.GroupMetadataManager)
kafka-1-1  | 2026-09-21T21:52:27.234328603Z [2026-09-21 21:52:27,234] INFO [GroupCoordinator 1]: Resigned as the group coordinator for partition 43 in epoch OptionalInt[0] (kafka.coordinator.group.GroupCoordinator)
kafka-1-1  | 2026-09-21T21:52:27.234743410Z [2026-09-21 21:52:27,234] INFO [GroupMetadataManager brokerId=1] Scheduling unloading of offsets and group metadata from __consumer_offsets-43 (kafka.coordinator.group.GroupMetadataManager)
kafka-1-1  | 2026-09-21T21:52:27.235066415Z [2026-09-21 21:52:27,234] INFO [GroupCoordinator 1]: Resigned as the group coordinator for partition 41 in epoch OptionalInt[0] (kafka.coordinator.group.GroupCoordinator)
kafka-1-1  | 2026-09-21T21:52:27.235075615Z [2026-09-21 21:52:27,234] INFO [GroupMetadataManager brokerId=1] Scheduling unloading of offsets and group metadata from __consumer_offsets-41 (kafka.coordinator.group.GroupMetadataManager)
kafka-1-1  | 2026-09-21T21:52:27.235306819Z [2026-09-21 21:52:27,235] INFO [GroupCoordinator 1]: Resigned as the group coordinator for partition 10 in epoch OptionalInt[0] (kafka.coordinator.group.GroupCoordinator)
kafka-1-1  | 2026-09-21T21:52:27.235314219Z [2026-09-21 21:52:27,235] INFO [GroupMetadataManager brokerId=1] Scheduling unloading of offsets and group metadata from __consumer_offsets-10 (kafka.coordinator.group.GroupMetadataManager)
kafka-1-1  | 2026-09-21T21:52:27.235555023Z [2026-09-21 21:52:27,235] INFO [GroupCoordinator 1]: Resigned as the group coordinator for partition 22 in epoch OptionalInt[0] (kafka.coordinator.group.GroupCoordinator)
kafka-1-1  | 2026-09-21T21:52:27.235561723Z [2026-09-21 21:52:27,235] INFO [GroupMetadataManager brokerId=1] Scheduling unloading of offsets and group metadata from __consumer_offsets-22 (kafka.coordinator.group.GroupMetadataManager)
kafka-1-1  | 2026-09-21T21:52:27.236113832Z [2026-09-21 21:52:27,234] INFO [GroupMetadataManager brokerId=1] Finished loading offsets and group metadata from __consumer_offsets-9 in 4 milliseconds for epoch 0, of which 4 milliseconds was spent in the scheduler. (kafka.coordinator.group.GroupMetadataManager)
kafka-1-1  | 2026-09-21T21:52:27.236128933Z [2026-09-21 21:52:27,235] INFO [GroupCoordinator 1]: Resigned as the group coordinator for partition 20 in epoch OptionalInt[0] (kafka.coordinator.group.GroupCoordinator)
kafka-1-1  | 2026-09-21T21:52:27.236139133Z [2026-09-21 21:52:27,235] INFO [GroupMetadataManager brokerId=1] Scheduling unloading of offsets and group metadata from __consumer_offsets-20 (kafka.coordinator.group.GroupMetadataManager)
kafka-1-1  | 2026-09-21T21:52:27.236141133Z [2026-09-21 21:52:27,235] INFO [GroupCoordinator 1]: Resigned as the group coordinator for partition 49 in epoch OptionalInt[0] (kafka.coordinator.group.GroupCoordinator)
kafka-1-1  | 2026-09-21T21:52:27.236142533Z [2026-09-21 21:52:27,235] INFO [GroupMetadataManager brokerId=1] Scheduling unloading of offsets and group metadata from __consumer_offsets-49 (kafka.coordinator.group.GroupMetadataManager)
kafka-1-1  | 2026-09-21T21:52:27.236143833Z [2026-09-21 21:52:27,236] INFO [GroupCoordinator 1]: Resigned as the group coordinator for partition 18 in epoch OptionalInt[0] (kafka.coordinator.group.GroupCoordinator)
kafka-1-1  | 2026-09-21T21:52:27.236149633Z [2026-09-21 21:52:27,236] INFO [GroupMetadataManager brokerId=1] Finished loading offsets and group metadata from __consumer_offsets-23 in 6 milliseconds for epoch 0, of which 5 milliseconds was spent in the scheduler. (kafka.coordinator.group.GroupMetadataManager)
kafka-1-1  | 2026-09-21T21:52:27.236245235Z [2026-09-21 21:52:27,236] INFO [GroupMetadataManager brokerId=1] Scheduling unloading of offsets and group metadata from __consumer_offsets-18 (kafka.coordinator.group.GroupMetadataManager)
kafka-1-1  | 2026-09-21T21:52:27.236406537Z [2026-09-21 21:52:27,236] INFO [GroupCoordinator 1]: Resigned as the group coordinator for partition 31 in epoch OptionalInt[0] (kafka.coordinator.group.GroupCoordinator)
kafka-1-1  | 2026-09-21T21:52:27.236412937Z [2026-09-21 21:52:27,236] INFO [GroupMetadataManager brokerId=1] Scheduling unloading of offsets and group metadata from __consumer_offsets-31 (kafka.coordinator.group.GroupMetadataManager)
kafka-1-1  | 2026-09-21T21:52:27.236498939Z [2026-09-21 21:52:27,236] INFO [GroupMetadataManager brokerId=1] Finished loading offsets and group metadata from __consumer_offsets-24 in 6 milliseconds for epoch 0, of which 6 milliseconds was spent in the scheduler. (kafka.coordinator.group.GroupMetadataManager)
kafka-1-1  | 2026-09-21T21:52:27.236553640Z [2026-09-21 21:52:27,236] INFO [GroupCoordinator 1]: Resigned as the group coordinator for partition 29 in epoch OptionalInt[0] (kafka.coordinator.group.GroupCoordinator)
kafka-1-1  | 2026-09-21T21:52:27.236657641Z [2026-09-21 21:52:27,236] INFO [GroupMetadataManager brokerId=1] Scheduling unloading of offsets and group metadata from __consumer_offsets-29 (kafka.coordinator.group.GroupMetadataManager)
kafka-1-1  | 2026-09-21T21:52:27.236662342Z [2026-09-21 21:52:27,236] INFO [GroupMetadataManager brokerId=1] Finished loading offsets and group metadata from __consumer_offsets-19 in 6 milliseconds for epoch 0, of which 6 milliseconds was spent in the scheduler. (kafka.coordinator.group.GroupMetadataManager)
kafka-1-1  | 2026-09-21T21:52:27.236664242Z [2026-09-21 21:52:27,236] INFO [GroupCoordinator 1]: Resigned as the group coordinator for partition 27 in epoch OptionalInt[0] (kafka.coordinator.group.GroupCoordinator)
kafka-1-1  | 2026-09-21T21:52:27.236748843Z [2026-09-21 21:52:27,236] INFO [GroupMetadataManager brokerId=1] Scheduling unloading of offsets and group metadata from __consumer_offsets-27 (kafka.coordinator.group.GroupMetadataManager)
kafka-1-1  | 2026-09-21T21:52:27.236755843Z [2026-09-21 21:52:27,236] INFO [GroupCoordinator 1]: Resigned as the group coordinator for partition 25 in epoch OptionalInt[0] (kafka.coordinator.group.GroupCoordinator)
kafka-1-1  | 2026-09-21T21:52:27.236765743Z [2026-09-21 21:52:27,236] INFO [GroupMetadataManager brokerId=1] Scheduling unloading of offsets and group metadata from __consumer_offsets-25 (kafka.coordinator.group.GroupMetadataManager)
kafka-1-1  | 2026-09-21T21:52:27.236928846Z [2026-09-21 21:52:27,236] INFO [GroupMetadataManager brokerId=1] Finished loading offsets and group metadata from __consumer_offsets-0 in 6 milliseconds for epoch 0, of which 6 milliseconds was spent in the scheduler. (kafka.coordinator.group.GroupMetadataManager)
kafka-1-1  | 2026-09-21T21:52:27.236934346Z [2026-09-21 21:52:27,236] INFO [GroupCoordinator 1]: Resigned as the group coordinator for partition 39 in epoch OptionalInt[0] (kafka.coordinator.group.GroupCoordinator)
kafka-1-1  | 2026-09-21T21:52:27.237026348Z [2026-09-21 21:52:27,236] INFO [GroupMetadataManager brokerId=1] Scheduling unloading of offsets and group metadata from __consumer_offsets-39 (kafka.coordinator.group.GroupMetadataManager)
kafka-1-1  | 2026-09-21T21:52:27.237031748Z [2026-09-21 21:52:27,236] INFO [GroupCoordinator 1]: Resigned as the group coordinator for partition 37 in epoch OptionalInt[0] (kafka.coordinator.group.GroupCoordinator)
kafka-1-1  | 2026-09-21T21:52:27.237033448Z [2026-09-21 21:52:27,236] INFO [GroupMetadataManager brokerId=1] Scheduling unloading of offsets and group metadata from __consumer_offsets-37 (kafka.coordinator.group.GroupMetadataManager)
kafka-1-1  | 2026-09-21T21:52:27.237068348Z [2026-09-21 21:52:27,236] INFO [GroupMetadataManager brokerId=1] Finished loading offsets and group metadata from __consumer_offsets-32 in 6 milliseconds for epoch 0, of which 6 milliseconds was spent in the scheduler. (kafka.coordinator.group.GroupMetadataManager)
kafka-1-1  | 2026-09-21T21:52:27.237134549Z [2026-09-21 21:52:27,236] INFO [GroupCoordinator 1]: Resigned as the group coordinator for partition 6 in epoch OptionalInt[0] (kafka.coordinator.group.GroupCoordinator)
kafka-1-1  | 2026-09-21T21:52:27.237157050Z [2026-09-21 21:52:27,237] INFO [GroupMetadataManager brokerId=1] Scheduling unloading of offsets and group metadata from __consumer_offsets-6 (kafka.coordinator.group.GroupMetadataManager)
kafka-1-1  | 2026-09-21T21:52:27.237160150Z [2026-09-21 21:52:27,237] INFO [GroupCoordinator 1]: Resigned as the group coordinator for partition 35 in epoch OptionalInt[0] (kafka.coordinator.group.GroupCoordinator)
kafka-1-1  | 2026-09-21T21:52:27.237236451Z [2026-09-21 21:52:27,237] INFO [GroupMetadataManager brokerId=1] Finished loading offsets and group metadata from __consumer_offsets-28 in 7 milliseconds for epoch 0, of which 7 milliseconds was spent in the scheduler. (kafka.coordinator.group.GroupMetadataManager)
kafka-1-1  | 2026-09-21T21:52:27.237308852Z [2026-09-21 21:52:27,237] INFO [GroupMetadataManager brokerId=1] Scheduling unloading of offsets and group metadata from __consumer_offsets-35 (kafka.coordinator.group.GroupMetadataManager)
kafka-1-1  | 2026-09-21T21:52:27.237438354Z [2026-09-21 21:52:27,237] INFO [GroupMetadataManager brokerId=1] Finished loading offsets and group metadata from __consumer_offsets-8 in 7 milliseconds for epoch 0, of which 7 milliseconds was spent in the scheduler. (kafka.coordinator.group.GroupMetadataManager)
kafka-1-1  | 2026-09-21T21:52:27.237448555Z [2026-09-21 21:52:27,237] INFO [GroupCoordinator 1]: Resigned as the group coordinator for partition 4 in epoch OptionalInt[0] (kafka.coordinator.group.GroupCoordinator)
kafka-1-1  | 2026-09-21T21:52:27.237556256Z [2026-09-21 21:52:27,237] INFO [GroupMetadataManager brokerId=1] Scheduling unloading of offsets and group metadata from __consumer_offsets-4 (kafka.coordinator.group.GroupMetadataManager)
kafka-1-1  | 2026-09-21T21:52:27.237569357Z [2026-09-21 21:52:27,237] INFO [GroupMetadataManager brokerId=1] Finished loading offsets and group metadata from __consumer_offsets-40 in 7 milliseconds for epoch 0, of which 7 milliseconds was spent in the scheduler. (kafka.coordinator.group.GroupMetadataManager)
kafka-1-1  | 2026-09-21T21:52:27.237687558Z [2026-09-21 21:52:27,237] INFO [GroupCoordinator 1]: Resigned as the group coordinator for partition 33 in epoch OptionalInt[0] (kafka.coordinator.group.GroupCoordinator)
kafka-1-1  | 2026-09-21T21:52:27.237693559Z [2026-09-21 21:52:27,237] INFO [GroupMetadataManager brokerId=1] Scheduling unloading of offsets and group metadata from __consumer_offsets-33 (kafka.coordinator.group.GroupMetadataManager)
kafka-1-1  | 2026-09-21T21:52:27.237767160Z [2026-09-21 21:52:27,237] INFO [GroupCoordinator 1]: Resigned as the group coordinator for partition 2 in epoch OptionalInt[0] (kafka.coordinator.group.GroupCoordinator)
kafka-1-1  | 2026-09-21T21:52:27.237806160Z [2026-09-21 21:52:27,237] INFO [GroupMetadataManager brokerId=1] Scheduling unloading of offsets and group metadata from __consumer_offsets-2 (kafka.coordinator.group.GroupMetadataManager)
kafka-1-1  | 2026-09-21T21:52:27.237897062Z [2026-09-21 21:52:27,237] INFO [GroupMetadataManager brokerId=1] Finished loading offsets and group metadata from __consumer_offsets-5 in 6 milliseconds for epoch 0, of which 6 milliseconds was spent in the scheduler. (kafka.coordinator.group.GroupMetadataManager)
kafka-1-1  | 2026-09-21T21:52:27.238139666Z [2026-09-21 21:52:27,237] INFO [GroupMetadataManager brokerId=1] Finished loading offsets and group metadata from __consumer_offsets-36 in 6 milliseconds for epoch 0, of which 6 milliseconds was spent in the scheduler. (kafka.coordinator.group.GroupMetadataManager)
kafka-1-1  | 2026-09-21T21:52:27.238150766Z [2026-09-21 21:52:27,238] INFO [GroupMetadataManager brokerId=1] Finished loading offsets and group metadata from __consumer_offsets-34 in 7 milliseconds for epoch 0, of which 7 milliseconds was spent in the scheduler. (kafka.coordinator.group.GroupMetadataManager)
kafka-1-1  | 2026-09-21T21:52:27.238238668Z [2026-09-21 21:52:27,238] INFO [DynamicConfigPublisher broker id=1] Updating topic __consumer_offsets with new configuration : compression.type -> producer,cleanup.policy -> compact,segment.bytes -> 104857600 (kafka.server.metadata.DynamicConfigPublisher)
kafka-1-1  | 2026-09-21T21:52:27.239781493Z [2026-09-21 21:52:27,239] INFO [GroupMetadataManager brokerId=1] Finished unloading __consumer_offsets-15 for coordinator epoch OptionalInt[0]. Removed 0 cached offsets and 0 cached groups. (kafka.coordinator.group.GroupMetadataManager)
kafka-1-1  | 2026-09-21T21:52:27.239795993Z [2026-09-21 21:52:27,239] INFO [GroupMetadataManager brokerId=1] Finished unloading __consumer_offsets-48 for coordinator epoch OptionalInt[0]. Removed 0 cached offsets and 0 cached groups. (kafka.coordinator.group.GroupMetadataManager)
kafka-1-1  | 2026-09-21T21:52:27.239892795Z [2026-09-21 21:52:27,239] INFO [GroupMetadataManager brokerId=1] Finished unloading __consumer_offsets-13 for coordinator epoch OptionalInt[0]. Removed 0 cached offsets and 0 cached groups. (kafka.coordinator.group.GroupMetadataManager)
kafka-1-1  | 2026-09-21T21:52:27.240020797Z [2026-09-21 21:52:27,239] INFO [GroupMetadataManager brokerId=1] Finished unloading __consumer_offsets-46 for coordinator epoch OptionalInt[0]. Removed 0 cached offsets and 0 cached groups. (kafka.coordinator.group.GroupMetadataManager)
kafka-1-1  | 2026-09-21T21:52:27.240405803Z [2026-09-21 21:52:27,240] INFO [GroupMetadataManager brokerId=1] Finished unloading __consumer_offsets-11 for coordinator epoch OptionalInt[0]. Removed 0 cached offsets and 0 cached groups. (kafka.coordinator.group.GroupMetadataManager)
kafka-1-1  | 2026-09-21T21:52:27.240420404Z [2026-09-21 21:52:27,240] INFO [GroupMetadataManager brokerId=1] Finished unloading __consumer_offsets-42 for coordinator epoch OptionalInt[0]. Removed 0 cached offsets and 0 cached groups. (kafka.coordinator.group.GroupMetadataManager)
kafka-1-1  | 2026-09-21T21:52:27.240422604Z [2026-09-21 21:52:27,240] INFO [GroupMetadataManager brokerId=1] Finished unloading __consumer_offsets-21 for coordinator epoch OptionalInt[0]. Removed 0 cached offsets and 0 cached groups. (kafka.coordinator.group.GroupMetadataManager)
kafka-1-1  | 2026-09-21T21:52:27.240424104Z [2026-09-21 21:52:27,240] INFO [GroupMetadataManager brokerId=1] Finished unloading __consumer_offsets-17 for coordinator epoch OptionalInt[0]. Removed 0 cached offsets and 0 cached groups. (kafka.coordinator.group.GroupMetadataManager)
kafka-1-1  | 2026-09-21T21:52:27.240425504Z [2026-09-21 21:52:27,240] INFO [GroupMetadataManager brokerId=1] Finished unloading __consumer_offsets-30 for coordinator epoch OptionalInt[0]. Removed 0 cached offsets and 0 cached groups. (kafka.coordinator.group.GroupMetadataManager)
kafka-1-1  | 2026-09-21T21:52:27.240426804Z [2026-09-21 21:52:27,240] INFO [GroupMetadataManager brokerId=1] Finished unloading __consumer_offsets-26 for coordinator epoch OptionalInt[0]. Removed 0 cached offsets and 0 cached groups. (kafka.coordinator.group.GroupMetadataManager)
kafka-1-1  | 2026-09-21T21:52:27.240428304Z [2026-09-21 21:52:27,240] INFO [GroupMetadataManager brokerId=1] Finished unloading __consumer_offsets-7 for coordinator epoch OptionalInt[0]. Removed 0 cached offsets and 0 cached groups. (kafka.coordinator.group.GroupMetadataManager)
kafka-1-1  | 2026-09-21T21:52:27.240487905Z [2026-09-21 21:52:27,240] INFO [GroupMetadataManager brokerId=1] Finished unloading __consumer_offsets-38 for coordinator epoch OptionalInt[0]. Removed 0 cached offsets and 0 cached groups. (kafka.coordinator.group.GroupMetadataManager)
kafka-1-1  | 2026-09-21T21:52:27.240565206Z [2026-09-21 21:52:27,240] INFO [GroupMetadataManager brokerId=1] Finished unloading __consumer_offsets-3 for coordinator epoch OptionalInt[0]. Removed 0 cached offsets and 0 cached groups. (kafka.coordinator.group.GroupMetadataManager)
kafka-1-1  | 2026-09-21T21:52:27.240569906Z [2026-09-21 21:52:27,240] INFO [GroupMetadataManager brokerId=1] Finished unloading __consumer_offsets-1 for coordinator epoch OptionalInt[0]. Removed 0 cached offsets and 0 cached groups. (kafka.coordinator.group.GroupMetadataManager)
kafka-1-1  | 2026-09-21T21:52:27.240663608Z [2026-09-21 21:52:27,240] INFO [GroupMetadataManager brokerId=1] Finished unloading __consumer_offsets-45 for coordinator epoch OptionalInt[0]. Removed 0 cached offsets and 0 cached groups. (kafka.coordinator.group.GroupMetadataManager)
kafka-1-1  | 2026-09-21T21:52:27.240744009Z [2026-09-21 21:52:27,240] INFO [GroupMetadataManager brokerId=1] Finished unloading __consumer_offsets-14 for coordinator epoch OptionalInt[0]. Removed 0 cached offsets and 0 cached groups. (kafka.coordinator.group.GroupMetadataManager)
kafka-1-1  | 2026-09-21T21:52:27.240799310Z [2026-09-21 21:52:27,240] INFO [GroupMetadataManager brokerId=1] Finished unloading __consumer_offsets-43 for coordinator epoch OptionalInt[0]. Removed 0 cached offsets and 0 cached groups. (kafka.coordinator.group.GroupMetadataManager)
kafka-1-1  | 2026-09-21T21:52:27.240915712Z [2026-09-21 21:52:27,240] INFO [GroupMetadataManager brokerId=1] Finished unloading __consumer_offsets-41 for coordinator epoch OptionalInt[0]. Removed 0 cached offsets and 0 cached groups. (kafka.coordinator.group.GroupMetadataManager)
kafka-1-1  | 2026-09-21T21:52:27.241002313Z [2026-09-21 21:52:27,240] INFO [GroupMetadataManager brokerId=1] Finished unloading __consumer_offsets-10 for coordinator epoch OptionalInt[0]. Removed 0 cached offsets and 0 cached groups. (kafka.coordinator.group.GroupMetadataManager)
kafka-1-1  | 2026-09-21T21:52:27.241050514Z [2026-09-21 21:52:27,240] INFO [GroupMetadataManager brokerId=1] Finished unloading __consumer_offsets-22 for coordinator epoch OptionalInt[0]. Removed 0 cached offsets and 0 cached groups. (kafka.coordinator.group.GroupMetadataManager)
kafka-1-1  | 2026-09-21T21:52:27.241232917Z [2026-09-21 21:52:27,241] INFO [GroupMetadataManager brokerId=1] Finished unloading __consumer_offsets-20 for coordinator epoch OptionalInt[0]. Removed 0 cached offsets and 0 cached groups. (kafka.coordinator.group.GroupMetadataManager)
kafka-1-1  | 2026-09-21T21:52:27.241256918Z [2026-09-21 21:52:27,241] INFO [GroupMetadataManager brokerId=1] Finished unloading __consumer_offsets-49 for coordinator epoch OptionalInt[0]. Removed 0 cached offsets and 0 cached groups. (kafka.coordinator.group.GroupMetadataManager)
kafka-1-1  | 2026-09-21T21:52:27.241264218Z [2026-09-21 21:52:27,241] INFO [GroupMetadataManager brokerId=1] Finished unloading __consumer_offsets-18 for coordinator epoch OptionalInt[0]. Removed 0 cached offsets and 0 cached groups. (kafka.coordinator.group.GroupMetadataManager)
kafka-1-1  | 2026-09-21T21:52:27.241432320Z [2026-09-21 21:52:27,241] INFO [GroupMetadataManager brokerId=1] Finished unloading __consumer_offsets-31 for coordinator epoch OptionalInt[0]. Removed 0 cached offsets and 0 cached groups. (kafka.coordinator.group.GroupMetadataManager)
kafka-1-1  | 2026-09-21T21:52:27.241444121Z [2026-09-21 21:52:27,241] INFO [GroupMetadataManager brokerId=1] Finished unloading __consumer_offsets-29 for coordinator epoch OptionalInt[0]. Removed 0 cached offsets and 0 cached groups. (kafka.coordinator.group.GroupMetadataManager)
kafka-1-1  | 2026-09-21T21:52:27.241616124Z [2026-09-21 21:52:27,241] INFO [GroupMetadataManager brokerId=1] Finished unloading __consumer_offsets-27 for coordinator epoch OptionalInt[0]. Removed 0 cached offsets and 0 cached groups. (kafka.coordinator.group.GroupMetadataManager)
kafka-1-1  | 2026-09-21T21:52:27.241623424Z [2026-09-21 21:52:27,241] INFO [GroupMetadataManager brokerId=1] Finished unloading __consumer_offsets-25 for coordinator epoch OptionalInt[0]. Removed 0 cached offsets and 0 cached groups. (kafka.coordinator.group.GroupMetadataManager)
kafka-1-1  | 2026-09-21T21:52:27.241772026Z [2026-09-21 21:52:27,241] INFO [GroupMetadataManager brokerId=1] Finished unloading __consumer_offsets-39 for coordinator epoch OptionalInt[0]. Removed 0 cached offsets and 0 cached groups. (kafka.coordinator.group.GroupMetadataManager)
kafka-1-1  | 2026-09-21T21:52:27.241776726Z [2026-09-21 21:52:27,241] INFO [GroupMetadataManager brokerId=1] Finished unloading __consumer_offsets-37 for coordinator epoch OptionalInt[0]. Removed 0 cached offsets and 0 cached groups. (kafka.coordinator.group.GroupMetadataManager)
kafka-1-1  | 2026-09-21T21:52:27.241917529Z [2026-09-21 21:52:27,241] INFO [GroupMetadataManager brokerId=1] Finished unloading __consumer_offsets-6 for coordinator epoch OptionalInt[0]. Removed 0 cached offsets and 0 cached groups. (kafka.coordinator.group.GroupMetadataManager)
kafka-1-1  | 2026-09-21T21:52:27.241922429Z [2026-09-21 21:52:27,241] INFO [GroupMetadataManager brokerId=1] Finished unloading __consumer_offsets-35 for coordinator epoch OptionalInt[0]. Removed 0 cached offsets and 0 cached groups. (kafka.coordinator.group.GroupMetadataManager)
kafka-1-1  | 2026-09-21T21:52:27.242080531Z [2026-09-21 21:52:27,241] INFO [GroupMetadataManager brokerId=1] Finished unloading __consumer_offsets-4 for coordinator epoch OptionalInt[0]. Removed 0 cached offsets and 0 cached groups. (kafka.coordinator.group.GroupMetadataManager)
kafka-1-1  | 2026-09-21T21:52:27.242290935Z [2026-09-21 21:52:27,242] INFO [GroupMetadataManager brokerId=1] Finished unloading __consumer_offsets-33 for coordinator epoch OptionalInt[0]. Removed 0 cached offsets and 0 cached groups. (kafka.coordinator.group.GroupMetadataManager)
kafka-1-1  | 2026-09-21T21:52:27.242296335Z [2026-09-21 21:52:27,242] INFO [GroupMetadataManager brokerId=1] Finished unloading __consumer_offsets-2 for coordinator epoch OptionalInt[0]. Removed 0 cached offsets and 0 cached groups. (kafka.coordinator.group.GroupMetadataManager)
kafka-1-1  | 2026-09-21T21:52:27.266883542Z [2026-09-21 21:52:27,266] INFO [GroupCoordinator 1]: Dynamic member with unknown member id joins group processadores-sensores in Empty state. Created a new member id consumidor-d1eb4b628c57-921d97c4-d230-49a4-9d04-159490db2559 and request the member to rejoin with this id. (kafka.coordinator.group.GroupCoordinator)
kafka-1-1  | 2026-09-21T21:52:27.273033944Z [2026-09-21 21:52:27,272] INFO [GroupCoordinator 1]: Preparing to rebalance group processadores-sensores in state PreparingRebalance with old generation 0 (__consumer_offsets-0) (reason: Adding new member consumidor-d1eb4b628c57-921d97c4-d230-49a4-9d04-159490db2559 with group instance id None; client reason: need to re-join with the given member-id: consumidor-d1eb4b628c57-921d97c4-d230-49a4-9d04-159490db2559) (kafka.coordinator.group.GroupCoordinator)
kafka-1-1  | 2026-09-21T21:52:27.288247895Z [2026-09-21 21:52:27,288] INFO [GroupCoordinator 1]: Dynamic member with unknown member id joins group processadores-sensores in PreparingRebalance state. Created a new member id consumidor-c0aa95a89b68-21c1ec84-47de-4fb7-98b5-a2bf22796aae and request the member to rejoin with this id. (kafka.coordinator.group.GroupCoordinator)
kafka-1-1  | 2026-09-21T21:52:27.317173974Z [2026-09-21 21:52:27,316] INFO [GroupCoordinator 1]: Dynamic member with unknown member id joins group processadores-sensores in PreparingRebalance state. Created a new member id consumidor-98e1a3df50f0-ca3e4ab4-b5e9-488f-880b-78b2452bdc1f and request the member to rejoin with this id. (kafka.coordinator.group.GroupCoordinator)
kafka-1-1  | 2026-09-21T21:52:27.343715014Z [2026-09-21 21:52:27,343] INFO [ReplicaFetcher replicaId=1, leaderId=2, fetcherId=0] Truncating partition __consumer_offsets-15 with TruncationState(offset=0, completed=true) due to local high watermark 0 (kafka.server.ReplicaFetcherThread)
kafka-1-1  | 2026-09-21T21:52:27.343805415Z [2026-09-21 21:52:27,343] INFO [UnifiedLog partition=__consumer_offsets-15, dir=/tmp/kafka-logs] Truncating to 0 has no effect as the largest offset in the log is -1 (kafka.log.UnifiedLog)
kafka-1-1  | 2026-09-21T21:52:27.343895617Z [2026-09-21 21:52:27,343] INFO [ReplicaFetcher replicaId=1, leaderId=2, fetcherId=0] Truncating partition __consumer_offsets-48 with TruncationState(offset=0, completed=true) due to local high watermark 0 (kafka.server.ReplicaFetcherThread)
kafka-1-1  | 2026-09-21T21:52:27.344018919Z [2026-09-21 21:52:27,343] INFO [UnifiedLog partition=__consumer_offsets-48, dir=/tmp/kafka-logs] Truncating to 0 has no effect as the largest offset in the log is -1 (kafka.log.UnifiedLog)
kafka-1-1  | 2026-09-21T21:52:27.344026419Z [2026-09-21 21:52:27,343] INFO [ReplicaFetcher replicaId=1, leaderId=2, fetcherId=0] Truncating partition __consumer_offsets-14 with TruncationState(offset=0, completed=true) due to local high watermark 0 (kafka.server.ReplicaFetcherThread)
kafka-1-1  | 2026-09-21T21:52:27.344136421Z [2026-09-21 21:52:27,344] INFO [UnifiedLog partition=__consumer_offsets-14, dir=/tmp/kafka-logs] Truncating to 0 has no effect as the largest offset in the log is -1 (kafka.log.UnifiedLog)
kafka-1-1  | 2026-09-21T21:52:27.344143221Z [2026-09-21 21:52:27,344] INFO [ReplicaFetcher replicaId=1, leaderId=2, fetcherId=0] Truncating partition __consumer_offsets-46 with TruncationState(offset=0, completed=true) due to local high watermark 0 (kafka.server.ReplicaFetcherThread)
kafka-1-1  | 2026-09-21T21:52:27.344251922Z [2026-09-21 21:52:27,344] INFO [UnifiedLog partition=__consumer_offsets-46, dir=/tmp/kafka-logs] Truncating to 0 has no effect as the largest offset in the log is -1 (kafka.log.UnifiedLog)
kafka-1-1  | 2026-09-21T21:52:27.344332324Z [2026-09-21 21:52:27,344] INFO [ReplicaFetcher replicaId=1, leaderId=2, fetcherId=0] Truncating partition __consumer_offsets-41 with TruncationState(offset=0, completed=true) due to local high watermark 0 (kafka.server.ReplicaFetcherThread)
kafka-1-1  | 2026-09-21T21:52:27.344338124Z [2026-09-21 21:52:27,344] INFO [UnifiedLog partition=__consumer_offsets-41, dir=/tmp/kafka-logs] Truncating to 0 has no effect as the largest offset in the log is -1 (kafka.log.UnifiedLog)
kafka-1-1  | 2026-09-21T21:52:27.344402725Z [2026-09-21 21:52:27,344] INFO [ReplicaFetcher replicaId=1, leaderId=2, fetcherId=0] Truncating partition __consumer_offsets-42 with TruncationState(offset=0, completed=true) due to local high watermark 0 (kafka.server.ReplicaFetcherThread)
kafka-1-1  | 2026-09-21T21:52:27.344489826Z [2026-09-21 21:52:27,344] INFO [UnifiedLog partition=__consumer_offsets-42, dir=/tmp/kafka-logs] Truncating to 0 has no effect as the largest offset in the log is -1 (kafka.log.UnifiedLog)
kafka-1-1  | 2026-09-21T21:52:27.344557628Z [2026-09-21 21:52:27,344] INFO [ReplicaFetcher replicaId=1, leaderId=2, fetcherId=0] Truncating partition __consumer_offsets-10 with TruncationState(offset=0, completed=true) due to local high watermark 0 (kafka.server.ReplicaFetcherThread)
kafka-1-1  | 2026-09-21T21:52:27.344670329Z [2026-09-21 21:52:27,344] INFO [UnifiedLog partition=__consumer_offsets-10, dir=/tmp/kafka-logs] Truncating to 0 has no effect as the largest offset in the log is -1 (kafka.log.UnifiedLog)
kafka-1-1  | 2026-09-21T21:52:27.344676229Z [2026-09-21 21:52:27,344] INFO [ReplicaFetcher replicaId=1, leaderId=2, fetcherId=0] Truncating partition __consumer_offsets-21 with TruncationState(offset=0, completed=true) due to local high watermark 0 (kafka.server.ReplicaFetcherThread)
kafka-1-1  | 2026-09-21T21:52:27.344817032Z [2026-09-21 21:52:27,344] INFO [UnifiedLog partition=__consumer_offsets-21, dir=/tmp/kafka-logs] Truncating to 0 has no effect as the largest offset in the log is -1 (kafka.log.UnifiedLog)
kafka-1-1  | 2026-09-21T21:52:27.344973934Z [2026-09-21 21:52:27,344] INFO [ReplicaFetcher replicaId=1, leaderId=2, fetcherId=0] Truncating partition __consumer_offsets-20 with TruncationState(offset=0, completed=true) due to local high watermark 0 (kafka.server.ReplicaFetcherThread)
kafka-1-1  | 2026-09-21T21:52:27.344978535Z [2026-09-21 21:52:27,344] INFO [UnifiedLog partition=__consumer_offsets-20, dir=/tmp/kafka-logs] Truncating to 0 has no effect as the largest offset in the log is -1 (kafka.log.UnifiedLog)
kafka-1-1  | 2026-09-21T21:52:27.345080236Z [2026-09-21 21:52:27,344] INFO [ReplicaFetcher replicaId=1, leaderId=2, fetcherId=0] Truncating partition __consumer_offsets-30 with TruncationState(offset=0, completed=true) due to local high watermark 0 (kafka.server.ReplicaFetcherThread)
kafka-1-1  | 2026-09-21T21:52:27.345084736Z [2026-09-21 21:52:27,345] INFO [UnifiedLog partition=__consumer_offsets-30, dir=/tmp/kafka-logs] Truncating to 0 has no effect as the largest offset in the log is -1 (kafka.log.UnifiedLog)
kafka-1-1  | 2026-09-21T21:52:27.345176538Z [2026-09-21 21:52:27,345] INFO [ReplicaFetcher replicaId=1, leaderId=2, fetcherId=0] Truncating partition __consumer_offsets-27 with TruncationState(offset=0, completed=true) due to local high watermark 0 (kafka.server.ReplicaFetcherThread)
kafka-1-1  | 2026-09-21T21:52:27.345319840Z [2026-09-21 21:52:27,345] INFO [UnifiedLog partition=__consumer_offsets-27, dir=/tmp/kafka-logs] Truncating to 0 has no effect as the largest offset in the log is -1 (kafka.log.UnifiedLog)
kafka-1-1  | 2026-09-21T21:52:27.345325540Z [2026-09-21 21:52:27,345] INFO [ReplicaFetcher replicaId=1, leaderId=2, fetcherId=0] Truncating partition __consumer_offsets-26 with TruncationState(offset=0, completed=true) due to local high watermark 0 (kafka.server.ReplicaFetcherThread)
kafka-1-1  | 2026-09-21T21:52:27.345408642Z [2026-09-21 21:52:27,345] INFO [UnifiedLog partition=__consumer_offsets-26, dir=/tmp/kafka-logs] Truncating to 0 has no effect as the largest offset in the log is -1 (kafka.log.UnifiedLog)
kafka-1-1  | 2026-09-21T21:52:27.345413642Z [2026-09-21 21:52:27,345] INFO [ReplicaFetcher replicaId=1, leaderId=2, fetcherId=0] Truncating partition __consumer_offsets-7 with TruncationState(offset=0, completed=true) due to local high watermark 0 (kafka.server.ReplicaFetcherThread)
kafka-1-1  | 2026-09-21T21:52:27.345550544Z [2026-09-21 21:52:27,345] INFO [UnifiedLog partition=__consumer_offsets-7, dir=/tmp/kafka-logs] Truncating to 0 has no effect as the largest offset in the log is -1 (kafka.log.UnifiedLog)
kafka-1-1  | 2026-09-21T21:52:27.345640245Z [2026-09-21 21:52:27,345] INFO [ReplicaFetcher replicaId=1, leaderId=2, fetcherId=0] Truncating partition __consumer_offsets-37 with TruncationState(offset=0, completed=true) due to local high watermark 0 (kafka.server.ReplicaFetcherThread)
kafka-1-1  | 2026-09-21T21:52:27.345644746Z [2026-09-21 21:52:27,345] INFO [UnifiedLog partition=__consumer_offsets-37, dir=/tmp/kafka-logs] Truncating to 0 has no effect as the largest offset in the log is -1 (kafka.log.UnifiedLog)
kafka-1-1  | 2026-09-21T21:52:27.345646446Z [2026-09-21 21:52:27,345] INFO [ReplicaFetcher replicaId=1, leaderId=2, fetcherId=0] Truncating partition __consumer_offsets-35 with TruncationState(offset=0, completed=true) due to local high watermark 0 (kafka.server.ReplicaFetcherThread)
kafka-1-1  | 2026-09-21T21:52:27.345782648Z [2026-09-21 21:52:27,345] INFO [UnifiedLog partition=__consumer_offsets-35, dir=/tmp/kafka-logs] Truncating to 0 has no effect as the largest offset in the log is -1 (kafka.log.UnifiedLog)
kafka-1-1  | 2026-09-21T21:52:27.345788348Z [2026-09-21 21:52:27,345] INFO [ReplicaFetcher replicaId=1, leaderId=2, fetcherId=0] Truncating partition __consumer_offsets-3 with TruncationState(offset=0, completed=true) due to local high watermark 0 (kafka.server.ReplicaFetcherThread)
kafka-1-1  | 2026-09-21T21:52:27.345876949Z [2026-09-21 21:52:27,345] INFO [UnifiedLog partition=__consumer_offsets-3, dir=/tmp/kafka-logs] Truncating to 0 has no effect as the largest offset in the log is -1 (kafka.log.UnifiedLog)
kafka-1-1  | 2026-09-21T21:52:27.346001951Z [2026-09-21 21:52:27,345] INFO [ReplicaFetcher replicaId=1, leaderId=2, fetcherId=0] Truncating partition __consumer_offsets-1 with TruncationState(offset=0, completed=true) due to local high watermark 0 (kafka.server.ReplicaFetcherThread)
kafka-1-1  | 2026-09-21T21:52:27.346007852Z [2026-09-21 21:52:27,345] INFO [UnifiedLog partition=__consumer_offsets-1, dir=/tmp/kafka-logs] Truncating to 0 has no effect as the largest offset in the log is -1 (kafka.log.UnifiedLog)
kafka-1-1  | 2026-09-21T21:52:27.431921374Z [2026-09-21 21:52:27,428] INFO [ReplicaFetcher replicaId=1, leaderId=3, fetcherId=0] Truncating partition __consumer_offsets-13 with TruncationState(offset=0, completed=true) due to local high watermark 0 (kafka.server.ReplicaFetcherThread)
kafka-1-1  | 2026-09-21T21:52:27.431942274Z [2026-09-21 21:52:27,429] INFO [UnifiedLog partition=__consumer_offsets-13, dir=/tmp/kafka-logs] Truncating to 0 has no effect as the largest offset in the log is -1 (kafka.log.UnifiedLog)
kafka-1-1  | 2026-09-21T21:52:27.431950174Z [2026-09-21 21:52:27,429] INFO [ReplicaFetcher replicaId=1, leaderId=3, fetcherId=0] Truncating partition __consumer_offsets-45 with TruncationState(offset=0, completed=true) due to local high watermark 0 (kafka.server.ReplicaFetcherThread)
kafka-1-1  | 2026-09-21T21:52:27.431957274Z [2026-09-21 21:52:27,429] INFO [UnifiedLog partition=__consumer_offsets-45, dir=/tmp/kafka-logs] Truncating to 0 has no effect as the largest offset in the log is -1 (kafka.log.UnifiedLog)
kafka-1-1  | 2026-09-21T21:52:27.431963674Z [2026-09-21 21:52:27,429] INFO [ReplicaFetcher replicaId=1, leaderId=3, fetcherId=0] Truncating partition __consumer_offsets-43 with TruncationState(offset=0, completed=true) due to local high watermark 0 (kafka.server.ReplicaFetcherThread)
kafka-1-1  | 2026-09-21T21:52:27.431970274Z [2026-09-21 21:52:27,429] INFO [UnifiedLog partition=__consumer_offsets-43, dir=/tmp/kafka-logs] Truncating to 0 has no effect as the largest offset in the log is -1 (kafka.log.UnifiedLog)
kafka-1-1  | 2026-09-21T21:52:27.431976875Z [2026-09-21 21:52:27,430] INFO [ReplicaFetcher replicaId=1, leaderId=3, fetcherId=0] Truncating partition __consumer_offsets-11 with TruncationState(offset=0, completed=true) due to local high watermark 0 (kafka.server.ReplicaFetcherThread)
kafka-1-1  | 2026-09-21T21:52:27.431983775Z [2026-09-21 21:52:27,430] INFO [UnifiedLog partition=__consumer_offsets-11, dir=/tmp/kafka-logs] Truncating to 0 has no effect as the largest offset in the log is -1 (kafka.log.UnifiedLog)
kafka-1-1  | 2026-09-21T21:52:27.431990375Z [2026-09-21 21:52:27,430] INFO [ReplicaFetcher replicaId=1, leaderId=3, fetcherId=0] Truncating partition __consumer_offsets-22 with TruncationState(offset=0, completed=true) due to local high watermark 0 (kafka.server.ReplicaFetcherThread)
kafka-1-1  | 2026-09-21T21:52:27.431998275Z [2026-09-21 21:52:27,431] INFO [UnifiedLog partition=__consumer_offsets-22, dir=/tmp/kafka-logs] Truncating to 0 has no effect as the largest offset in the log is -1 (kafka.log.UnifiedLog)
kafka-1-1  | 2026-09-21T21:52:27.432004975Z [2026-09-21 21:52:27,431] INFO [ReplicaFetcher replicaId=1, leaderId=3, fetcherId=0] Truncating partition __consumer_offsets-17 with TruncationState(offset=0, completed=true) due to local high watermark 0 (kafka.server.ReplicaFetcherThread)
kafka-1-1  | 2026-09-21T21:52:27.432295580Z [2026-09-21 21:52:27,431] INFO [UnifiedLog partition=__consumer_offsets-17, dir=/tmp/kafka-logs] Truncating to 0 has no effect as the largest offset in the log is -1 (kafka.log.UnifiedLog)
kafka-1-1  | 2026-09-21T21:52:27.432466883Z [2026-09-21 21:52:27,432] INFO [ReplicaFetcher replicaId=1, leaderId=3, fetcherId=0] Truncating partition __consumer_offsets-49 with TruncationState(offset=0, completed=true) due to local high watermark 0 (kafka.server.ReplicaFetcherThread)
kafka-1-1  | 2026-09-21T21:52:27.432756888Z [2026-09-21 21:52:27,432] INFO [UnifiedLog partition=__consumer_offsets-49, dir=/tmp/kafka-logs] Truncating to 0 has no effect as the largest offset in the log is -1 (kafka.log.UnifiedLog)
kafka-1-1  | 2026-09-21T21:52:27.432912090Z [2026-09-21 21:52:27,432] INFO [ReplicaFetcher replicaId=1, leaderId=3, fetcherId=0] Truncating partition __consumer_offsets-18 with TruncationState(offset=0, completed=true) due to local high watermark 0 (kafka.server.ReplicaFetcherThread)
kafka-1-1  | 2026-09-21T21:52:27.433114393Z [2026-09-21 21:52:27,432] INFO [UnifiedLog partition=__consumer_offsets-18, dir=/tmp/kafka-logs] Truncating to 0 has no effect as the largest offset in the log is -1 (kafka.log.UnifiedLog)
kafka-1-1  | 2026-09-21T21:52:27.433212295Z [2026-09-21 21:52:27,433] INFO [ReplicaFetcher replicaId=1, leaderId=3, fetcherId=0] Truncating partition __consumer_offsets-31 with TruncationState(offset=0, completed=true) due to local high watermark 0 (kafka.server.ReplicaFetcherThread)
kafka-1-1  | 2026-09-21T21:52:27.433584301Z [2026-09-21 21:52:27,433] INFO [UnifiedLog partition=__consumer_offsets-31, dir=/tmp/kafka-logs] Truncating to 0 has no effect as the largest offset in the log is -1 (kafka.log.UnifiedLog)
kafka-1-1  | 2026-09-21T21:52:27.433931207Z [2026-09-21 21:52:27,433] INFO [ReplicaFetcher replicaId=1, leaderId=3, fetcherId=0] Truncating partition __consumer_offsets-29 with TruncationState(offset=0, completed=true) due to local high watermark 0 (kafka.server.ReplicaFetcherThread)
kafka-1-1  | 2026-09-21T21:52:27.434049809Z [2026-09-21 21:52:27,433] INFO [UnifiedLog partition=__consumer_offsets-29, dir=/tmp/kafka-logs] Truncating to 0 has no effect as the largest offset in the log is -1 (kafka.log.UnifiedLog)
kafka-1-1  | 2026-09-21T21:52:27.435952640Z [2026-09-21 21:52:27,434] INFO [ReplicaFetcher replicaId=1, leaderId=3, fetcherId=0] Truncating partition __consumer_offsets-25 with TruncationState(offset=0, completed=true) due to local high watermark 0 (kafka.server.ReplicaFetcherThread)
kafka-1-1  | 2026-09-21T21:52:27.435988141Z [2026-09-21 21:52:27,434] INFO [UnifiedLog partition=__consumer_offsets-25, dir=/tmp/kafka-logs] Truncating to 0 has no effect as the largest offset in the log is -1 (kafka.log.UnifiedLog)
kafka-1-1  | 2026-09-21T21:52:27.435994541Z [2026-09-21 21:52:27,434] INFO [ReplicaFetcher replicaId=1, leaderId=3, fetcherId=0] Truncating partition __consumer_offsets-39 with TruncationState(offset=0, completed=true) due to local high watermark 0 (kafka.server.ReplicaFetcherThread)
kafka-1-1  | 2026-09-21T21:52:27.435999241Z [2026-09-21 21:52:27,435] INFO [UnifiedLog partition=__consumer_offsets-39, dir=/tmp/kafka-logs] Truncating to 0 has no effect as the largest offset in the log is -1 (kafka.log.UnifiedLog)
kafka-1-1  | 2026-09-21T21:52:27.436004041Z [2026-09-21 21:52:27,435] INFO [ReplicaFetcher replicaId=1, leaderId=3, fetcherId=0] Truncating partition __consumer_offsets-38 with TruncationState(offset=0, completed=true) due to local high watermark 0 (kafka.server.ReplicaFetcherThread)
kafka-1-1  | 2026-09-21T21:52:27.436944357Z [2026-09-21 21:52:27,436] INFO [UnifiedLog partition=__consumer_offsets-38, dir=/tmp/kafka-logs] Truncating to 0 has no effect as the largest offset in the log is -1 (kafka.log.UnifiedLog)
kafka-1-1  | 2026-09-21T21:52:27.436973457Z [2026-09-21 21:52:27,436] INFO [ReplicaFetcher replicaId=1, leaderId=3, fetcherId=0] Truncating partition __consumer_offsets-6 with TruncationState(offset=0, completed=true) due to local high watermark 0 (kafka.server.ReplicaFetcherThread)
kafka-1-1  | 2026-09-21T21:52:27.436980257Z [2026-09-21 21:52:27,436] INFO [UnifiedLog partition=__consumer_offsets-6, dir=/tmp/kafka-logs] Truncating to 0 has no effect as the largest offset in the log is -1 (kafka.log.UnifiedLog)
kafka-1-1  | 2026-09-21T21:52:27.436985057Z [2026-09-21 21:52:27,436] INFO [ReplicaFetcher replicaId=1, leaderId=3, fetcherId=0] Truncating partition __consumer_offsets-4 with TruncationState(offset=0, completed=true) due to local high watermark 0 (kafka.server.ReplicaFetcherThread)
kafka-1-1  | 2026-09-21T21:52:27.437463865Z [2026-09-21 21:52:27,436] INFO [UnifiedLog partition=__consumer_offsets-4, dir=/tmp/kafka-logs] Truncating to 0 has no effect as the largest offset in the log is -1 (kafka.log.UnifiedLog)
kafka-1-1  | 2026-09-21T21:52:27.437480066Z [2026-09-21 21:52:27,437] INFO [ReplicaFetcher replicaId=1, leaderId=3, fetcherId=0] Truncating partition __consumer_offsets-33 with TruncationState(offset=0, completed=true) due to local high watermark 0 (kafka.server.ReplicaFetcherThread)
kafka-1-1  | 2026-09-21T21:52:27.437485366Z [2026-09-21 21:52:27,437] INFO [UnifiedLog partition=__consumer_offsets-33, dir=/tmp/kafka-logs] Truncating to 0 has no effect as the largest offset in the log is -1 (kafka.log.UnifiedLog)
kafka-1-1  | 2026-09-21T21:52:27.437490166Z [2026-09-21 21:52:27,437] INFO [ReplicaFetcher replicaId=1, leaderId=3, fetcherId=0] Truncating partition __consumer_offsets-2 with TruncationState(offset=0, completed=true) due to local high watermark 0 (kafka.server.ReplicaFetcherThread)
kafka-1-1  | 2026-09-21T21:52:27.437710770Z [2026-09-21 21:52:27,437] INFO [UnifiedLog partition=__consumer_offsets-2, dir=/tmp/kafka-logs] Truncating to 0 has no effect as the largest offset in the log is -1 (kafka.log.UnifiedLog)
kafka-1-1  | 2026-09-21T21:52:33.279595087Z [2026-09-21 21:52:33,279] INFO [GroupCoordinator 1]: Stabilized group processadores-sensores generation 1 (__consumer_offsets-0) with 3 members (kafka.coordinator.group.GroupCoordinator)
kafka-1-1  | 2026-09-21T21:52:33.293674733Z [2026-09-21 21:52:33,293] INFO [GroupCoordinator 1]: Assignment received from leader consumidor-d1eb4b628c57-921d97c4-d230-49a4-9d04-159490db2559 for group processadores-sensores for generation 1. The group has 3 members, 0 of which are static. (kafka.coordinator.group.GroupCoordinator)
kafka-1-1  | 2026-09-21T21:58:54.886310050Z [2026-09-21 21:58:54,885] INFO [NodeToControllerChannelManager id=1 name=heartbeat] Node 2 disconnected. (org.apache.kafka.clients.NetworkClient)
kafka-1-1  | 2026-09-21T21:58:54.887952998Z [2026-09-21 21:58:54,887] INFO [RaftManager id=1] Node 2 disconnected. (org.apache.kafka.clients.NetworkClient)
kafka-1-1  | 2026-09-21T21:58:54.887994302Z [2026-09-21 21:58:54,886] INFO [NodeToControllerChannelManager id=1 name=registration] Node 2 disconnected. (org.apache.kafka.clients.NetworkClient)
kafka-1-1  | 2026-09-21T21:58:54.887999102Z [2026-09-21 21:58:54,885] INFO [ReplicaFetcher replicaId=1, leaderId=2, fetcherId=0] Node 2 disconnected. (org.apache.kafka.clients.NetworkClient)
kafka-1-1  | 2026-09-21T21:58:54.888001602Z [2026-09-21 21:58:54,887] INFO [ReplicaFetcher replicaId=1, leaderId=2, fetcherId=0] Cancelled in-flight FETCH request with correlation id 780 due to node 2 being disconnected (elapsed time since creation: 70ms, elapsed time since send: 70ms, throttle time: 0ms, request timeout: 30000ms) (org.apache.kafka.clients.NetworkClient)
kafka-1-1  | 2026-09-21T21:58:54.888010203Z [2026-09-21 21:58:54,887] INFO [ReplicaFetcher replicaId=1, leaderId=2, fetcherId=0] Client requested connection close from node 2 (org.apache.kafka.clients.NetworkClient)
kafka-1-1  | 2026-09-21T21:58:54.888191519Z [2026-09-21 21:58:54,888] INFO [RaftManager id=1] Cancelled in-flight FETCH request with correlation id 802 due to node 2 being disconnected (elapsed time since creation: 101ms, elapsed time since send: 101ms, throttle time: 0ms, request timeout: 2000ms) (org.apache.kafka.clients.NetworkClient)
kafka-1-1  | 2026-09-21T21:58:54.888540151Z [2026-09-21 21:58:54,888] INFO [NodeToControllerChannelManager id=1 name=forwarding] Node 2 disconnected. (org.apache.kafka.clients.NetworkClient)
kafka-1-1  | 2026-09-21T21:58:54.897748278Z [2026-09-21 21:58:54,892] INFO [ReplicaFetcher replicaId=1, leaderId=2, fetcherId=0] Error sending fetch request (sessionId=235675313, epoch=780) to node 2: (org.apache.kafka.clients.FetchSessionHandler)
kafka-1-1  | 2026-09-21T21:58:54.897769980Z java.io.IOException: Connection to 2 was disconnected before the response was read
kafka-1-1  | 2026-09-21T21:58:54.897772180Z 	at org.apache.kafka.clients.NetworkClientUtils.sendAndReceive(NetworkClientUtils.java:100)
kafka-1-1  | 2026-09-21T21:58:54.897774281Z 	at kafka.server.BrokerBlockingSender.sendRequest(BrokerBlockingSender.scala:114)
kafka-1-1  | 2026-09-21T21:58:54.897775581Z 	at kafka.server.RemoteLeaderEndPoint.fetch(RemoteLeaderEndPoint.scala:79)
kafka-1-1  | 2026-09-21T21:58:54.897776781Z 	at kafka.server.AbstractFetcherThread.processFetchRequest(AbstractFetcherThread.scala:317)
kafka-1-1  | 2026-09-21T21:58:54.897778081Z 	at kafka.server.AbstractFetcherThread.$anonfun$maybeFetch$3(AbstractFetcherThread.scala:131)
kafka-1-1  | 2026-09-21T21:58:54.897779281Z 	at kafka.server.AbstractFetcherThread.$anonfun$maybeFetch$3$adapted(AbstractFetcherThread.scala:130)
kafka-1-1  | 2026-09-21T21:58:54.897780881Z 	at scala.Option.foreach(Option.scala:437)
kafka-1-1  | 2026-09-21T21:58:54.897782081Z 	at kafka.server.AbstractFetcherThread.maybeFetch(AbstractFetcherThread.scala:130)
kafka-1-1  | 2026-09-21T21:58:54.897783281Z 	at kafka.server.AbstractFetcherThread.doWork(AbstractFetcherThread.scala:113)
kafka-1-1  | 2026-09-21T21:58:54.897784482Z 	at kafka.server.ReplicaFetcherThread.doWork(ReplicaFetcherThread.scala:98)
kafka-1-1  | 2026-09-21T21:58:54.897796283Z 	at org.apache.kafka.server.util.ShutdownableThread.run(ShutdownableThread.java:135)
kafka-1-1  | 2026-09-21T21:58:54.899101100Z [2026-09-21 21:58:54,898] WARN [ReplicaFetcher replicaId=1, leaderId=2, fetcherId=0] Error in response for fetch request (type=FetchRequest, replicaId=1, maxWait=500, minBytes=1, maxBytes=10485760, fetchData={}, isolationLevel=read_uncommitted, removed=, replaced=, metadata=(sessionId=235675313, epoch=780), rackId=) (kafka.server.ReplicaFetcherThread)
kafka-1-1  | 2026-09-21T21:58:54.899141404Z java.io.IOException: Connection to 2 was disconnected before the response was read
kafka-1-1  | 2026-09-21T21:58:54.899144104Z 	at org.apache.kafka.clients.NetworkClientUtils.sendAndReceive(NetworkClientUtils.java:100)
kafka-1-1  | 2026-09-21T21:58:54.899146204Z 	at kafka.server.BrokerBlockingSender.sendRequest(BrokerBlockingSender.scala:114)
kafka-1-1  | 2026-09-21T21:58:54.899147504Z 	at kafka.server.RemoteLeaderEndPoint.fetch(RemoteLeaderEndPoint.scala:79)
kafka-1-1  | 2026-09-21T21:58:54.899148704Z 	at kafka.server.AbstractFetcherThread.processFetchRequest(AbstractFetcherThread.scala:317)
kafka-1-1  | 2026-09-21T21:58:54.899150004Z 	at kafka.server.AbstractFetcherThread.$anonfun$maybeFetch$3(AbstractFetcherThread.scala:131)
kafka-1-1  | 2026-09-21T21:58:54.899151204Z 	at kafka.server.AbstractFetcherThread.$anonfun$maybeFetch$3$adapted(AbstractFetcherThread.scala:130)
kafka-1-1  | 2026-09-21T21:58:54.899152605Z 	at scala.Option.foreach(Option.scala:437)
kafka-1-1  | 2026-09-21T21:58:54.899153805Z 	at kafka.server.AbstractFetcherThread.maybeFetch(AbstractFetcherThread.scala:130)
kafka-1-1  | 2026-09-21T21:58:54.899166106Z 	at kafka.server.AbstractFetcherThread.doWork(AbstractFetcherThread.scala:113)
kafka-1-1  | 2026-09-21T21:58:54.899168506Z 	at kafka.server.ReplicaFetcherThread.doWork(ReplicaFetcherThread.scala:98)
kafka-1-1  | 2026-09-21T21:58:54.899169706Z 	at org.apache.kafka.server.util.ShutdownableThread.run(ShutdownableThread.java:135)
kafka-1-1  | 2026-09-21T21:58:56.782137049Z [2026-09-21 21:58:56,781] INFO [RaftManager id=1] Become candidate due to fetch timeout (org.apache.kafka.raft.KafkaRaftClient)
kafka-1-1  | 2026-09-21T21:58:56.789653124Z [2026-09-21 21:58:56,789] INFO [RaftManager id=1] Completed transition to CandidateState(localId=1, localDirectoryId=iI4bj7x_vrUNvYg9jwP0JA,epoch=2, retries=1, voteStates={1=GRANTED, 2=UNRECORDED, 3=UNRECORDED}, highWatermark=Optional[LogOffsetMetadata(offset=869, metadata=Optional.empty)], electionTimeoutMs=1535) from FollowerState(fetchTimeoutMs=2000, epoch=1, leader=kafka-2:9093 (id: 2 rack: null) voters=[1, 2, 3], highWatermark=Optional[LogOffsetMetadata(offset=869, metadata=Optional.empty)], fetchingSnapshot=Optional.empty) (org.apache.kafka.raft.QuorumState)
kafka-1-1  | 2026-09-21T21:58:56.796710958Z [2026-09-21 21:58:56,796] INFO [RaftManager id=1] Vote request VoteRequestData(clusterId='5L6g3nShT-eMCtK--X86sw', topics=[TopicData(topicName='__cluster_metadata', partitions=[PartitionData(partitionIndex=0, candidateEpoch=2, candidateId=3, lastOffsetEpoch=1, lastOffset=870)])]) with epoch 2 is rejected (org.apache.kafka.raft.KafkaRaftClient)
kafka-1-1  | 2026-09-21T21:58:58.220634142Z [2026-09-21 21:58:58,220] INFO [RaftManager id=1] Completed transition to Unattached(epoch=3, voters=[1, 2, 3], electionTimeoutMs=105) from CandidateState(localId=1, localDirectoryId=iI4bj7x_vrUNvYg9jwP0JA,epoch=2, retries=1, voteStates={1=GRANTED, 2=UNRECORDED, 3=REJECTED}, highWatermark=Optional[LogOffsetMetadata(offset=869, metadata=Optional.empty)], electionTimeoutMs=1535) (org.apache.kafka.raft.QuorumState)
kafka-1-1  | 2026-09-21T21:58:58.228702767Z [2026-09-21 21:58:58,228] INFO [RaftManager id=1] Completed transition to Voted(epoch=3, votedKey=ReplicaKey(id=3, directoryId=Optional.empty), voters=[1, 2, 3], electionTimeoutMs=1664, highWatermark=Optional[LogOffsetMetadata(offset=869, metadata=Optional.empty)]) from Unattached(epoch=3, voters=[1, 2, 3], electionTimeoutMs=105) (org.apache.kafka.raft.QuorumState)
kafka-1-1  | 2026-09-21T21:58:58.228737870Z [2026-09-21 21:58:58,228] INFO [RaftManager id=1] Vote request VoteRequestData(clusterId='5L6g3nShT-eMCtK--X86sw', topics=[TopicData(topicName='__cluster_metadata', partitions=[PartitionData(partitionIndex=0, candidateEpoch=3, candidateId=3, lastOffsetEpoch=1, lastOffset=870)])]) with epoch 3 is granted (org.apache.kafka.raft.KafkaRaftClient)
kafka-1-1  | 2026-09-21T21:58:58.263929933Z [2026-09-21 21:58:58,263] INFO [RaftManager id=1] Completed transition to FollowerState(fetchTimeoutMs=2000, epoch=3, leader=kafka-3:9093 (id: 3 rack: null) voters=[1, 2, 3], highWatermark=Optional[LogOffsetMetadata(offset=869, metadata=Optional.empty)], fetchingSnapshot=Optional.empty) from Voted(epoch=3, votedKey=ReplicaKey(id=3, directoryId=Optional.empty), voters=[1, 2, 3], electionTimeoutMs=1664, highWatermark=Optional[LogOffsetMetadata(offset=869, metadata=Optional.empty)]) (org.apache.kafka.raft.QuorumState)
kafka-1-1  | 2026-09-21T21:58:59.829598557Z [2026-09-21 21:58:59,829] INFO [broker-1-to-controller-heartbeat-channel-manager]: Recorded new KRaft controller, from now on will use node kafka-3:9093 (id: 3 rack: null) (kafka.server.NodeToControllerRequestThread)
kafka-1-1  | 2026-09-21T21:58:59.830179709Z [2026-09-21 21:58:59,829] INFO [BrokerLifecycleManager id=1] Unable to send a heartbeat because the RPC got timed out before it could be sent. (kafka.server.BrokerLifecycleManager)
kafka-1-1  | 2026-09-21T21:59:05.819804044Z [2026-09-21 21:59:05,819] INFO [RaftManager id=1] Disconnecting from node 2 due to socket connection setup timeout. The timeout value is 10434 ms. (org.apache.kafka.clients.NetworkClient)
kafka-1-1  | 2026-09-21T21:59:05.945245978Z [2026-09-21 21:59:05,944] INFO [NodeToControllerChannelManager id=1 name=heartbeat] Disconnecting from node 2 due to socket connection setup timeout. The timeout value is 9334 ms. (org.apache.kafka.clients.NetworkClient)
kafka-1-1  | 2026-09-21T21:59:07.854290669Z [2026-09-21 21:59:07,853] INFO [ReplicaFetcherManager on broker 1] Removed fetcher for partitions Set(__consumer_offsets-15, __consumer_offsets-47, __consumer_offsets-16, __consumer_offsets-14, __consumer_offsets-46, __consumer_offsets-12, __consumer_offsets-44, __consumer_offsets-9, __consumer_offsets-23, __consumer_offsets-24, __consumer_offsets-19, dados-sensores-4, __consumer_offsets-0, __consumer_offsets-32, __consumer_offsets-27, __consumer_offsets-28, __consumer_offsets-26, __consumer_offsets-7, __consumer_offsets-8, __consumer_offsets-40, __consumer_offsets-5, dados-sensores-1, __consumer_offsets-36, __consumer_offsets-34) (kafka.server.ReplicaFetcherManager)
kafka-1-1  | 2026-09-21T21:59:07.904372795Z [2026-09-21 21:59:07,903] INFO [ReplicaFetcherManager on broker 1] Removed fetcher for partitions Set(__consumer_offsets-48, __consumer_offsets-41, __consumer_offsets-42, __consumer_offsets-10, __consumer_offsets-21, __consumer_offsets-20, dados-sensores-5, __consumer_offsets-30, __consumer_offsets-37, __consumer_offsets-35, __consumer_offsets-3, __consumer_offsets-1, dados-sensores-2) (kafka.server.ReplicaFetcherManager)
kafka-1-1  | 2026-09-21T21:59:07.907099241Z [2026-09-21 21:59:07,905] INFO [ReplicaFetcherManager on broker 1] Added fetcher to broker 3 for partitions HashMap(__consumer_offsets-48 -> InitialFetchState(Some(um97SpqTSEC74qR1Iu-qow),BrokerEndPoint(id=3, host=kafka-3:9092),1,0), __consumer_offsets-41 -> InitialFetchState(Some(um97SpqTSEC74qR1Iu-qow),BrokerEndPoint(id=3, host=kafka-3:9092),1,0), __consumer_offsets-42 -> InitialFetchState(Some(um97SpqTSEC74qR1Iu-qow),BrokerEndPoint(id=3, host=kafka-3:9092),1,0), __consumer_offsets-10 -> InitialFetchState(Some(um97SpqTSEC74qR1Iu-qow),BrokerEndPoint(id=3, host=kafka-3:9092),1,0), __consumer_offsets-21 -> InitialFetchState(Some(um97SpqTSEC74qR1Iu-qow),BrokerEndPoint(id=3, host=kafka-3:9092),1,0), __consumer_offsets-20 -> InitialFetchState(Some(um97SpqTSEC74qR1Iu-qow),BrokerEndPoint(id=3, host=kafka-3:9092),1,0), dados-sensores-5 -> InitialFetchState(Some(TOQUTEIYQC2WEzitbIedXg),BrokerEndPoint(id=3, host=kafka-3:9092),1,0), __consumer_offsets-30 -> InitialFetchState(Some(um97SpqTSEC74qR1Iu-qow),BrokerEndPoint(id=3, host=kafka-3:9092),1,0), __consumer_offsets-37 -> InitialFetchState(Some(um97SpqTSEC74qR1Iu-qow),BrokerEndPoint(id=3, host=kafka-3:9092),1,0), __consumer_offsets-35 -> InitialFetchState(Some(um97SpqTSEC74qR1Iu-qow),BrokerEndPoint(id=3, host=kafka-3:9092),1,0), __consumer_offsets-3 -> InitialFetchState(Some(um97SpqTSEC74qR1Iu-qow),BrokerEndPoint(id=3, host=kafka-3:9092),1,0), __consumer_offsets-1 -> InitialFetchState(Some(um97SpqTSEC74qR1Iu-qow),BrokerEndPoint(id=3, host=kafka-3:9092),1,0), dados-sensores-2 -> InitialFetchState(Some(TOQUTEIYQC2WEzitbIedXg),BrokerEndPoint(id=3, host=kafka-3:9092),1,0)) (kafka.server.ReplicaFetcherManager)
kafka-1-1  | 2026-09-21T21:59:07.907122643Z [2026-09-21 21:59:07,906] INFO [ReplicaFetcherThread-0-2]: Shutting down (kafka.server.ReplicaFetcherThread)
kafka-1-1  | 2026-09-21T21:59:07.907129644Z [2026-09-21 21:59:07,907] INFO [ReplicaFetcher replicaId=1, leaderId=2, fetcherId=0] Disconnecting from node 2 due to socket connection setup timeout. The timeout value is 9789 ms. (org.apache.kafka.clients.NetworkClient)
kafka-1-1  | 2026-09-21T21:59:07.907383467Z [2026-09-21 21:59:07,907] INFO [ReplicaFetcher replicaId=1, leaderId=2, fetcherId=0] Client requested connection close from node 2 (org.apache.kafka.clients.NetworkClient)
kafka-1-1  | 2026-09-21T21:59:07.907749700Z [2026-09-21 21:59:07,907] INFO [ReplicaFetcher replicaId=1, leaderId=2, fetcherId=0] Error sending fetch request (sessionId=235675313, epoch=INITIAL) to node 2: (org.apache.kafka.clients.FetchSessionHandler)
kafka-1-1  | 2026-09-21T21:59:07.907758400Z java.io.IOException: Connection to kafka-2:9092 (id: 2 rack: null) failed.
kafka-1-1  | 2026-09-21T21:59:07.907760101Z 	at org.apache.kafka.clients.NetworkClientUtils.awaitReady(NetworkClientUtils.java:71)
kafka-1-1  | 2026-09-21T21:59:07.907761801Z 	at kafka.server.BrokerBlockingSender.sendRequest(BrokerBlockingSender.scala:109)
kafka-1-1  | 2026-09-21T21:59:07.907763101Z 	at kafka.server.RemoteLeaderEndPoint.fetch(RemoteLeaderEndPoint.scala:79)
kafka-1-1  | 2026-09-21T21:59:07.907764201Z 	at kafka.server.AbstractFetcherThread.processFetchRequest(AbstractFetcherThread.scala:317)
kafka-1-1  | 2026-09-21T21:59:07.907765501Z 	at kafka.server.AbstractFetcherThread.$anonfun$maybeFetch$3(AbstractFetcherThread.scala:131)
kafka-1-1  | 2026-09-21T21:59:07.907766801Z 	at kafka.server.AbstractFetcherThread.$anonfun$maybeFetch$3$adapted(AbstractFetcherThread.scala:130)
kafka-1-1  | 2026-09-21T21:59:07.907768001Z 	at scala.Option.foreach(Option.scala:437)
kafka-1-1  | 2026-09-21T21:59:07.907769201Z 	at kafka.server.AbstractFetcherThread.maybeFetch(AbstractFetcherThread.scala:130)
kafka-1-1  | 2026-09-21T21:59:07.907770402Z 	at kafka.server.AbstractFetcherThread.doWork(AbstractFetcherThread.scala:113)
kafka-1-1  | 2026-09-21T21:59:07.907774102Z 	at kafka.server.ReplicaFetcherThread.doWork(ReplicaFetcherThread.scala:98)
kafka-1-1  | 2026-09-21T21:59:07.907775302Z 	at org.apache.kafka.server.util.ShutdownableThread.run(ShutdownableThread.java:135)
kafka-1-1  | 2026-09-21T21:59:07.907776502Z [2026-09-21 21:59:07,907] INFO [ReplicaFetcherThread-0-2]: Stopped (kafka.server.ReplicaFetcherThread)
kafka-1-1  | 2026-09-21T21:59:07.907777902Z [2026-09-21 21:59:07,907] INFO [ReplicaFetcherThread-0-2]: Shutdown completed (kafka.server.ReplicaFetcherThread)
kafka-1-1  | 2026-09-21T21:59:07.911573045Z [2026-09-21 21:59:07,911] INFO [GroupCoordinator 1]: Elected as the group coordinator for partition 15 in epoch 1 (kafka.coordinator.group.GroupCoordinator)
kafka-1-1  | 2026-09-21T21:59:07.911604548Z [2026-09-21 21:59:07,911] INFO [GroupMetadataManager brokerId=1] Scheduling loading of offsets and group metadata from __consumer_offsets-15 for epoch 1 (kafka.coordinator.group.GroupMetadataManager)
kafka-1-1  | 2026-09-21T21:59:07.912753152Z [2026-09-21 21:59:07,911] INFO [GroupCoordinator 1]: Elected as the group coordinator for partition 14 in epoch 1 (kafka.coordinator.group.GroupCoordinator)
kafka-1-1  | 2026-09-21T21:59:07.912767653Z [2026-09-21 21:59:07,911] INFO [GroupMetadataManager brokerId=1] Scheduling loading of offsets and group metadata from __consumer_offsets-14 for epoch 1 (kafka.coordinator.group.GroupMetadataManager)
kafka-1-1  | 2026-09-21T21:59:07.912769653Z [2026-09-21 21:59:07,911] INFO [GroupCoordinator 1]: Elected as the group coordinator for partition 46 in epoch 1 (kafka.coordinator.group.GroupCoordinator)
kafka-1-1  | 2026-09-21T21:59:07.912771153Z [2026-09-21 21:59:07,911] INFO [GroupMetadataManager brokerId=1] Scheduling loading of offsets and group metadata from __consumer_offsets-46 for epoch 1 (kafka.coordinator.group.GroupMetadataManager)
kafka-1-1  | 2026-09-21T21:59:07.912779654Z [2026-09-21 21:59:07,911] INFO [GroupCoordinator 1]: Elected as the group coordinator for partition 27 in epoch 1 (kafka.coordinator.group.GroupCoordinator)
kafka-1-1  | 2026-09-21T21:59:07.912781354Z [2026-09-21 21:59:07,911] INFO [GroupMetadataManager brokerId=1] Scheduling loading of offsets and group metadata from __consumer_offsets-27 for epoch 1 (kafka.coordinator.group.GroupMetadataManager)
kafka-1-1  | 2026-09-21T21:59:07.912782754Z [2026-09-21 21:59:07,911] INFO [GroupCoordinator 1]: Elected as the group coordinator for partition 26 in epoch 1 (kafka.coordinator.group.GroupCoordinator)
kafka-1-1  | 2026-09-21T21:59:07.912784055Z [2026-09-21 21:59:07,911] INFO [GroupMetadataManager brokerId=1] Scheduling loading of offsets and group metadata from __consumer_offsets-26 for epoch 1 (kafka.coordinator.group.GroupMetadataManager)
kafka-1-1  | 2026-09-21T21:59:07.912785455Z [2026-09-21 21:59:07,911] INFO [GroupCoordinator 1]: Elected as the group coordinator for partition 7 in epoch 1 (kafka.coordinator.group.GroupCoordinator)
kafka-1-1  | 2026-09-21T21:59:07.912786755Z [2026-09-21 21:59:07,911] INFO [GroupMetadataManager brokerId=1] Scheduling loading of offsets and group metadata from __consumer_offsets-7 for epoch 1 (kafka.coordinator.group.GroupMetadataManager)
kafka-1-1  | 2026-09-21T21:59:07.912788155Z [2026-09-21 21:59:07,911] INFO [GroupCoordinator 1]: Resigned as the group coordinator for partition 48 in epoch OptionalInt[1] (kafka.coordinator.group.GroupCoordinator)
kafka-1-1  | 2026-09-21T21:59:07.912790255Z [2026-09-21 21:59:07,911] INFO [GroupMetadataManager brokerId=1] Scheduling unloading of offsets and group metadata from __consumer_offsets-48 (kafka.coordinator.group.GroupMetadataManager)
kafka-1-1  | 2026-09-21T21:59:07.912791655Z [2026-09-21 21:59:07,911] INFO [GroupCoordinator 1]: Resigned as the group coordinator for partition 13 in epoch OptionalInt[0] (kafka.coordinator.group.GroupCoordinator)
kafka-1-1  | 2026-09-21T21:59:07.912795156Z [2026-09-21 21:59:07,911] INFO [GroupMetadataManager brokerId=1] Scheduling unloading of offsets and group metadata from __consumer_offsets-13 (kafka.coordinator.group.GroupMetadataManager)
kafka-1-1  | 2026-09-21T21:59:07.912796556Z [2026-09-21 21:59:07,911] INFO [GroupCoordinator 1]: Resigned as the group coordinator for partition 11 in epoch OptionalInt[0] (kafka.coordinator.group.GroupCoordinator)
kafka-1-1  | 2026-09-21T21:59:07.912797956Z [2026-09-21 21:59:07,911] INFO [GroupMetadataManager brokerId=1] Scheduling unloading of offsets and group metadata from __consumer_offsets-11 (kafka.coordinator.group.GroupMetadataManager)
kafka-1-1  | 2026-09-21T21:59:07.912799356Z [2026-09-21 21:59:07,911] INFO [GroupCoordinator 1]: Resigned as the group coordinator for partition 42 in epoch OptionalInt[1] (kafka.coordinator.group.GroupCoordinator)
kafka-1-1  | 2026-09-21T21:59:07.912825758Z [2026-09-21 21:59:07,911] INFO [GroupMetadataManager brokerId=1] Scheduling unloading of offsets and group metadata from __consumer_offsets-42 (kafka.coordinator.group.GroupMetadataManager)
kafka-1-1  | 2026-09-21T21:59:07.912836759Z [2026-09-21 21:59:07,911] INFO [GroupCoordinator 1]: Resigned as the group coordinator for partition 21 in epoch OptionalInt[1] (kafka.coordinator.group.GroupCoordinator)
kafka-1-1  | 2026-09-21T21:59:07.912838560Z [2026-09-21 21:59:07,911] INFO [GroupMetadataManager brokerId=1] Scheduling unloading of offsets and group metadata from __consumer_offsets-21 (kafka.coordinator.group.GroupMetadataManager)
kafka-1-1  | 2026-09-21T21:59:07.912844260Z [2026-09-21 21:59:07,911] INFO [GroupCoordinator 1]: Resigned as the group coordinator for partition 17 in epoch OptionalInt[0] (kafka.coordinator.group.GroupCoordinator)
kafka-1-1  | 2026-09-21T21:59:07.912845760Z [2026-09-21 21:59:07,911] INFO [GroupMetadataManager brokerId=1] Scheduling unloading of offsets and group metadata from __consumer_offsets-17 (kafka.coordinator.group.GroupMetadataManager)
kafka-1-1  | 2026-09-21T21:59:07.912847560Z [2026-09-21 21:59:07,911] INFO [GroupCoordinator 1]: Resigned as the group coordinator for partition 30 in epoch OptionalInt[1] (kafka.coordinator.group.GroupCoordinator)
kafka-1-1  | 2026-09-21T21:59:07.912848960Z [2026-09-21 21:59:07,911] INFO [GroupMetadataManager brokerId=1] Scheduling unloading of offsets and group metadata from __consumer_offsets-30 (kafka.coordinator.group.GroupMetadataManager)
kafka-1-1  | 2026-09-21T21:59:07.912850361Z [2026-09-21 21:59:07,911] INFO [GroupCoordinator 1]: Resigned as the group coordinator for partition 38 in epoch OptionalInt[0] (kafka.coordinator.group.GroupCoordinator)
kafka-1-1  | 2026-09-21T21:59:07.912851661Z [2026-09-21 21:59:07,911] INFO [GroupMetadataManager brokerId=1] Scheduling unloading of offsets and group metadata from __consumer_offsets-38 (kafka.coordinator.group.GroupMetadataManager)
kafka-1-1  | 2026-09-21T21:59:07.912853061Z [2026-09-21 21:59:07,911] INFO [GroupCoordinator 1]: Resigned as the group coordinator for partition 3 in epoch OptionalInt[1] (kafka.coordinator.group.GroupCoordinator)
kafka-1-1  | 2026-09-21T21:59:07.912854461Z [2026-09-21 21:59:07,911] INFO [GroupMetadataManager brokerId=1] Scheduling unloading of offsets and group metadata from __consumer_offsets-3 (kafka.coordinator.group.GroupMetadataManager)
kafka-1-1  | 2026-09-21T21:59:07.912855761Z [2026-09-21 21:59:07,911] INFO [GroupCoordinator 1]: Resigned as the group coordinator for partition 1 in epoch OptionalInt[1] (kafka.coordinator.group.GroupCoordinator)
kafka-1-1  | 2026-09-21T21:59:07.912857161Z [2026-09-21 21:59:07,911] INFO [GroupMetadataManager brokerId=1] Scheduling unloading of offsets and group metadata from __consumer_offsets-1 (kafka.coordinator.group.GroupMetadataManager)
kafka-1-1  | 2026-09-21T21:59:07.912858461Z [2026-09-21 21:59:07,912] INFO [GroupCoordinator 1]: Resigned as the group coordinator for partition 45 in epoch OptionalInt[0] (kafka.coordinator.group.GroupCoordinator)
kafka-1-1  | 2026-09-21T21:59:07.912859761Z [2026-09-21 21:59:07,912] INFO [GroupMetadataManager brokerId=1] Scheduling unloading of offsets and group metadata from __consumer_offsets-45 (kafka.coordinator.group.GroupMetadataManager)
kafka-1-1  | 2026-09-21T21:59:07.912861262Z [2026-09-21 21:59:07,912] INFO [GroupCoordinator 1]: Resigned as the group coordinator for partition 43 in epoch OptionalInt[0] (kafka.coordinator.group.GroupCoordinator)
kafka-1-1  | 2026-09-21T21:59:07.912862562Z [2026-09-21 21:59:07,912] INFO [GroupMetadataManager brokerId=1] Scheduling unloading of offsets and group metadata from __consumer_offsets-43 (kafka.coordinator.group.GroupMetadataManager)
kafka-1-1  | 2026-09-21T21:59:07.912864362Z [2026-09-21 21:59:07,912] INFO [GroupCoordinator 1]: Resigned as the group coordinator for partition 41 in epoch OptionalInt[1] (kafka.coordinator.group.GroupCoordinator)
kafka-1-1  | 2026-09-21T21:59:07.912865762Z [2026-09-21 21:59:07,912] INFO [GroupMetadataManager brokerId=1] Scheduling unloading of offsets and group metadata from __consumer_offsets-41 (kafka.coordinator.group.GroupMetadataManager)
kafka-1-1  | 2026-09-21T21:59:07.912872063Z [2026-09-21 21:59:07,912] INFO [GroupCoordinator 1]: Resigned as the group coordinator for partition 10 in epoch OptionalInt[1] (kafka.coordinator.group.GroupCoordinator)
kafka-1-1  | 2026-09-21T21:59:07.912873563Z [2026-09-21 21:59:07,912] INFO [GroupMetadataManager brokerId=1] Scheduling unloading of offsets and group metadata from __consumer_offsets-10 (kafka.coordinator.group.GroupMetadataManager)
kafka-1-1  | 2026-09-21T21:59:07.912875063Z [2026-09-21 21:59:07,912] INFO [GroupCoordinator 1]: Resigned as the group coordinator for partition 22 in epoch OptionalInt[0] (kafka.coordinator.group.GroupCoordinator)
kafka-1-1  | 2026-09-21T21:59:07.912876463Z [2026-09-21 21:59:07,912] INFO [GroupMetadataManager brokerId=1] Scheduling unloading of offsets and group metadata from __consumer_offsets-22 (kafka.coordinator.group.GroupMetadataManager)
kafka-1-1  | 2026-09-21T21:59:07.912877863Z [2026-09-21 21:59:07,912] INFO [GroupCoordinator 1]: Resigned as the group coordinator for partition 20 in epoch OptionalInt[1] (kafka.coordinator.group.GroupCoordinator)
kafka-1-1  | 2026-09-21T21:59:07.912879163Z [2026-09-21 21:59:07,912] INFO [GroupMetadataManager brokerId=1] Scheduling unloading of offsets and group metadata from __consumer_offsets-20 (kafka.coordinator.group.GroupMetadataManager)
kafka-1-1  | 2026-09-21T21:59:07.912880463Z [2026-09-21 21:59:07,912] INFO [GroupCoordinator 1]: Resigned as the group coordinator for partition 49 in epoch OptionalInt[0] (kafka.coordinator.group.GroupCoordinator)
kafka-1-1  | 2026-09-21T21:59:07.912881863Z [2026-09-21 21:59:07,912] INFO [GroupMetadataManager brokerId=1] Scheduling unloading of offsets and group metadata from __consumer_offsets-49 (kafka.coordinator.group.GroupMetadataManager)
kafka-1-1  | 2026-09-21T21:59:07.912883164Z [2026-09-21 21:59:07,912] INFO [GroupCoordinator 1]: Resigned as the group coordinator for partition 18 in epoch OptionalInt[0] (kafka.coordinator.group.GroupCoordinator)
kafka-1-1  | 2026-09-21T21:59:07.912884664Z [2026-09-21 21:59:07,912] INFO [GroupMetadataManager brokerId=1] Scheduling unloading of offsets and group metadata from __consumer_offsets-18 (kafka.coordinator.group.GroupMetadataManager)
kafka-1-1  | 2026-09-21T21:59:07.912886064Z [2026-09-21 21:59:07,912] INFO [GroupCoordinator 1]: Resigned as the group coordinator for partition 31 in epoch OptionalInt[0] (kafka.coordinator.group.GroupCoordinator)
kafka-1-1  | 2026-09-21T21:59:07.912887464Z [2026-09-21 21:59:07,912] INFO [GroupMetadataManager brokerId=1] Scheduling unloading of offsets and group metadata from __consumer_offsets-31 (kafka.coordinator.group.GroupMetadataManager)
kafka-1-1  | 2026-09-21T21:59:07.912888864Z [2026-09-21 21:59:07,912] INFO [GroupCoordinator 1]: Resigned as the group coordinator for partition 29 in epoch OptionalInt[0] (kafka.coordinator.group.GroupCoordinator)
kafka-1-1  | 2026-09-21T21:59:07.912890164Z [2026-09-21 21:59:07,912] INFO [GroupMetadataManager brokerId=1] Scheduling unloading of offsets and group metadata from __consumer_offsets-29 (kafka.coordinator.group.GroupMetadataManager)
kafka-1-1  | 2026-09-21T21:59:07.912891564Z [2026-09-21 21:59:07,912] INFO [GroupCoordinator 1]: Resigned as the group coordinator for partition 25 in epoch OptionalInt[0] (kafka.coordinator.group.GroupCoordinator)
kafka-1-1  | 2026-09-21T21:59:07.912892864Z [2026-09-21 21:59:07,912] INFO [GroupMetadataManager brokerId=1] Scheduling unloading of offsets and group metadata from __consumer_offsets-25 (kafka.coordinator.group.GroupMetadataManager)
kafka-1-1  | 2026-09-21T21:59:07.912894265Z [2026-09-21 21:59:07,912] INFO [GroupCoordinator 1]: Resigned as the group coordinator for partition 39 in epoch OptionalInt[0] (kafka.coordinator.group.GroupCoordinator)
kafka-1-1  | 2026-09-21T21:59:07.912899465Z [2026-09-21 21:59:07,912] INFO [GroupMetadataManager brokerId=1] Scheduling unloading of offsets and group metadata from __consumer_offsets-39 (kafka.coordinator.group.GroupMetadataManager)
kafka-1-1  | 2026-09-21T21:59:07.912901065Z [2026-09-21 21:59:07,912] INFO [GroupCoordinator 1]: Resigned as the group coordinator for partition 37 in epoch OptionalInt[1] (kafka.coordinator.group.GroupCoordinator)
kafka-1-1  | 2026-09-21T21:59:07.912902365Z [2026-09-21 21:59:07,912] INFO [GroupMetadataManager brokerId=1] Scheduling unloading of offsets and group metadata from __consumer_offsets-37 (kafka.coordinator.group.GroupMetadataManager)
kafka-1-1  | 2026-09-21T21:59:07.912904065Z [2026-09-21 21:59:07,912] INFO [GroupCoordinator 1]: Resigned as the group coordinator for partition 6 in epoch OptionalInt[0] (kafka.coordinator.group.GroupCoordinator)
kafka-1-1  | 2026-09-21T21:59:07.912905466Z [2026-09-21 21:59:07,912] INFO [GroupMetadataManager brokerId=1] Scheduling unloading of offsets and group metadata from __consumer_offsets-6 (kafka.coordinator.group.GroupMetadataManager)
kafka-1-1  | 2026-09-21T21:59:07.912906866Z [2026-09-21 21:59:07,912] INFO [GroupCoordinator 1]: Resigned as the group coordinator for partition 35 in epoch OptionalInt[1] (kafka.coordinator.group.GroupCoordinator)
kafka-1-1  | 2026-09-21T21:59:07.912908166Z [2026-09-21 21:59:07,912] INFO [GroupMetadataManager brokerId=1] Scheduling unloading of offsets and group metadata from __consumer_offsets-35 (kafka.coordinator.group.GroupMetadataManager)
kafka-1-1  | 2026-09-21T21:59:07.912909566Z [2026-09-21 21:59:07,912] INFO [GroupCoordinator 1]: Resigned as the group coordinator for partition 4 in epoch OptionalInt[0] (kafka.coordinator.group.GroupCoordinator)
kafka-1-1  | 2026-09-21T21:59:07.912910866Z [2026-09-21 21:59:07,912] INFO [GroupMetadataManager brokerId=1] Scheduling unloading of offsets and group metadata from __consumer_offsets-4 (kafka.coordinator.group.GroupMetadataManager)
kafka-1-1  | 2026-09-21T21:59:07.912912166Z [2026-09-21 21:59:07,912] INFO [GroupCoordinator 1]: Resigned as the group coordinator for partition 33 in epoch OptionalInt[0] (kafka.coordinator.group.GroupCoordinator)
kafka-1-1  | 2026-09-21T21:59:07.912913466Z [2026-09-21 21:59:07,912] INFO [GroupMetadataManager brokerId=1] Scheduling unloading of offsets and group metadata from __consumer_offsets-33 (kafka.coordinator.group.GroupMetadataManager)
kafka-1-1  | 2026-09-21T21:59:07.912914966Z [2026-09-21 21:59:07,912] INFO [GroupCoordinator 1]: Resigned as the group coordinator for partition 2 in epoch OptionalInt[0] (kafka.coordinator.group.GroupCoordinator)
kafka-1-1  | 2026-09-21T21:59:07.912916267Z [2026-09-21 21:59:07,912] INFO [GroupMetadataManager brokerId=1] Scheduling unloading of offsets and group metadata from __consumer_offsets-2 (kafka.coordinator.group.GroupMetadataManager)
kafka-1-1  | 2026-09-21T21:59:07.917189253Z [2026-09-21 21:59:07,911] INFO [GroupMetadataManager brokerId=1] Finished loading offsets and group metadata from __consumer_offsets-15 in 0 milliseconds for epoch 1, of which 0 milliseconds was spent in the scheduler. (kafka.coordinator.group.GroupMetadataManager)
kafka-1-1  | 2026-09-21T21:59:07.917302863Z [2026-09-21 21:59:07,917] INFO [GroupMetadataManager brokerId=1] Finished loading offsets and group metadata from __consumer_offsets-14 in 6 milliseconds for epoch 1, of which 6 milliseconds was spent in the scheduler. (kafka.coordinator.group.GroupMetadataManager)
kafka-1-1  | 2026-09-21T21:59:07.917483179Z [2026-09-21 21:59:07,917] INFO [GroupMetadataManager brokerId=1] Finished loading offsets and group metadata from __consumer_offsets-46 in 6 milliseconds for epoch 1, of which 6 milliseconds was spent in the scheduler. (kafka.coordinator.group.GroupMetadataManager)
kafka-1-1  | 2026-09-21T21:59:07.917491580Z [2026-09-21 21:59:07,917] INFO [GroupMetadataManager brokerId=1] Finished loading offsets and group metadata from __consumer_offsets-27 in 6 milliseconds for epoch 1, of which 6 milliseconds was spent in the scheduler. (kafka.coordinator.group.GroupMetadataManager)
kafka-1-1  | 2026-09-21T21:59:07.917751803Z [2026-09-21 21:59:07,917] INFO [GroupMetadataManager brokerId=1] Finished loading offsets and group metadata from __consumer_offsets-26 in 6 milliseconds for epoch 1, of which 6 milliseconds was spent in the scheduler. (kafka.coordinator.group.GroupMetadataManager)
kafka-1-1  | 2026-09-21T21:59:07.917819310Z [2026-09-21 21:59:07,917] INFO [GroupMetadataManager brokerId=1] Finished loading offsets and group metadata from __consumer_offsets-7 in 6 milliseconds for epoch 1, of which 6 milliseconds was spent in the scheduler. (kafka.coordinator.group.GroupMetadataManager)
kafka-1-1  | 2026-09-21T21:59:07.917821710Z [2026-09-21 21:59:07,917] INFO [GroupMetadataManager brokerId=1] Finished unloading __consumer_offsets-48 for coordinator epoch OptionalInt[1]. Removed 0 cached offsets and 0 cached groups. (kafka.coordinator.group.GroupMetadataManager)
kafka-1-1  | 2026-09-21T21:59:07.917823410Z [2026-09-21 21:59:07,917] INFO [GroupMetadataManager brokerId=1] Finished unloading __consumer_offsets-13 for coordinator epoch OptionalInt[0]. Removed 0 cached offsets and 0 cached groups. (kafka.coordinator.group.GroupMetadataManager)
kafka-1-1  | 2026-09-21T21:59:07.917840311Z [2026-09-21 21:59:07,917] INFO [GroupMetadataManager brokerId=1] Finished unloading __consumer_offsets-11 for coordinator epoch OptionalInt[0]. Removed 0 cached offsets and 0 cached groups. (kafka.coordinator.group.GroupMetadataManager)
kafka-1-1  | 2026-09-21T21:59:07.917843312Z [2026-09-21 21:59:07,917] INFO [GroupMetadataManager brokerId=1] Finished unloading __consumer_offsets-42 for coordinator epoch OptionalInt[1]. Removed 0 cached offsets and 0 cached groups. (kafka.coordinator.group.GroupMetadataManager)
kafka-1-1  | 2026-09-21T21:59:07.917844912Z [2026-09-21 21:59:07,917] INFO [GroupMetadataManager brokerId=1] Finished unloading __consumer_offsets-21 for coordinator epoch OptionalInt[1]. Removed 0 cached offsets and 0 cached groups. (kafka.coordinator.group.GroupMetadataManager)
kafka-1-1  | 2026-09-21T21:59:07.917850712Z [2026-09-21 21:59:07,917] INFO [GroupMetadataManager brokerId=1] Finished unloading __consumer_offsets-17 for coordinator epoch OptionalInt[0]. Removed 0 cached offsets and 0 cached groups. (kafka.coordinator.group.GroupMetadataManager)
kafka-1-1  | 2026-09-21T21:59:07.917993425Z [2026-09-21 21:59:07,917] INFO [GroupMetadataManager brokerId=1] Finished unloading __consumer_offsets-30 for coordinator epoch OptionalInt[1]. Removed 0 cached offsets and 0 cached groups. (kafka.coordinator.group.GroupMetadataManager)
kafka-1-1  | 2026-09-21T21:59:07.918139138Z [2026-09-21 21:59:07,917] INFO [GroupMetadataManager brokerId=1] Finished unloading __consumer_offsets-38 for coordinator epoch OptionalInt[0]. Removed 0 cached offsets and 0 cached groups. (kafka.coordinator.group.GroupMetadataManager)
kafka-1-1  | 2026-09-21T21:59:07.918146839Z [2026-09-21 21:59:07,918] INFO [GroupMetadataManager brokerId=1] Finished unloading __consumer_offsets-3 for coordinator epoch OptionalInt[1]. Removed 0 cached offsets and 0 cached groups. (kafka.coordinator.group.GroupMetadataManager)
kafka-1-1  | 2026-09-21T21:59:07.918156940Z [2026-09-21 21:59:07,918] INFO [GroupMetadataManager brokerId=1] Finished unloading __consumer_offsets-1 for coordinator epoch OptionalInt[1]. Removed 0 cached offsets and 0 cached groups. (kafka.coordinator.group.GroupMetadataManager)
kafka-1-1  | 2026-09-21T21:59:07.918158840Z [2026-09-21 21:59:07,918] INFO [GroupMetadataManager brokerId=1] Finished unloading __consumer_offsets-45 for coordinator epoch OptionalInt[0]. Removed 0 cached offsets and 0 cached groups. (kafka.coordinator.group.GroupMetadataManager)
kafka-1-1  | 2026-09-21T21:59:07.918160340Z [2026-09-21 21:59:07,918] INFO [GroupMetadataManager brokerId=1] Finished unloading __consumer_offsets-43 for coordinator epoch OptionalInt[0]. Removed 0 cached offsets and 0 cached groups. (kafka.coordinator.group.GroupMetadataManager)
kafka-1-1  | 2026-09-21T21:59:07.918161840Z [2026-09-21 21:59:07,918] INFO [GroupMetadataManager brokerId=1] Finished unloading __consumer_offsets-41 for coordinator epoch OptionalInt[1]. Removed 0 cached offsets and 0 cached groups. (kafka.coordinator.group.GroupMetadataManager)
kafka-1-1  | 2026-09-21T21:59:07.918185243Z [2026-09-21 21:59:07,918] INFO [GroupMetadataManager brokerId=1] Finished unloading __consumer_offsets-10 for coordinator epoch OptionalInt[1]. Removed 0 cached offsets and 0 cached groups. (kafka.coordinator.group.GroupMetadataManager)
kafka-1-1  | 2026-09-21T21:59:07.918210345Z [2026-09-21 21:59:07,918] INFO [GroupMetadataManager brokerId=1] Finished unloading __consumer_offsets-22 for coordinator epoch OptionalInt[0]. Removed 0 cached offsets and 0 cached groups. (kafka.coordinator.group.GroupMetadataManager)
kafka-1-1  | 2026-09-21T21:59:07.918213245Z [2026-09-21 21:59:07,918] INFO [GroupMetadataManager brokerId=1] Finished unloading __consumer_offsets-20 for coordinator epoch OptionalInt[1]. Removed 0 cached offsets and 0 cached groups. (kafka.coordinator.group.GroupMetadataManager)
kafka-1-1  | 2026-09-21T21:59:07.918214845Z [2026-09-21 21:59:07,918] INFO [GroupMetadataManager brokerId=1] Finished unloading __consumer_offsets-49 for coordinator epoch OptionalInt[0]. Removed 0 cached offsets and 0 cached groups. (kafka.coordinator.group.GroupMetadataManager)
kafka-1-1  | 2026-09-21T21:59:07.918227146Z [2026-09-21 21:59:07,918] INFO [GroupMetadataManager brokerId=1] Finished unloading __consumer_offsets-18 for coordinator epoch OptionalInt[0]. Removed 0 cached offsets and 0 cached groups. (kafka.coordinator.group.GroupMetadataManager)
kafka-1-1  | 2026-09-21T21:59:07.918238147Z [2026-09-21 21:59:07,918] INFO [GroupMetadataManager brokerId=1] Finished unloading __consumer_offsets-31 for coordinator epoch OptionalInt[0]. Removed 0 cached offsets and 0 cached groups. (kafka.coordinator.group.GroupMetadataManager)
kafka-1-1  | 2026-09-21T21:59:07.918251049Z [2026-09-21 21:59:07,918] INFO [GroupMetadataManager brokerId=1] Finished unloading __consumer_offsets-29 for coordinator epoch OptionalInt[0]. Removed 0 cached offsets and 0 cached groups. (kafka.coordinator.group.GroupMetadataManager)
kafka-1-1  | 2026-09-21T21:59:07.918273151Z [2026-09-21 21:59:07,918] INFO [GroupMetadataManager brokerId=1] Finished unloading __consumer_offsets-25 for coordinator epoch OptionalInt[0]. Removed 0 cached offsets and 0 cached groups. (kafka.coordinator.group.GroupMetadataManager)
kafka-1-1  | 2026-09-21T21:59:07.918293352Z [2026-09-21 21:59:07,918] INFO [GroupMetadataManager brokerId=1] Finished unloading __consumer_offsets-39 for coordinator epoch OptionalInt[0]. Removed 0 cached offsets and 0 cached groups. (kafka.coordinator.group.GroupMetadataManager)
kafka-1-1  | 2026-09-21T21:59:07.919221436Z [2026-09-21 21:59:07,918] INFO [GroupMetadataManager brokerId=1] Finished unloading __consumer_offsets-37 for coordinator epoch OptionalInt[1]. Removed 0 cached offsets and 0 cached groups. (kafka.coordinator.group.GroupMetadataManager)
kafka-1-1  | 2026-09-21T21:59:07.919245138Z [2026-09-21 21:59:07,918] INFO [GroupMetadataManager brokerId=1] Finished unloading __consumer_offsets-6 for coordinator epoch OptionalInt[0]. Removed 0 cached offsets and 0 cached groups. (kafka.coordinator.group.GroupMetadataManager)
kafka-1-1  | 2026-09-21T21:59:07.919247039Z [2026-09-21 21:59:07,918] INFO [GroupMetadataManager brokerId=1] Finished unloading __consumer_offsets-35 for coordinator epoch OptionalInt[1]. Removed 0 cached offsets and 0 cached groups. (kafka.coordinator.group.GroupMetadataManager)
kafka-1-1  | 2026-09-21T21:59:07.919248439Z [2026-09-21 21:59:07,918] INFO [GroupMetadataManager brokerId=1] Finished unloading __consumer_offsets-4 for coordinator epoch OptionalInt[0]. Removed 0 cached offsets and 0 cached groups. (kafka.coordinator.group.GroupMetadataManager)
kafka-1-1  | 2026-09-21T21:59:07.919250439Z [2026-09-21 21:59:07,918] INFO [GroupMetadataManager brokerId=1] Finished unloading __consumer_offsets-33 for coordinator epoch OptionalInt[0]. Removed 0 cached offsets and 0 cached groups. (kafka.coordinator.group.GroupMetadataManager)
kafka-1-1  | 2026-09-21T21:59:07.919251939Z [2026-09-21 21:59:07,918] INFO [GroupMetadataManager brokerId=1] Finished unloading __consumer_offsets-2 for coordinator epoch OptionalInt[0]. Removed 0 cached offsets and 0 cached groups. (kafka.coordinator.group.GroupMetadataManager)
kafka-1-1  | 2026-09-21T21:59:08.362651402Z [2026-09-21 21:59:08,362] INFO [ReplicaFetcher replicaId=1, leaderId=3, fetcherId=0] Truncating partition __consumer_offsets-48 with TruncationState(offset=0, completed=true) due to local high watermark 0 (kafka.server.ReplicaFetcherThread)
kafka-1-1  | 2026-09-21T21:59:08.362670404Z [2026-09-21 21:59:08,362] INFO [UnifiedLog partition=__consumer_offsets-48, dir=/tmp/kafka-logs] Truncating to 0 has no effect as the largest offset in the log is -1 (kafka.log.UnifiedLog)
kafka-1-1  | 2026-09-21T21:59:08.362741310Z [2026-09-21 21:59:08,362] INFO [ReplicaFetcher replicaId=1, leaderId=3, fetcherId=0] Truncating partition __consumer_offsets-41 with TruncationState(offset=0, completed=true) due to local high watermark 0 (kafka.server.ReplicaFetcherThread)
kafka-1-1  | 2026-09-21T21:59:08.362747111Z [2026-09-21 21:59:08,362] INFO [UnifiedLog partition=__consumer_offsets-41, dir=/tmp/kafka-logs] Truncating to 0 has no effect as the largest offset in the log is -1 (kafka.log.UnifiedLog)
kafka-1-1  | 2026-09-21T21:59:08.362990333Z [2026-09-21 21:59:08,362] INFO [ReplicaFetcher replicaId=1, leaderId=3, fetcherId=0] Truncating partition __consumer_offsets-42 with TruncationState(offset=0, completed=true) due to local high watermark 0 (kafka.server.ReplicaFetcherThread)
kafka-1-1  | 2026-09-21T21:59:08.363019735Z [2026-09-21 21:59:08,362] INFO [UnifiedLog partition=__consumer_offsets-42, dir=/tmp/kafka-logs] Truncating to 0 has no effect as the largest offset in the log is -1 (kafka.log.UnifiedLog)
kafka-1-1  | 2026-09-21T21:59:08.363022336Z [2026-09-21 21:59:08,362] INFO [ReplicaFetcher replicaId=1, leaderId=3, fetcherId=0] Truncating partition __consumer_offsets-10 with TruncationState(offset=0, completed=true) due to local high watermark 0 (kafka.server.ReplicaFetcherThread)
kafka-1-1  | 2026-09-21T21:59:08.363026736Z [2026-09-21 21:59:08,362] INFO [UnifiedLog partition=__consumer_offsets-10, dir=/tmp/kafka-logs] Truncating to 0 has no effect as the largest offset in the log is -1 (kafka.log.UnifiedLog)
kafka-1-1  | 2026-09-21T21:59:08.363030436Z [2026-09-21 21:59:08,362] INFO [ReplicaFetcher replicaId=1, leaderId=3, fetcherId=0] Truncating partition __consumer_offsets-21 with TruncationState(offset=0, completed=true) due to local high watermark 0 (kafka.server.ReplicaFetcherThread)
kafka-1-1  | 2026-09-21T21:59:08.363252556Z [2026-09-21 21:59:08,363] INFO [UnifiedLog partition=__consumer_offsets-21, dir=/tmp/kafka-logs] Truncating to 0 has no effect as the largest offset in the log is -1 (kafka.log.UnifiedLog)
kafka-1-1  | 2026-09-21T21:59:08.363278359Z [2026-09-21 21:59:08,363] INFO [ReplicaFetcher replicaId=1, leaderId=3, fetcherId=0] Truncating partition __consumer_offsets-20 with TruncationState(offset=0, completed=true) due to local high watermark 0 (kafka.server.ReplicaFetcherThread)
kafka-1-1  | 2026-09-21T21:59:08.363280359Z [2026-09-21 21:59:08,363] INFO [UnifiedLog partition=__consumer_offsets-20, dir=/tmp/kafka-logs] Truncating to 0 has no effect as the largest offset in the log is -1 (kafka.log.UnifiedLog)
kafka-1-1  | 2026-09-21T21:59:08.363281959Z [2026-09-21 21:59:08,363] INFO [ReplicaFetcher replicaId=1, leaderId=3, fetcherId=0] Truncating partition dados-sensores-5 with TruncationState(offset=0, completed=true) due to local high watermark 0 (kafka.server.ReplicaFetcherThread)
kafka-1-1  | 2026-09-21T21:59:08.363508580Z [2026-09-21 21:59:08,363] INFO [UnifiedLog partition=dados-sensores-5, dir=/tmp/kafka-logs] Truncating to 0 has no effect as the largest offset in the log is -1 (kafka.log.UnifiedLog)
kafka-1-1  | 2026-09-21T21:59:08.363538482Z [2026-09-21 21:59:08,363] INFO [ReplicaFetcher replicaId=1, leaderId=3, fetcherId=0] Truncating partition __consumer_offsets-30 with TruncationState(offset=0, completed=true) due to local high watermark 0 (kafka.server.ReplicaFetcherThread)
kafka-1-1  | 2026-09-21T21:59:08.363540583Z [2026-09-21 21:59:08,363] INFO [UnifiedLog partition=__consumer_offsets-30, dir=/tmp/kafka-logs] Truncating to 0 has no effect as the largest offset in the log is -1 (kafka.log.UnifiedLog)
kafka-1-1  | 2026-09-21T21:59:08.363724299Z [2026-09-21 21:59:08,363] INFO [ReplicaFetcher replicaId=1, leaderId=3, fetcherId=0] Truncating partition __consumer_offsets-37 with TruncationState(offset=0, completed=true) due to local high watermark 0 (kafka.server.ReplicaFetcherThread)
kafka-1-1  | 2026-09-21T21:59:08.363751702Z [2026-09-21 21:59:08,363] INFO [UnifiedLog partition=__consumer_offsets-37, dir=/tmp/kafka-logs] Truncating to 0 has no effect as the largest offset in the log is -1 (kafka.log.UnifiedLog)
kafka-1-1  | 2026-09-21T21:59:08.363753602Z [2026-09-21 21:59:08,363] INFO [ReplicaFetcher replicaId=1, leaderId=3, fetcherId=0] Truncating partition __consumer_offsets-35 with TruncationState(offset=0, completed=true) due to local high watermark 0 (kafka.server.ReplicaFetcherThread)
kafka-1-1  | 2026-09-21T21:59:08.363884814Z [2026-09-21 21:59:08,363] INFO [UnifiedLog partition=__consumer_offsets-35, dir=/tmp/kafka-logs] Truncating to 0 has no effect as the largest offset in the log is -1 (kafka.log.UnifiedLog)
kafka-1-1  | 2026-09-21T21:59:08.363892714Z [2026-09-21 21:59:08,363] INFO [ReplicaFetcher replicaId=1, leaderId=3, fetcherId=0] Truncating partition __consumer_offsets-3 with TruncationState(offset=0, completed=true) due to local high watermark 0 (kafka.server.ReplicaFetcherThread)
kafka-1-1  | 2026-09-21T21:59:08.363894715Z [2026-09-21 21:59:08,363] INFO [UnifiedLog partition=__consumer_offsets-3, dir=/tmp/kafka-logs] Truncating to 0 has no effect as the largest offset in the log is -1 (kafka.log.UnifiedLog)
kafka-1-1  | 2026-09-21T21:59:08.364126936Z [2026-09-21 21:59:08,363] INFO [ReplicaFetcher replicaId=1, leaderId=3, fetcherId=0] Truncating partition __consumer_offsets-1 with TruncationState(offset=0, completed=true) due to local high watermark 0 (kafka.server.ReplicaFetcherThread)
kafka-1-1  | 2026-09-21T21:59:08.364142137Z [2026-09-21 21:59:08,363] INFO [UnifiedLog partition=__consumer_offsets-1, dir=/tmp/kafka-logs] Truncating to 0 has no effect as the largest offset in the log is -1 (kafka.log.UnifiedLog)
kafka-1-1  | 2026-09-21T21:59:08.364153038Z [2026-09-21 21:59:08,364] INFO [ReplicaFetcher replicaId=1, leaderId=3, fetcherId=0] Truncating partition dados-sensores-2 with TruncationState(offset=0, completed=true) due to local high watermark 0 (kafka.server.ReplicaFetcherThread)
kafka-1-1  | 2026-09-21T21:59:08.364155238Z [2026-09-21 21:59:08,364] INFO [UnifiedLog partition=dados-sensores-2, dir=/tmp/kafka-logs] Truncating to 0 has no effect as the largest offset in the log is -1 (kafka.log.UnifiedLog)
kafka-1-1  | 2026-09-21T21:59:31.107736303Z [2026-09-21 21:59:31,106] WARN [NodeToControllerChannelManager id=1 name=forwarding] Error connecting to node kafka-2:9093 (id: 2 rack: null) (org.apache.kafka.clients.NetworkClient)
kafka-1-1  | 2026-09-21T21:59:31.107756805Z java.net.UnknownHostException: kafka-2: Name does not resolve
kafka-1-1  | 2026-09-21T21:59:31.107758905Z 	at java.base/java.net.Inet6AddressImpl.lookupAllHostAddr(Native Method)
kafka-1-1  | 2026-09-21T21:59:31.107760505Z 	at java.base/java.net.Inet6AddressImpl.lookupAllHostAddr(Unknown Source)
kafka-1-1  | 2026-09-21T21:59:31.107761705Z 	at java.base/java.net.InetAddress$PlatformResolver.lookupByName(Unknown Source)
kafka-1-1  | 2026-09-21T21:59:31.107762905Z 	at java.base/java.net.InetAddress.getAddressesFromNameService(Unknown Source)
kafka-1-1  | 2026-09-21T21:59:31.107764106Z 	at java.base/java.net.InetAddress$NameServiceAddresses.get(Unknown Source)
kafka-1-1  | 2026-09-21T21:59:31.107765306Z 	at java.base/java.net.InetAddress.getAllByName0(Unknown Source)
kafka-1-1  | 2026-09-21T21:59:31.107766606Z 	at java.base/java.net.InetAddress.getAllByName(Unknown Source)
kafka-1-1  | 2026-09-21T21:59:31.107767806Z 	at org.apache.kafka.clients.DefaultHostResolver.resolve(DefaultHostResolver.java:27)
kafka-1-1  | 2026-09-21T21:59:31.107769006Z 	at org.apache.kafka.clients.ClientUtils.resolve(ClientUtils.java:124)
kafka-1-1  | 2026-09-21T21:59:31.107770206Z 	at org.apache.kafka.clients.ClusterConnectionStates$NodeConnectionState.resolveAddresses(ClusterConnectionStates.java:536)
kafka-1-1  | 2026-09-21T21:59:31.107771506Z 	at org.apache.kafka.clients.ClusterConnectionStates$NodeConnectionState.currentAddress(ClusterConnectionStates.java:511)
kafka-1-1  | 2026-09-21T21:59:31.107772706Z 	at org.apache.kafka.clients.ClusterConnectionStates$NodeConnectionState.access$200(ClusterConnectionStates.java:466)
kafka-1-1  | 2026-09-21T21:59:31.107773906Z 	at org.apache.kafka.clients.ClusterConnectionStates.currentAddress(ClusterConnectionStates.java:173)
kafka-1-1  | 2026-09-21T21:59:31.107775207Z 	at org.apache.kafka.clients.NetworkClient.initiateConnect(NetworkClient.java:1070)
kafka-1-1  | 2026-09-21T21:59:31.107776407Z 	at org.apache.kafka.clients.NetworkClient.ready(NetworkClient.java:320)
kafka-1-1  | 2026-09-21T21:59:31.107777607Z 	at org.apache.kafka.server.util.InterBrokerSendThread.sendRequests(InterBrokerSendThread.java:145)
kafka-1-1  | 2026-09-21T21:59:31.107778907Z 	at org.apache.kafka.server.util.InterBrokerSendThread.pollOnce(InterBrokerSendThread.java:108)
kafka-1-1  | 2026-09-21T21:59:31.107780107Z 	at kafka.server.NodeToControllerRequestThread.doWork(NodeToControllerChannelManager.scala:375)
kafka-1-1  | 2026-09-21T21:59:31.107791208Z 	at org.apache.kafka.server.util.ShutdownableThread.run(ShutdownableThread.java:135)
kafka-1-1  | 2026-09-21T21:59:31.158281741Z [2026-09-21 21:59:31,157] INFO [broker-1-to-controller-forwarding-channel-manager]: Recorded new KRaft controller, from now on will use node kafka-3:9093 (id: 3 rack: null) (kafka.server.NodeToControllerRequestThread)
kafka-1-1  | 2026-09-21T21:59:36.407963847Z [2026-09-21 21:59:36,407] WARN [NodeToControllerChannelManager id=1 name=alter-partition] Error connecting to node kafka-2:9093 (id: 2 rack: null) (org.apache.kafka.clients.NetworkClient)
kafka-1-1  | 2026-09-21T21:59:36.407984548Z java.net.UnknownHostException: kafka-2
kafka-1-1  | 2026-09-21T21:59:36.407986649Z 	at java.base/java.net.InetAddress$CachedLookup.get(Unknown Source)
kafka-1-1  | 2026-09-21T21:59:36.407988149Z 	at java.base/java.net.InetAddress.getAllByName0(Unknown Source)
kafka-1-1  | 2026-09-21T21:59:36.407989449Z 	at java.base/java.net.InetAddress.getAllByName(Unknown Source)
kafka-1-1  | 2026-09-21T21:59:36.407990649Z 	at org.apache.kafka.clients.DefaultHostResolver.resolve(DefaultHostResolver.java:27)
kafka-1-1  | 2026-09-21T21:59:36.407991949Z 	at org.apache.kafka.clients.ClientUtils.resolve(ClientUtils.java:124)
kafka-1-1  | 2026-09-21T21:59:36.407993349Z 	at org.apache.kafka.clients.ClusterConnectionStates$NodeConnectionState.resolveAddresses(ClusterConnectionStates.java:536)
kafka-1-1  | 2026-09-21T21:59:36.407994649Z 	at org.apache.kafka.clients.ClusterConnectionStates$NodeConnectionState.currentAddress(ClusterConnectionStates.java:511)
kafka-1-1  | 2026-09-21T21:59:36.407995949Z 	at org.apache.kafka.clients.ClusterConnectionStates$NodeConnectionState.access$200(ClusterConnectionStates.java:466)
kafka-1-1  | 2026-09-21T21:59:36.407997250Z 	at org.apache.kafka.clients.ClusterConnectionStates.currentAddress(ClusterConnectionStates.java:173)
kafka-1-1  | 2026-09-21T21:59:36.407998550Z 	at org.apache.kafka.clients.NetworkClient.initiateConnect(NetworkClient.java:1070)
kafka-1-1  | 2026-09-21T21:59:36.407999750Z 	at org.apache.kafka.clients.NetworkClient.ready(NetworkClient.java:320)
kafka-1-1  | 2026-09-21T21:59:36.408001050Z 	at org.apache.kafka.server.util.InterBrokerSendThread.sendRequests(InterBrokerSendThread.java:145)
kafka-1-1  | 2026-09-21T21:59:36.408002350Z 	at org.apache.kafka.server.util.InterBrokerSendThread.pollOnce(InterBrokerSendThread.java:108)
kafka-1-1  | 2026-09-21T21:59:36.408003550Z 	at kafka.server.NodeToControllerRequestThread.doWork(NodeToControllerChannelManager.scala:375)
kafka-1-1  | 2026-09-21T21:59:36.408004850Z 	at org.apache.kafka.server.util.ShutdownableThread.run(ShutdownableThread.java:135)
kafka-1-1  | 2026-09-21T21:59:36.458314291Z [2026-09-21 21:59:36,457] INFO [broker-1-to-controller-alter-partition-channel-manager]: Recorded new KRaft controller, from now on will use node kafka-3:9093 (id: 3 rack: null) (kafka.server.NodeToControllerRequestThread)
kafka-1-1  | 2026-09-21T21:59:36.492568515Z [2026-09-21 21:59:36,492] INFO [GroupCoordinator 1]: Resigned as the group coordinator for partition 48 in epoch OptionalInt[1] (kafka.coordinator.group.GroupCoordinator)
kafka-1-1  | 2026-09-21T21:59:36.492590417Z [2026-09-21 21:59:36,492] INFO [GroupMetadataManager brokerId=1] Scheduling unloading of offsets and group metadata from __consumer_offsets-48 (kafka.coordinator.group.GroupMetadataManager)
kafka-1-1  | 2026-09-21T21:59:36.492757431Z [2026-09-21 21:59:36,492] INFO [GroupMetadataManager brokerId=1] Finished unloading __consumer_offsets-48 for coordinator epoch OptionalInt[1]. Removed 0 cached offsets and 0 cached groups. (kafka.coordinator.group.GroupMetadataManager)
kafka-1-1  | 2026-09-21T21:59:36.498669153Z [2026-09-21 21:59:36,498] INFO [Partition __consumer_offsets-15 broker=1] ISR updated to 1,3,2  and version updated to 2 (kafka.cluster.Partition)
kafka-1-1  | 2026-09-21T21:59:36.534641129Z [2026-09-21 21:59:36,534] INFO [ReplicaFetcherManager on broker 1] Removed fetcher for partitions Set(__consumer_offsets-15) (kafka.server.ReplicaFetcherManager)
kafka-1-1  | 2026-09-21T21:59:36.535417397Z [2026-09-21 21:59:36,535] INFO [Partition __consumer_offsets-46 broker=1] ISR updated to 1,3,2  and version updated to 2 (kafka.cluster.Partition)
kafka-1-1  | 2026-09-21T21:59:36.536509694Z [2026-09-21 21:59:36,535] INFO [Partition __consumer_offsets-44 broker=1] ISR updated to 1,3,2  and version updated to 2 (kafka.cluster.Partition)
kafka-1-1  | 2026-09-21T21:59:36.536521695Z [2026-09-21 21:59:36,535] INFO [Partition __consumer_offsets-9 broker=1] ISR updated to 1,3,2  and version updated to 2 (kafka.cluster.Partition)
kafka-1-1  | 2026-09-21T21:59:36.536523595Z [2026-09-21 21:59:36,535] INFO [Partition __consumer_offsets-23 broker=1] ISR updated to 1,3,2  and version updated to 2 (kafka.cluster.Partition)
kafka-1-1  | 2026-09-21T21:59:36.536524995Z [2026-09-21 21:59:36,535] INFO [Partition __consumer_offsets-19 broker=1] ISR updated to 1,3,2  and version updated to 2 (kafka.cluster.Partition)
kafka-1-1  | 2026-09-21T21:59:36.536526395Z [2026-09-21 21:59:36,535] INFO [Partition dados-sensores-4 broker=1] ISR updated to 1,3,2  and version updated to 2 (kafka.cluster.Partition)
kafka-1-1  | 2026-09-21T21:59:36.536527595Z [2026-09-21 21:59:36,535] INFO [Partition __consumer_offsets-32 broker=1] ISR updated to 1,3,2  and version updated to 2 (kafka.cluster.Partition)
kafka-1-1  | 2026-09-21T21:59:36.536528895Z [2026-09-21 21:59:36,535] INFO [Partition __consumer_offsets-28 broker=1] ISR updated to 1,3,2  and version updated to 2 (kafka.cluster.Partition)
kafka-1-1  | 2026-09-21T21:59:36.536530095Z [2026-09-21 21:59:36,535] INFO [Partition __consumer_offsets-26 broker=1] ISR updated to 1,3,2  and version updated to 2 (kafka.cluster.Partition)
kafka-1-1  | 2026-09-21T21:59:36.536531295Z [2026-09-21 21:59:36,535] INFO [Partition __consumer_offsets-7 broker=1] ISR updated to 1,3,2  and version updated to 2 (kafka.cluster.Partition)
kafka-1-1  | 2026-09-21T21:59:36.536532596Z [2026-09-21 21:59:36,535] INFO [Partition __consumer_offsets-40 broker=1] ISR updated to 1,3,2  and version updated to 2 (kafka.cluster.Partition)
kafka-1-1  | 2026-09-21T21:59:36.536533796Z [2026-09-21 21:59:36,535] INFO [Partition __consumer_offsets-5 broker=1] ISR updated to 1,3,2  and version updated to 2 (kafka.cluster.Partition)
kafka-1-1  | 2026-09-21T21:59:36.536535096Z [2026-09-21 21:59:36,535] INFO [Partition __consumer_offsets-36 broker=1] ISR updated to 1,3,2  and version updated to 2 (kafka.cluster.Partition)
kafka-1-1  | 2026-09-21T21:59:36.536536396Z [2026-09-21 21:59:36,536] INFO [Partition __consumer_offsets-34 broker=1] ISR updated to 1,3,2  and version updated to 2 (kafka.cluster.Partition)
kafka-1-1  | 2026-09-21T21:59:36.536538396Z [2026-09-21 21:59:36,536] INFO [Partition __consumer_offsets-47 broker=1] ISR updated to 1,3,2  and version updated to 2 (kafka.cluster.Partition)
kafka-1-1  | 2026-09-21T21:59:36.536546997Z [2026-09-21 21:59:36,536] INFO [Partition __consumer_offsets-16 broker=1] ISR updated to 1,3,2  and version updated to 2 (kafka.cluster.Partition)
kafka-1-1  | 2026-09-21T21:59:36.536548697Z [2026-09-21 21:59:36,536] INFO [Partition __consumer_offsets-14 broker=1] ISR updated to 1,3,2  and version updated to 2 (kafka.cluster.Partition)
kafka-1-1  | 2026-09-21T21:59:36.536549997Z [2026-09-21 21:59:36,536] INFO [Partition __consumer_offsets-12 broker=1] ISR updated to 1,3,2  and version updated to 2 (kafka.cluster.Partition)
kafka-1-1  | 2026-09-21T21:59:36.536551297Z [2026-09-21 21:59:36,536] INFO [Partition __consumer_offsets-24 broker=1] ISR updated to 1,3,2  and version updated to 2 (kafka.cluster.Partition)
kafka-1-1  | 2026-09-21T21:59:36.536582900Z [2026-09-21 21:59:36,536] INFO [Partition __consumer_offsets-0 broker=1] ISR updated to 1,3,2  and version updated to 2 (kafka.cluster.Partition)
kafka-1-1  | 2026-09-21T21:59:36.536584700Z [2026-09-21 21:59:36,536] INFO [Partition __consumer_offsets-27 broker=1] ISR updated to 1,3,2  and version updated to 2 (kafka.cluster.Partition)
kafka-1-1  | 2026-09-21T21:59:36.536586000Z [2026-09-21 21:59:36,536] INFO [Partition __consumer_offsets-8 broker=1] ISR updated to 1,3,2  and version updated to 2 (kafka.cluster.Partition)
kafka-1-1  | 2026-09-21T21:59:36.536587400Z [2026-09-21 21:59:36,536] INFO [Partition dados-sensores-1 broker=1] ISR updated to 1,3,2  and version updated to 2 (kafka.cluster.Partition)
kafka-1-1  | 2026-09-21T21:59:36.537333366Z [2026-09-21 21:59:36,537] INFO [GroupCoordinator 1]: Resigned as the group coordinator for partition 13 in epoch OptionalInt[0] (kafka.coordinator.group.GroupCoordinator)
kafka-1-1  | 2026-09-21T21:59:36.539130825Z [2026-09-21 21:59:36,539] INFO [GroupMetadataManager brokerId=1] Scheduling unloading of offsets and group metadata from __consumer_offsets-13 (kafka.coordinator.group.GroupMetadataManager)
kafka-1-1  | 2026-09-21T21:59:36.539258836Z [2026-09-21 21:59:36,539] INFO [GroupCoordinator 1]: Resigned as the group coordinator for partition 11 in epoch OptionalInt[0] (kafka.coordinator.group.GroupCoordinator)
kafka-1-1  | 2026-09-21T21:59:36.539279938Z [2026-09-21 21:59:36,539] INFO [GroupMetadataManager brokerId=1] Scheduling unloading of offsets and group metadata from __consumer_offsets-11 (kafka.coordinator.group.GroupMetadataManager)
kafka-1-1  | 2026-09-21T21:59:36.539329742Z [2026-09-21 21:59:36,539] INFO [GroupCoordinator 1]: Resigned as the group coordinator for partition 42 in epoch OptionalInt[1] (kafka.coordinator.group.GroupCoordinator)
kafka-1-1  | 2026-09-21T21:59:36.539354345Z [2026-09-21 21:59:36,539] INFO [GroupMetadataManager brokerId=1] Scheduling unloading of offsets and group metadata from __consumer_offsets-42 (kafka.coordinator.group.GroupMetadataManager)
kafka-1-1  | 2026-09-21T21:59:36.539411950Z [2026-09-21 21:59:36,539] INFO [GroupCoordinator 1]: Resigned as the group coordinator for partition 21 in epoch OptionalInt[1] (kafka.coordinator.group.GroupCoordinator)
kafka-1-1  | 2026-09-21T21:59:36.539527960Z [2026-09-21 21:59:36,539] INFO [GroupMetadataManager brokerId=1] Finished unloading __consumer_offsets-13 for coordinator epoch OptionalInt[0]. Removed 0 cached offsets and 0 cached groups. (kafka.coordinator.group.GroupMetadataManager)
kafka-1-1  | 2026-09-21T21:59:36.539667672Z [2026-09-21 21:59:36,539] INFO [GroupMetadataManager brokerId=1] Scheduling unloading of offsets and group metadata from __consumer_offsets-21 (kafka.coordinator.group.GroupMetadataManager)
kafka-1-1  | 2026-09-21T21:59:36.540217821Z [2026-09-21 21:59:36,539] INFO [GroupCoordinator 1]: Resigned as the group coordinator for partition 17 in epoch OptionalInt[0] (kafka.coordinator.group.GroupCoordinator)
kafka-1-1  | 2026-09-21T21:59:36.540228222Z [2026-09-21 21:59:36,539] INFO [GroupMetadataManager brokerId=1] Scheduling unloading of offsets and group metadata from __consumer_offsets-17 (kafka.coordinator.group.GroupMetadataManager)
kafka-1-1  | 2026-09-21T21:59:36.540230022Z [2026-09-21 21:59:36,539] INFO [GroupCoordinator 1]: Resigned as the group coordinator for partition 30 in epoch OptionalInt[1] (kafka.coordinator.group.GroupCoordinator)
kafka-1-1  | 2026-09-21T21:59:36.540231322Z [2026-09-21 21:59:36,539] INFO [GroupMetadataManager brokerId=1] Scheduling unloading of offsets and group metadata from __consumer_offsets-30 (kafka.coordinator.group.GroupMetadataManager)
kafka-1-1  | 2026-09-21T21:59:36.540232622Z [2026-09-21 21:59:36,539] INFO [GroupCoordinator 1]: Resigned as the group coordinator for partition 38 in epoch OptionalInt[0] (kafka.coordinator.group.GroupCoordinator)
kafka-1-1  | 2026-09-21T21:59:36.540234022Z [2026-09-21 21:59:36,539] INFO [GroupMetadataManager brokerId=1] Scheduling unloading of offsets and group metadata from __consumer_offsets-38 (kafka.coordinator.group.GroupMetadataManager)
kafka-1-1  | 2026-09-21T21:59:36.540235322Z [2026-09-21 21:59:36,539] INFO [GroupCoordinator 1]: Resigned as the group coordinator for partition 3 in epoch OptionalInt[1] (kafka.coordinator.group.GroupCoordinator)
kafka-1-1  | 2026-09-21T21:59:36.540236622Z [2026-09-21 21:59:36,539] INFO [GroupMetadataManager brokerId=1] Scheduling unloading of offsets and group metadata from __consumer_offsets-3 (kafka.coordinator.group.GroupMetadataManager)
kafka-1-1  | 2026-09-21T21:59:36.540238023Z [2026-09-21 21:59:36,539] INFO [GroupCoordinator 1]: Resigned as the group coordinator for partition 1 in epoch OptionalInt[1] (kafka.coordinator.group.GroupCoordinator)
kafka-1-1  | 2026-09-21T21:59:36.540239323Z [2026-09-21 21:59:36,539] INFO [GroupMetadataManager brokerId=1] Scheduling unloading of offsets and group metadata from __consumer_offsets-1 (kafka.coordinator.group.GroupMetadataManager)
kafka-1-1  | 2026-09-21T21:59:36.540240723Z [2026-09-21 21:59:36,539] INFO [GroupCoordinator 1]: Resigned as the group coordinator for partition 45 in epoch OptionalInt[0] (kafka.coordinator.group.GroupCoordinator)
kafka-1-1  | 2026-09-21T21:59:36.540242523Z [2026-09-21 21:59:36,539] INFO [GroupMetadataManager brokerId=1] Scheduling unloading of offsets and group metadata from __consumer_offsets-45 (kafka.coordinator.group.GroupMetadataManager)
kafka-1-1  | 2026-09-21T21:59:36.540243923Z [2026-09-21 21:59:36,539] INFO [GroupCoordinator 1]: Resigned as the group coordinator for partition 43 in epoch OptionalInt[0] (kafka.coordinator.group.GroupCoordinator)
kafka-1-1  | 2026-09-21T21:59:36.540245223Z [2026-09-21 21:59:36,539] INFO [GroupMetadataManager brokerId=1] Scheduling unloading of offsets and group metadata from __consumer_offsets-43 (kafka.coordinator.group.GroupMetadataManager)
kafka-1-1  | 2026-09-21T21:59:36.540246523Z [2026-09-21 21:59:36,539] INFO [GroupCoordinator 1]: Resigned as the group coordinator for partition 41 in epoch OptionalInt[1] (kafka.coordinator.group.GroupCoordinator)
kafka-1-1  | 2026-09-21T21:59:36.540247823Z [2026-09-21 21:59:36,539] INFO [GroupMetadataManager brokerId=1] Scheduling unloading of offsets and group metadata from __consumer_offsets-41 (kafka.coordinator.group.GroupMetadataManager)
kafka-1-1  | 2026-09-21T21:59:36.540249224Z [2026-09-21 21:59:36,539] INFO [GroupCoordinator 1]: Resigned as the group coordinator for partition 10 in epoch OptionalInt[1] (kafka.coordinator.group.GroupCoordinator)
kafka-1-1  | 2026-09-21T21:59:36.540252624Z [2026-09-21 21:59:36,539] INFO [GroupMetadataManager brokerId=1] Scheduling unloading of offsets and group metadata from __consumer_offsets-10 (kafka.coordinator.group.GroupMetadataManager)
kafka-1-1  | 2026-09-21T21:59:36.540254124Z [2026-09-21 21:59:36,539] INFO [GroupCoordinator 1]: Resigned as the group coordinator for partition 22 in epoch OptionalInt[0] (kafka.coordinator.group.GroupCoordinator)
kafka-1-1  | 2026-09-21T21:59:36.540255524Z [2026-09-21 21:59:36,539] INFO [GroupMetadataManager brokerId=1] Scheduling unloading of offsets and group metadata from __consumer_offsets-22 (kafka.coordinator.group.GroupMetadataManager)
kafka-1-1  | 2026-09-21T21:59:36.540256824Z [2026-09-21 21:59:36,539] INFO [GroupCoordinator 1]: Resigned as the group coordinator for partition 20 in epoch OptionalInt[1] (kafka.coordinator.group.GroupCoordinator)
kafka-1-1  | 2026-09-21T21:59:36.540258124Z [2026-09-21 21:59:36,539] INFO [GroupMetadataManager brokerId=1] Scheduling unloading of offsets and group metadata from __consumer_offsets-20 (kafka.coordinator.group.GroupMetadataManager)
kafka-1-1  | 2026-09-21T21:59:36.540259725Z [2026-09-21 21:59:36,539] INFO [GroupCoordinator 1]: Resigned as the group coordinator for partition 49 in epoch OptionalInt[0] (kafka.coordinator.group.GroupCoordinator)
kafka-1-1  | 2026-09-21T21:59:36.540261025Z [2026-09-21 21:59:36,539] INFO [GroupMetadataManager brokerId=1] Finished unloading __consumer_offsets-11 for coordinator epoch OptionalInt[0]. Removed 0 cached offsets and 0 cached groups. (kafka.coordinator.group.GroupMetadataManager)
kafka-1-1  | 2026-09-21T21:59:36.540262525Z [2026-09-21 21:59:36,539] INFO [GroupMetadataManager brokerId=1] Finished unloading __consumer_offsets-42 for coordinator epoch OptionalInt[1]. Removed 0 cached offsets and 0 cached groups. (kafka.coordinator.group.GroupMetadataManager)
kafka-1-1  | 2026-09-21T21:59:36.540264025Z [2026-09-21 21:59:36,540] INFO [GroupMetadataManager brokerId=1] Finished unloading __consumer_offsets-21 for coordinator epoch OptionalInt[1]. Removed 0 cached offsets and 0 cached groups. (kafka.coordinator.group.GroupMetadataManager)
kafka-1-1  | 2026-09-21T21:59:36.540265425Z [2026-09-21 21:59:36,540] INFO [GroupMetadataManager brokerId=1] Finished unloading __consumer_offsets-17 for coordinator epoch OptionalInt[0]. Removed 0 cached offsets and 0 cached groups. (kafka.coordinator.group.GroupMetadataManager)
kafka-1-1  | 2026-09-21T21:59:36.540266825Z [2026-09-21 21:59:36,540] INFO [GroupMetadataManager brokerId=1] Finished unloading __consumer_offsets-30 for coordinator epoch OptionalInt[1]. Removed 0 cached offsets and 0 cached groups. (kafka.coordinator.group.GroupMetadataManager)
kafka-1-1  | 2026-09-21T21:59:36.540268225Z [2026-09-21 21:59:36,539] INFO [GroupMetadataManager brokerId=1] Scheduling unloading of offsets and group metadata from __consumer_offsets-49 (kafka.coordinator.group.GroupMetadataManager)
kafka-1-1  | 2026-09-21T21:59:36.540308229Z [2026-09-21 21:59:36,540] INFO [GroupCoordinator 1]: Resigned as the group coordinator for partition 18 in epoch OptionalInt[0] (kafka.coordinator.group.GroupCoordinator)
kafka-1-1  | 2026-09-21T21:59:36.540309729Z [2026-09-21 21:59:36,540] INFO [GroupMetadataManager brokerId=1] Scheduling unloading of offsets and group metadata from __consumer_offsets-18 (kafka.coordinator.group.GroupMetadataManager)
kafka-1-1  | 2026-09-21T21:59:36.540328931Z [2026-09-21 21:59:36,540] INFO [GroupCoordinator 1]: Resigned as the group coordinator for partition 31 in epoch OptionalInt[0] (kafka.coordinator.group.GroupCoordinator)
kafka-1-1  | 2026-09-21T21:59:36.540446541Z [2026-09-21 21:59:36,540] INFO [GroupMetadataManager brokerId=1] Scheduling unloading of offsets and group metadata from __consumer_offsets-31 (kafka.coordinator.group.GroupMetadataManager)
kafka-1-1  | 2026-09-21T21:59:36.540451041Z [2026-09-21 21:59:36,540] INFO [GroupCoordinator 1]: Resigned as the group coordinator for partition 29 in epoch OptionalInt[0] (kafka.coordinator.group.GroupCoordinator)
kafka-1-1  | 2026-09-21T21:59:36.540452642Z [2026-09-21 21:59:36,540] INFO [GroupMetadataManager brokerId=1] Scheduling unloading of offsets and group metadata from __consumer_offsets-29 (kafka.coordinator.group.GroupMetadataManager)
kafka-1-1  | 2026-09-21T21:59:36.540453942Z [2026-09-21 21:59:36,540] INFO [GroupCoordinator 1]: Resigned as the group coordinator for partition 25 in epoch OptionalInt[0] (kafka.coordinator.group.GroupCoordinator)
kafka-1-1  | 2026-09-21T21:59:36.540949485Z [2026-09-21 21:59:36,540] INFO [GroupMetadataManager brokerId=1] Scheduling unloading of offsets and group metadata from __consumer_offsets-25 (kafka.coordinator.group.GroupMetadataManager)
kafka-1-1  | 2026-09-21T21:59:36.540955286Z [2026-09-21 21:59:36,540] INFO [GroupMetadataManager brokerId=1] Finished unloading __consumer_offsets-38 for coordinator epoch OptionalInt[0]. Removed 0 cached offsets and 0 cached groups. (kafka.coordinator.group.GroupMetadataManager)
kafka-1-1  | 2026-09-21T21:59:36.540956886Z [2026-09-21 21:59:36,540] INFO [GroupMetadataManager brokerId=1] Finished unloading __consumer_offsets-3 for coordinator epoch OptionalInt[1]. Removed 0 cached offsets and 0 cached groups. (kafka.coordinator.group.GroupMetadataManager)
kafka-1-1  | 2026-09-21T21:59:36.540958286Z [2026-09-21 21:59:36,540] INFO [GroupMetadataManager brokerId=1] Finished unloading __consumer_offsets-1 for coordinator epoch OptionalInt[1]. Removed 0 cached offsets and 0 cached groups. (kafka.coordinator.group.GroupMetadataManager)
kafka-1-1  | 2026-09-21T21:59:36.542686939Z [2026-09-21 21:59:36,540] INFO [GroupMetadataManager brokerId=1] Finished unloading __consumer_offsets-45 for coordinator epoch OptionalInt[0]. Removed 0 cached offsets and 0 cached groups. (kafka.coordinator.group.GroupMetadataManager)
kafka-1-1  | 2026-09-21T21:59:36.542703340Z [2026-09-21 21:59:36,540] INFO [GroupMetadataManager brokerId=1] Finished unloading __consumer_offsets-43 for coordinator epoch OptionalInt[0]. Removed 0 cached offsets and 0 cached groups. (kafka.coordinator.group.GroupMetadataManager)
kafka-1-1  | 2026-09-21T21:59:36.542705740Z [2026-09-21 21:59:36,540] INFO [GroupMetadataManager brokerId=1] Finished unloading __consumer_offsets-41 for coordinator epoch OptionalInt[1]. Removed 0 cached offsets and 0 cached groups. (kafka.coordinator.group.GroupMetadataManager)
kafka-1-1  | 2026-09-21T21:59:36.542707341Z [2026-09-21 21:59:36,540] INFO [GroupMetadataManager brokerId=1] Finished unloading __consumer_offsets-10 for coordinator epoch OptionalInt[1]. Removed 0 cached offsets and 0 cached groups. (kafka.coordinator.group.GroupMetadataManager)
kafka-1-1  | 2026-09-21T21:59:36.542708941Z [2026-09-21 21:59:36,540] INFO [GroupMetadataManager brokerId=1] Finished unloading __consumer_offsets-22 for coordinator epoch OptionalInt[0]. Removed 0 cached offsets and 0 cached groups. (kafka.coordinator.group.GroupMetadataManager)
kafka-1-1  | 2026-09-21T21:59:36.542710441Z [2026-09-21 21:59:36,540] INFO [GroupMetadataManager brokerId=1] Finished unloading __consumer_offsets-20 for coordinator epoch OptionalInt[1]. Removed 0 cached offsets and 0 cached groups. (kafka.coordinator.group.GroupMetadataManager)
kafka-1-1  | 2026-09-21T21:59:36.542711941Z [2026-09-21 21:59:36,540] INFO [GroupMetadataManager brokerId=1] Finished unloading __consumer_offsets-49 for coordinator epoch OptionalInt[0]. Removed 0 cached offsets and 0 cached groups. (kafka.coordinator.group.GroupMetadataManager)
kafka-1-1  | 2026-09-21T21:59:36.542721142Z [2026-09-21 21:59:36,540] INFO [GroupCoordinator 1]: Resigned as the group coordinator for partition 39 in epoch OptionalInt[0] (kafka.coordinator.group.GroupCoordinator)
kafka-1-1  | 2026-09-21T21:59:36.542722742Z [2026-09-21 21:59:36,541] INFO [GroupMetadataManager brokerId=1] Scheduling unloading of offsets and group metadata from __consumer_offsets-39 (kafka.coordinator.group.GroupMetadataManager)
kafka-1-1  | 2026-09-21T21:59:36.542724542Z [2026-09-21 21:59:36,541] INFO [GroupCoordinator 1]: Resigned as the group coordinator for partition 37 in epoch OptionalInt[1] (kafka.coordinator.group.GroupCoordinator)
kafka-1-1  | 2026-09-21T21:59:36.542725942Z [2026-09-21 21:59:36,541] INFO [GroupMetadataManager brokerId=1] Scheduling unloading of offsets and group metadata from __consumer_offsets-37 (kafka.coordinator.group.GroupMetadataManager)
kafka-1-1  | 2026-09-21T21:59:36.542727242Z [2026-09-21 21:59:36,541] INFO [GroupCoordinator 1]: Resigned as the group coordinator for partition 6 in epoch OptionalInt[0] (kafka.coordinator.group.GroupCoordinator)
kafka-1-1  | 2026-09-21T21:59:36.542728542Z [2026-09-21 21:59:36,541] INFO [GroupMetadataManager brokerId=1] Scheduling unloading of offsets and group metadata from __consumer_offsets-6 (kafka.coordinator.group.GroupMetadataManager)
kafka-1-1  | 2026-09-21T21:59:36.542729943Z [2026-09-21 21:59:36,541] INFO [GroupCoordinator 1]: Resigned as the group coordinator for partition 35 in epoch OptionalInt[1] (kafka.coordinator.group.GroupCoordinator)
kafka-1-1  | 2026-09-21T21:59:36.542731243Z [2026-09-21 21:59:36,541] INFO [GroupMetadataManager brokerId=1] Scheduling unloading of offsets and group metadata from __consumer_offsets-35 (kafka.coordinator.group.GroupMetadataManager)
kafka-1-1  | 2026-09-21T21:59:36.542732543Z [2026-09-21 21:59:36,541] INFO [GroupCoordinator 1]: Resigned as the group coordinator for partition 4 in epoch OptionalInt[0] (kafka.coordinator.group.GroupCoordinator)
kafka-1-1  | 2026-09-21T21:59:36.542733843Z [2026-09-21 21:59:36,541] INFO [GroupMetadataManager brokerId=1] Scheduling unloading of offsets and group metadata from __consumer_offsets-4 (kafka.coordinator.group.GroupMetadataManager)
kafka-1-1  | 2026-09-21T21:59:36.542735143Z [2026-09-21 21:59:36,541] INFO [GroupCoordinator 1]: Resigned as the group coordinator for partition 33 in epoch OptionalInt[0] (kafka.coordinator.group.GroupCoordinator)
kafka-1-1  | 2026-09-21T21:59:36.542736443Z [2026-09-21 21:59:36,541] INFO [GroupMetadataManager brokerId=1] Scheduling unloading of offsets and group metadata from __consumer_offsets-33 (kafka.coordinator.group.GroupMetadataManager)
kafka-1-1  | 2026-09-21T21:59:36.542737643Z [2026-09-21 21:59:36,541] INFO [GroupCoordinator 1]: Resigned as the group coordinator for partition 2 in epoch OptionalInt[0] (kafka.coordinator.group.GroupCoordinator)
kafka-1-1  | 2026-09-21T21:59:36.542739143Z [2026-09-21 21:59:36,541] INFO [GroupMetadataManager brokerId=1] Scheduling unloading of offsets and group metadata from __consumer_offsets-2 (kafka.coordinator.group.GroupMetadataManager)
kafka-1-1  | 2026-09-21T21:59:36.542740644Z [2026-09-21 21:59:36,541] INFO [GroupMetadataManager brokerId=1] Finished unloading __consumer_offsets-18 for coordinator epoch OptionalInt[0]. Removed 0 cached offsets and 0 cached groups. (kafka.coordinator.group.GroupMetadataManager)
kafka-1-1  | 2026-09-21T21:59:36.542744044Z [2026-09-21 21:59:36,541] INFO [GroupMetadataManager brokerId=1] Finished unloading __consumer_offsets-31 for coordinator epoch OptionalInt[0]. Removed 0 cached offsets and 0 cached groups. (kafka.coordinator.group.GroupMetadataManager)
kafka-1-1  | 2026-09-21T21:59:36.542745544Z [2026-09-21 21:59:36,541] INFO [GroupMetadataManager brokerId=1] Finished unloading __consumer_offsets-29 for coordinator epoch OptionalInt[0]. Removed 0 cached offsets and 0 cached groups. (kafka.coordinator.group.GroupMetadataManager)
kafka-1-1  | 2026-09-21T21:59:36.542746944Z [2026-09-21 21:59:36,541] INFO [GroupMetadataManager brokerId=1] Finished unloading __consumer_offsets-25 for coordinator epoch OptionalInt[0]. Removed 0 cached offsets and 0 cached groups. (kafka.coordinator.group.GroupMetadataManager)
kafka-1-1  | 2026-09-21T21:59:36.542748344Z [2026-09-21 21:59:36,541] INFO [GroupMetadataManager brokerId=1] Finished unloading __consumer_offsets-39 for coordinator epoch OptionalInt[0]. Removed 0 cached offsets and 0 cached groups. (kafka.coordinator.group.GroupMetadataManager)
kafka-1-1  | 2026-09-21T21:59:36.542749744Z [2026-09-21 21:59:36,541] INFO [GroupMetadataManager brokerId=1] Finished unloading __consumer_offsets-37 for coordinator epoch OptionalInt[1]. Removed 0 cached offsets and 0 cached groups. (kafka.coordinator.group.GroupMetadataManager)
kafka-1-1  | 2026-09-21T21:59:36.542751244Z [2026-09-21 21:59:36,541] INFO [GroupMetadataManager brokerId=1] Finished unloading __consumer_offsets-6 for coordinator epoch OptionalInt[0]. Removed 0 cached offsets and 0 cached groups. (kafka.coordinator.group.GroupMetadataManager)
kafka-1-1  | 2026-09-21T21:59:36.542752645Z [2026-09-21 21:59:36,541] INFO [GroupMetadataManager brokerId=1] Finished unloading __consumer_offsets-35 for coordinator epoch OptionalInt[1]. Removed 0 cached offsets and 0 cached groups. (kafka.coordinator.group.GroupMetadataManager)
kafka-1-1  | 2026-09-21T21:59:36.542754345Z [2026-09-21 21:59:36,541] INFO [GroupMetadataManager brokerId=1] Finished unloading __consumer_offsets-4 for coordinator epoch OptionalInt[0]. Removed 0 cached offsets and 0 cached groups. (kafka.coordinator.group.GroupMetadataManager)
kafka-1-1  | 2026-09-21T21:59:36.542755745Z [2026-09-21 21:59:36,541] INFO [GroupMetadataManager brokerId=1] Finished unloading __consumer_offsets-33 for coordinator epoch OptionalInt[0]. Removed 0 cached offsets and 0 cached groups. (kafka.coordinator.group.GroupMetadataManager)
kafka-1-1  | 2026-09-21T21:59:36.542757145Z [2026-09-21 21:59:36,541] INFO [GroupMetadataManager brokerId=1] Finished unloading __consumer_offsets-2 for coordinator epoch OptionalInt[0]. Removed 0 cached offsets and 0 cached groups. (kafka.coordinator.group.GroupMetadataManager)
kafka-1-1  | 2026-09-21T21:59:36.857163998Z [2026-09-21 21:59:36,856] INFO [ReplicaFetcherManager on broker 1] Removed fetcher for partitions Set(__consumer_offsets-47, __consumer_offsets-16, __consumer_offsets-46, __consumer_offsets-14, __consumer_offsets-44, __consumer_offsets-12, __consumer_offsets-9, __consumer_offsets-23, __consumer_offsets-24, __consumer_offsets-19, dados-sensores-4, __consumer_offsets-32, __consumer_offsets-0, __consumer_offsets-27, __consumer_offsets-28, __consumer_offsets-26, __consumer_offsets-7, __consumer_offsets-40, __consumer_offsets-8, __consumer_offsets-5, dados-sensores-1, __consumer_offsets-36, __consumer_offsets-34) (kafka.server.ReplicaFetcherManager)
kafka-1-1  | 2026-09-21T22:02:15.278756721Z [2026-09-21 22:02:15,278] INFO [GroupCoordinator 1]: Member consumidor-c0aa95a89b68-21c1ec84-47de-4fb7-98b5-a2bf22796aae in group processadores-sensores has failed, removing it from the group (kafka.coordinator.group.GroupCoordinator)
kafka-1-1  | 2026-09-21T22:02:15.280171434Z [2026-09-21 22:02:15,279] INFO [GroupCoordinator 1]: Preparing to rebalance group processadores-sensores in state PreparingRebalance with old generation 1 (__consumer_offsets-0) (reason: removing member consumidor-c0aa95a89b68-21c1ec84-47de-4fb7-98b5-a2bf22796aae on heartbeat expiration) (kafka.coordinator.group.GroupCoordinator)
kafka-1-1  | 2026-09-21T22:02:17.052728663Z [2026-09-21 22:02:17,052] INFO [GroupCoordinator 1]: Stabilized group processadores-sensores generation 2 (__consumer_offsets-0) with 2 members (kafka.coordinator.group.GroupCoordinator)
kafka-1-1  | 2026-09-21T22:02:17.056770986Z [2026-09-21 22:02:17,056] INFO [GroupCoordinator 1]: Assignment received from leader consumidor-d1eb4b628c57-921d97c4-d230-49a4-9d04-159490db2559 for group processadores-sensores for generation 2. The group has 2 members, 0 of which are static. (kafka.coordinator.group.GroupCoordinator)
kafka-1-1  | 2026-09-21T22:02:38.774221684Z [2026-09-21 22:02:38,773] INFO [GroupCoordinator 1]: Dynamic member with unknown member id joins group processadores-sensores in Stable state. Created a new member id consumidor-c0aa95a89b68-320fdd14-f10b-4b6c-97ee-8e97429af962 and request the member to rejoin with this id. (kafka.coordinator.group.GroupCoordinator)
kafka-1-1  | 2026-09-21T22:02:38.776207053Z [2026-09-21 22:02:38,775] INFO [GroupCoordinator 1]: Preparing to rebalance group processadores-sensores in state PreparingRebalance with old generation 2 (__consumer_offsets-0) (reason: Adding new member consumidor-c0aa95a89b68-320fdd14-f10b-4b6c-97ee-8e97429af962 with group instance id None; client reason: need to re-join with the given member-id: consumidor-c0aa95a89b68-320fdd14-f10b-4b6c-97ee-8e97429af962) (kafka.coordinator.group.GroupCoordinator)
kafka-1-1  | 2026-09-21T22:02:41.076728459Z [2026-09-21 22:02:41,076] INFO [GroupCoordinator 1]: Stabilized group processadores-sensores generation 3 (__consumer_offsets-0) with 3 members (kafka.coordinator.group.GroupCoordinator)
kafka-1-1  | 2026-09-21T22:02:41.079310578Z [2026-09-21 22:02:41,078] INFO [GroupCoordinator 1]: Assignment received from leader consumidor-d1eb4b628c57-921d97c4-d230-49a4-9d04-159490db2559 for group processadores-sensores for generation 3. The group has 3 members, 0 of which are static. (kafka.coordinator.group.GroupCoordinator)
kafka-1-1  | 2026-09-21T22:03:48.280142462Z [2026-09-21 22:03:48,279] INFO [GroupCoordinator 1]: Preparing to rebalance group processadores-sensores in state PreparingRebalance with old generation 3 (__consumer_offsets-0) (reason: Removing member consumidor-c0aa95a89b68-320fdd14-f10b-4b6c-97ee-8e97429af962 on LeaveGroup; client reason: the consumer is being closed) (kafka.coordinator.group.GroupCoordinator)
kafka-1-1  | 2026-09-21T22:03:48.281067040Z [2026-09-21 22:03:48,280] INFO [GroupCoordinator 1]: Member MemberMetadata(memberId=consumidor-c0aa95a89b68-320fdd14-f10b-4b6c-97ee-8e97429af962, groupInstanceId=None, clientId=consumidor-c0aa95a89b68, clientHost=/172.19.0.8, sessionTimeoutMs=10000, rebalanceTimeoutMs=300000, supportedProtocols=List(roundrobin)) has left group processadores-sensores through explicit `LeaveGroup`; client reason: the consumer is being closed (kafka.coordinator.group.GroupCoordinator)
kafka-1-1  | 2026-09-21T22:03:50.098769427Z [2026-09-21 22:03:50,098] INFO [GroupCoordinator 1]: Stabilized group processadores-sensores generation 4 (__consumer_offsets-0) with 2 members (kafka.coordinator.group.GroupCoordinator)
kafka-1-1  | 2026-09-21T22:03:50.100166444Z [2026-09-21 22:03:50,099] INFO [GroupCoordinator 1]: Assignment received from leader consumidor-d1eb4b628c57-921d97c4-d230-49a4-9d04-159490db2559 for group processadores-sensores for generation 4. The group has 2 members, 0 of which are static. (kafka.coordinator.group.GroupCoordinator)
kafka-1-1  | 2026-09-21T22:04:07.339218742Z [2026-09-21 22:04:07,338] INFO [ReplicaFetcher replicaId=1, leaderId=3, fetcherId=0] Partition __consumer_offsets-48 has an older epoch (1) than the current leader. Will await the new LeaderAndIsr state before resuming fetching. (kafka.server.ReplicaFetcherThread)
kafka-1-1  | 2026-09-21T22:04:07.339818593Z [2026-09-21 22:04:07,339] WARN [ReplicaFetcher replicaId=1, leaderId=3, fetcherId=0] Partition __consumer_offsets-48 marked as failed (kafka.server.ReplicaFetcherThread)
kafka-1-1  | 2026-09-21T22:04:07.339830694Z [2026-09-21 22:04:07,339] INFO [ReplicaFetcher replicaId=1, leaderId=3, fetcherId=0] Partition __consumer_offsets-42 has an older epoch (1) than the current leader. Will await the new LeaderAndIsr state before resuming fetching. (kafka.server.ReplicaFetcherThread)
kafka-1-1  | 2026-09-21T22:04:07.340148120Z [2026-09-21 22:04:07,339] WARN [ReplicaFetcher replicaId=1, leaderId=3, fetcherId=0] Partition __consumer_offsets-42 marked as failed (kafka.server.ReplicaFetcherThread)
kafka-1-1  | 2026-09-21T22:04:07.340411643Z [2026-09-21 22:04:07,340] INFO [ReplicaFetcher replicaId=1, leaderId=3, fetcherId=0] Partition __consumer_offsets-21 has an older epoch (1) than the current leader. Will await the new LeaderAndIsr state before resuming fetching. (kafka.server.ReplicaFetcherThread)
kafka-1-1  | 2026-09-21T22:04:07.340737070Z [2026-09-21 22:04:07,340] WARN [ReplicaFetcher replicaId=1, leaderId=3, fetcherId=0] Partition __consumer_offsets-21 marked as failed (kafka.server.ReplicaFetcherThread)
kafka-1-1  | 2026-09-21T22:04:07.340851979Z [2026-09-21 22:04:07,340] INFO [ReplicaFetcher replicaId=1, leaderId=3, fetcherId=0] Partition __consumer_offsets-30 has an older epoch (1) than the current leader. Will await the new LeaderAndIsr state before resuming fetching. (kafka.server.ReplicaFetcherThread)
kafka-1-1  | 2026-09-21T22:04:07.341104701Z [2026-09-21 22:04:07,341] WARN [ReplicaFetcher replicaId=1, leaderId=3, fetcherId=0] Partition __consumer_offsets-30 marked as failed (kafka.server.ReplicaFetcherThread)
kafka-1-1  | 2026-09-21T22:04:07.341220810Z [2026-09-21 22:04:07,341] INFO [ReplicaFetcher replicaId=1, leaderId=3, fetcherId=0] Partition __consumer_offsets-3 has an older epoch (1) than the current leader. Will await the new LeaderAndIsr state before resuming fetching. (kafka.server.ReplicaFetcherThread)
kafka-1-1  | 2026-09-21T22:04:07.341469031Z [2026-09-21 22:04:07,341] WARN [ReplicaFetcher replicaId=1, leaderId=3, fetcherId=0] Partition __consumer_offsets-3 marked as failed (kafka.server.ReplicaFetcherThread)
kafka-1-1  | 2026-09-21T22:04:07.341568940Z [2026-09-21 22:04:07,341] INFO [ReplicaFetcher replicaId=1, leaderId=3, fetcherId=0] Partition __consumer_offsets-1 has an older epoch (1) than the current leader. Will await the new LeaderAndIsr state before resuming fetching. (kafka.server.ReplicaFetcherThread)
kafka-1-1  | 2026-09-21T22:04:07.341987675Z [2026-09-21 22:04:07,341] WARN [ReplicaFetcher replicaId=1, leaderId=3, fetcherId=0] Partition __consumer_offsets-1 marked as failed (kafka.server.ReplicaFetcherThread)
kafka-1-1  | 2026-09-21T22:04:07.342172290Z [2026-09-21 22:04:07,342] INFO [ReplicaFetcher replicaId=1, leaderId=3, fetcherId=0] Partition __consumer_offsets-41 has an older epoch (1) than the current leader. Will await the new LeaderAndIsr state before resuming fetching. (kafka.server.ReplicaFetcherThread)
kafka-1-1  | 2026-09-21T22:04:07.342476216Z [2026-09-21 22:04:07,342] WARN [ReplicaFetcher replicaId=1, leaderId=3, fetcherId=0] Partition __consumer_offsets-41 marked as failed (kafka.server.ReplicaFetcherThread)
kafka-1-1  | 2026-09-21T22:04:07.342603327Z [2026-09-21 22:04:07,342] INFO [ReplicaFetcher replicaId=1, leaderId=3, fetcherId=0] Partition __consumer_offsets-10 has an older epoch (1) than the current leader. Will await the new LeaderAndIsr state before resuming fetching. (kafka.server.ReplicaFetcherThread)
kafka-1-1  | 2026-09-21T22:04:07.342913253Z [2026-09-21 22:04:07,342] WARN [ReplicaFetcher replicaId=1, leaderId=3, fetcherId=0] Partition __consumer_offsets-10 marked as failed (kafka.server.ReplicaFetcherThread)
kafka-1-1  | 2026-09-21T22:04:07.343038063Z [2026-09-21 22:04:07,343] INFO [ReplicaFetcher replicaId=1, leaderId=3, fetcherId=0] Partition __consumer_offsets-20 has an older epoch (1) than the current leader. Will await the new LeaderAndIsr state before resuming fetching. (kafka.server.ReplicaFetcherThread)
kafka-1-1  | 2026-09-21T22:04:07.343427196Z [2026-09-21 22:04:07,343] WARN [ReplicaFetcher replicaId=1, leaderId=3, fetcherId=0] Partition __consumer_offsets-20 marked as failed (kafka.server.ReplicaFetcherThread)
kafka-1-1  | 2026-09-21T22:04:07.343435697Z [2026-09-21 22:04:07,343] INFO [ReplicaFetcher replicaId=1, leaderId=3, fetcherId=0] Partition __consumer_offsets-37 has an older epoch (1) than the current leader. Will await the new LeaderAndIsr state before resuming fetching. (kafka.server.ReplicaFetcherThread)
kafka-1-1  | 2026-09-21T22:04:07.343801627Z [2026-09-21 22:04:07,343] WARN [ReplicaFetcher replicaId=1, leaderId=3, fetcherId=0] Partition __consumer_offsets-37 marked as failed (kafka.server.ReplicaFetcherThread)
kafka-1-1  | 2026-09-21T22:04:07.343808228Z [2026-09-21 22:04:07,343] INFO [ReplicaFetcher replicaId=1, leaderId=3, fetcherId=0] Partition __consumer_offsets-35 has an older epoch (1) than the current leader. Will await the new LeaderAndIsr state before resuming fetching. (kafka.server.ReplicaFetcherThread)
kafka-1-1  | 2026-09-21T22:04:07.344163958Z [2026-09-21 22:04:07,344] WARN [ReplicaFetcher replicaId=1, leaderId=3, fetcherId=0] Partition __consumer_offsets-35 marked as failed (kafka.server.ReplicaFetcherThread)
kafka-1-1  | 2026-09-21T22:04:07.344170858Z [2026-09-21 22:04:07,344] INFO [ReplicaFetcher replicaId=1, leaderId=3, fetcherId=0] Partition dados-sensores-2 has an older epoch (1) than the current leader. Will await the new LeaderAndIsr state before resuming fetching. (kafka.server.ReplicaFetcherThread)
kafka-1-1  | 2026-09-21T22:04:07.344531689Z [2026-09-21 22:04:07,344] WARN [ReplicaFetcher replicaId=1, leaderId=3, fetcherId=0] Partition dados-sensores-2 marked as failed (kafka.server.ReplicaFetcherThread)
kafka-1-1  | 2026-09-21T22:04:07.344666100Z [2026-09-21 22:04:07,344] INFO [ReplicaFetcher replicaId=1, leaderId=3, fetcherId=0] Partition dados-sensores-5 has an older epoch (1) than the current leader. Will await the new LeaderAndIsr state before resuming fetching. (kafka.server.ReplicaFetcherThread)
kafka-1-1  | 2026-09-21T22:04:07.345135939Z [2026-09-21 22:04:07,345] WARN [ReplicaFetcher replicaId=1, leaderId=3, fetcherId=0] Partition dados-sensores-5 marked as failed (kafka.server.ReplicaFetcherThread)
kafka-1-1  | 2026-09-21T22:04:07.469304970Z [2026-09-21 22:04:07,469] INFO [ReplicaFetcherManager on broker 1] Removed fetcher for partitions Set(__consumer_offsets-15, __consumer_offsets-48, __consumer_offsets-14, __consumer_offsets-46, __consumer_offsets-41, __consumer_offsets-42, __consumer_offsets-10, __consumer_offsets-21, __consumer_offsets-20, dados-sensores-5, __consumer_offsets-30, __consumer_offsets-27, __consumer_offsets-26, __consumer_offsets-7, __consumer_offsets-37, __consumer_offsets-35, __consumer_offsets-3, __consumer_offsets-1, dados-sensores-2) (kafka.server.ReplicaFetcherManager)
kafka-1-1  | 2026-09-21T22:04:07.472759860Z [2026-09-21 22:04:07,472] INFO [ReplicaFetcherManager on broker 1] Added fetcher to broker 2 for partitions HashMap(__consumer_offsets-15 -> InitialFetchState(Some(um97SpqTSEC74qR1Iu-qow),BrokerEndPoint(id=2, host=kafka-2:9092),2,0), __consumer_offsets-48 -> InitialFetchState(Some(um97SpqTSEC74qR1Iu-qow),BrokerEndPoint(id=2, host=kafka-2:9092),2,0), __consumer_offsets-14 -> InitialFetchState(Some(um97SpqTSEC74qR1Iu-qow),BrokerEndPoint(id=2, host=kafka-2:9092),2,0), __consumer_offsets-46 -> InitialFetchState(Some(um97SpqTSEC74qR1Iu-qow),BrokerEndPoint(id=2, host=kafka-2:9092),2,0), __consumer_offsets-41 -> InitialFetchState(Some(um97SpqTSEC74qR1Iu-qow),BrokerEndPoint(id=2, host=kafka-2:9092),2,0), __consumer_offsets-42 -> InitialFetchState(Some(um97SpqTSEC74qR1Iu-qow),BrokerEndPoint(id=2, host=kafka-2:9092),2,0), __consumer_offsets-10 -> InitialFetchState(Some(um97SpqTSEC74qR1Iu-qow),BrokerEndPoint(id=2, host=kafka-2:9092),2,0), __consumer_offsets-21 -> InitialFetchState(Some(um97SpqTSEC74qR1Iu-qow),BrokerEndPoint(id=2, host=kafka-2:9092),2,0), __consumer_offsets-20 -> InitialFetchState(Some(um97SpqTSEC74qR1Iu-qow),BrokerEndPoint(id=2, host=kafka-2:9092),2,0), dados-sensores-5 -> InitialFetchState(Some(TOQUTEIYQC2WEzitbIedXg),BrokerEndPoint(id=2, host=kafka-2:9092),2,0), __consumer_offsets-30 -> InitialFetchState(Some(um97SpqTSEC74qR1Iu-qow),BrokerEndPoint(id=2, host=kafka-2:9092),2,0), __consumer_offsets-27 -> InitialFetchState(Some(um97SpqTSEC74qR1Iu-qow),BrokerEndPoint(id=2, host=kafka-2:9092),2,0), __consumer_offsets-26 -> InitialFetchState(Some(um97SpqTSEC74qR1Iu-qow),BrokerEndPoint(id=2, host=kafka-2:9092),2,0), __consumer_offsets-7 -> InitialFetchState(Some(um97SpqTSEC74qR1Iu-qow),BrokerEndPoint(id=2, host=kafka-2:9092),2,0), __consumer_offsets-37 -> InitialFetchState(Some(um97SpqTSEC74qR1Iu-qow),BrokerEndPoint(id=2, host=kafka-2:9092),2,0), __consumer_offsets-35 -> InitialFetchState(Some(um97SpqTSEC74qR1Iu-qow),BrokerEndPoint(id=2, host=kafka-2:9092),2,0), __consumer_offsets-3 -> InitialFetchState(Some(um97SpqTSEC74qR1Iu-qow),BrokerEndPoint(id=2, host=kafka-2:9092),2,0), __consumer_offsets-1 -> InitialFetchState(Some(um97SpqTSEC74qR1Iu-qow),BrokerEndPoint(id=2, host=kafka-2:9092),2,0), dados-sensores-2 -> InitialFetchState(Some(TOQUTEIYQC2WEzitbIedXg),BrokerEndPoint(id=2, host=kafka-2:9092),2,0)) (kafka.server.ReplicaFetcherManager)
kafka-1-1  | 2026-09-21T22:04:07.474866837Z [2026-09-21 22:04:07,473] INFO [ReplicaFetcherThread-0-2]: Starting (kafka.server.ReplicaFetcherThread)
kafka-1-1  | 2026-09-21T22:04:07.474883639Z [2026-09-21 22:04:07,473] INFO [ReplicaFetcher replicaId=1, leaderId=2, fetcherId=0] Truncating partition __consumer_offsets-48 with TruncationState(offset=0, completed=true) due to local high watermark 0 (kafka.server.ReplicaFetcherThread)
kafka-1-1  | 2026-09-21T22:04:07.474885939Z [2026-09-21 22:04:07,473] INFO [UnifiedLog partition=__consumer_offsets-48, dir=/tmp/kafka-logs] Truncating to 0 has no effect as the largest offset in the log is -1 (kafka.log.UnifiedLog)
kafka-1-1  | 2026-09-21T22:04:07.474887539Z [2026-09-21 22:04:07,473] INFO [ReplicaFetcher replicaId=1, leaderId=2, fetcherId=0] Truncating partition __consumer_offsets-41 with TruncationState(offset=0, completed=true) due to local high watermark 0 (kafka.server.ReplicaFetcherThread)
kafka-1-1  | 2026-09-21T22:04:07.474889139Z [2026-09-21 22:04:07,473] INFO [UnifiedLog partition=__consumer_offsets-41, dir=/tmp/kafka-logs] Truncating to 0 has no effect as the largest offset in the log is -1 (kafka.log.UnifiedLog)
kafka-1-1  | 2026-09-21T22:04:07.474890739Z [2026-09-21 22:04:07,473] INFO [ReplicaFetcher replicaId=1, leaderId=2, fetcherId=0] Truncating partition __consumer_offsets-42 with TruncationState(offset=0, completed=true) due to local high watermark 0 (kafka.server.ReplicaFetcherThread)
kafka-1-1  | 2026-09-21T22:04:07.474903941Z [2026-09-21 22:04:07,473] INFO [UnifiedLog partition=__consumer_offsets-42, dir=/tmp/kafka-logs] Truncating to 0 has no effect as the largest offset in the log is -1 (kafka.log.UnifiedLog)
kafka-1-1  | 2026-09-21T22:04:07.474905541Z [2026-09-21 22:04:07,473] INFO [ReplicaFetcher replicaId=1, leaderId=2, fetcherId=0] Truncating partition __consumer_offsets-10 with TruncationState(offset=0, completed=true) due to local high watermark 0 (kafka.server.ReplicaFetcherThread)
kafka-1-1  | 2026-09-21T22:04:07.474907141Z [2026-09-21 22:04:07,473] INFO [UnifiedLog partition=__consumer_offsets-10, dir=/tmp/kafka-logs] Truncating to 0 has no effect as the largest offset in the log is -1 (kafka.log.UnifiedLog)
kafka-1-1  | 2026-09-21T22:04:07.474909541Z [2026-09-21 22:04:07,473] INFO [ReplicaFetcher replicaId=1, leaderId=2, fetcherId=0] Truncating partition __consumer_offsets-21 with TruncationState(offset=0, completed=true) due to local high watermark 0 (kafka.server.ReplicaFetcherThread)
kafka-1-1  | 2026-09-21T22:04:07.474921442Z [2026-09-21 22:04:07,473] INFO [UnifiedLog partition=__consumer_offsets-21, dir=/tmp/kafka-logs] Truncating to 0 has no effect as the largest offset in the log is -1 (kafka.log.UnifiedLog)
kafka-1-1  | 2026-09-21T22:04:07.474922842Z [2026-09-21 22:04:07,473] INFO [ReplicaFetcher replicaId=1, leaderId=2, fetcherId=0] Truncating partition __consumer_offsets-20 with TruncationState(offset=0, completed=true) due to local high watermark 0 (kafka.server.ReplicaFetcherThread)
kafka-1-1  | 2026-09-21T22:04:07.474924242Z [2026-09-21 22:04:07,473] INFO [UnifiedLog partition=__consumer_offsets-20, dir=/tmp/kafka-logs] Truncating to 0 has no effect as the largest offset in the log is -1 (kafka.log.UnifiedLog)
kafka-1-1  | 2026-09-21T22:04:07.474925542Z [2026-09-21 22:04:07,473] INFO [ReplicaFetcher replicaId=1, leaderId=2, fetcherId=0] Truncating partition dados-sensores-5 with TruncationState(offset=0, completed=true) due to local high watermark 0 (kafka.server.ReplicaFetcherThread)
kafka-1-1  | 2026-09-21T22:04:07.474927043Z [2026-09-21 22:04:07,473] INFO [UnifiedLog partition=dados-sensores-5, dir=/tmp/kafka-logs] Truncating to 0 has no effect as the largest offset in the log is -1 (kafka.log.UnifiedLog)
kafka-1-1  | 2026-09-21T22:04:07.474928343Z [2026-09-21 22:04:07,473] INFO [ReplicaFetcher replicaId=1, leaderId=2, fetcherId=0] Truncating partition __consumer_offsets-30 with TruncationState(offset=0, completed=true) due to local high watermark 0 (kafka.server.ReplicaFetcherThread)
kafka-1-1  | 2026-09-21T22:04:07.474929743Z [2026-09-21 22:04:07,473] INFO [UnifiedLog partition=__consumer_offsets-30, dir=/tmp/kafka-logs] Truncating to 0 has no effect as the largest offset in the log is -1 (kafka.log.UnifiedLog)
kafka-1-1  | 2026-09-21T22:04:07.474931143Z [2026-09-21 22:04:07,473] INFO [ReplicaFetcher replicaId=1, leaderId=2, fetcherId=0] Truncating partition __consumer_offsets-37 with TruncationState(offset=0, completed=true) due to local high watermark 0 (kafka.server.ReplicaFetcherThread)
kafka-1-1  | 2026-09-21T22:04:07.474932443Z [2026-09-21 22:04:07,473] INFO [UnifiedLog partition=__consumer_offsets-37, dir=/tmp/kafka-logs] Truncating to 0 has no effect as the largest offset in the log is -1 (kafka.log.UnifiedLog)
kafka-1-1  | 2026-09-21T22:04:07.474934343Z [2026-09-21 22:04:07,473] INFO [ReplicaFetcher replicaId=1, leaderId=2, fetcherId=0] Truncating partition __consumer_offsets-35 with TruncationState(offset=0, completed=true) due to local high watermark 0 (kafka.server.ReplicaFetcherThread)
kafka-1-1  | 2026-09-21T22:04:07.474935843Z [2026-09-21 22:04:07,473] INFO [UnifiedLog partition=__consumer_offsets-35, dir=/tmp/kafka-logs] Truncating to 0 has no effect as the largest offset in the log is -1 (kafka.log.UnifiedLog)
kafka-1-1  | 2026-09-21T22:04:07.474939844Z [2026-09-21 22:04:07,474] INFO [ReplicaFetcher replicaId=1, leaderId=2, fetcherId=0] Truncating partition __consumer_offsets-3 with TruncationState(offset=0, completed=true) due to local high watermark 0 (kafka.server.ReplicaFetcherThread)
kafka-1-1  | 2026-09-21T22:04:07.474941444Z [2026-09-21 22:04:07,474] INFO [UnifiedLog partition=__consumer_offsets-3, dir=/tmp/kafka-logs] Truncating to 0 has no effect as the largest offset in the log is -1 (kafka.log.UnifiedLog)
kafka-1-1  | 2026-09-21T22:04:07.474942844Z [2026-09-21 22:04:07,474] INFO [ReplicaFetcher replicaId=1, leaderId=2, fetcherId=0] Truncating partition __consumer_offsets-1 with TruncationState(offset=0, completed=true) due to local high watermark 0 (kafka.server.ReplicaFetcherThread)
kafka-1-1  | 2026-09-21T22:04:07.474944244Z [2026-09-21 22:04:07,474] INFO [UnifiedLog partition=__consumer_offsets-1, dir=/tmp/kafka-logs] Truncating to 0 has no effect as the largest offset in the log is -1 (kafka.log.UnifiedLog)
kafka-1-1  | 2026-09-21T22:04:07.474945644Z [2026-09-21 22:04:07,474] INFO [ReplicaFetcher replicaId=1, leaderId=2, fetcherId=0] Truncating partition dados-sensores-2 with TruncationState(offset=0, completed=true) due to local high watermark 0 (kafka.server.ReplicaFetcherThread)
kafka-1-1  | 2026-09-21T22:04:07.474947044Z [2026-09-21 22:04:07,474] INFO [UnifiedLog partition=dados-sensores-2, dir=/tmp/kafka-logs] Truncating to 0 has no effect as the largest offset in the log is -1 (kafka.log.UnifiedLog)
kafka-1-1  | 2026-09-21T22:04:07.481585502Z [2026-09-21 22:04:07,481] INFO [GroupCoordinator 1]: Resigned as the group coordinator for partition 15 in epoch OptionalInt[2] (kafka.coordinator.group.GroupCoordinator)
kafka-1-1  | 2026-09-21T22:04:07.481661108Z [2026-09-21 22:04:07,481] INFO [GroupMetadataManager brokerId=1] Scheduling unloading of offsets and group metadata from __consumer_offsets-15 (kafka.coordinator.group.GroupMetadataManager)
kafka-1-1  | 2026-09-21T22:04:07.481666809Z [2026-09-21 22:04:07,481] INFO [GroupCoordinator 1]: Resigned as the group coordinator for partition 48 in epoch OptionalInt[2] (kafka.coordinator.group.GroupCoordinator)
kafka-1-1  | 2026-09-21T22:04:07.481668409Z [2026-09-21 22:04:07,481] INFO [GroupMetadataManager brokerId=1] Scheduling unloading of offsets and group metadata from __consumer_offsets-48 (kafka.coordinator.group.GroupMetadataManager)
kafka-1-1  | 2026-09-21T22:04:07.481669909Z [2026-09-21 22:04:07,481] INFO [GroupCoordinator 1]: Resigned as the group coordinator for partition 46 in epoch OptionalInt[2] (kafka.coordinator.group.GroupCoordinator)
kafka-1-1  | 2026-09-21T22:04:07.481671109Z [2026-09-21 22:04:07,481] INFO [GroupMetadataManager brokerId=1] Scheduling unloading of offsets and group metadata from __consumer_offsets-46 (kafka.coordinator.group.GroupMetadataManager)
kafka-1-1  | 2026-09-21T22:04:07.481672409Z [2026-09-21 22:04:07,481] INFO [GroupCoordinator 1]: Resigned as the group coordinator for partition 14 in epoch OptionalInt[2] (kafka.coordinator.group.GroupCoordinator)
kafka-1-1  | 2026-09-21T22:04:07.481673809Z [2026-09-21 22:04:07,481] INFO [GroupMetadataManager brokerId=1] Scheduling unloading of offsets and group metadata from __consumer_offsets-14 (kafka.coordinator.group.GroupMetadataManager)
kafka-1-1  | 2026-09-21T22:04:07.481685710Z [2026-09-21 22:04:07,481] INFO [GroupCoordinator 1]: Resigned as the group coordinator for partition 41 in epoch OptionalInt[2] (kafka.coordinator.group.GroupCoordinator)
kafka-1-1  | 2026-09-21T22:04:07.481713813Z [2026-09-21 22:04:07,481] INFO [GroupMetadataManager brokerId=1] Scheduling unloading of offsets and group metadata from __consumer_offsets-41 (kafka.coordinator.group.GroupMetadataManager)
kafka-1-1  | 2026-09-21T22:04:07.481716713Z [2026-09-21 22:04:07,481] INFO [GroupCoordinator 1]: Resigned as the group coordinator for partition 42 in epoch OptionalInt[2] (kafka.coordinator.group.GroupCoordinator)
kafka-1-1  | 2026-09-21T22:04:07.481718513Z [2026-09-21 22:04:07,481] INFO [GroupMetadataManager brokerId=1] Scheduling unloading of offsets and group metadata from __consumer_offsets-42 (kafka.coordinator.group.GroupMetadataManager)
kafka-1-1  | 2026-09-21T22:04:07.481732714Z [2026-09-21 22:04:07,481] INFO [GroupCoordinator 1]: Resigned as the group coordinator for partition 10 in epoch OptionalInt[2] (kafka.coordinator.group.GroupCoordinator)
kafka-1-1  | 2026-09-21T22:04:07.481735214Z [2026-09-21 22:04:07,481] INFO [GroupMetadataManager brokerId=1] Scheduling unloading of offsets and group metadata from __consumer_offsets-10 (kafka.coordinator.group.GroupMetadataManager)
kafka-1-1  | 2026-09-21T22:04:07.481736715Z [2026-09-21 22:04:07,481] INFO [GroupCoordinator 1]: Resigned as the group coordinator for partition 21 in epoch OptionalInt[2] (kafka.coordinator.group.GroupCoordinator)
kafka-1-1  | 2026-09-21T22:04:07.481737915Z [2026-09-21 22:04:07,481] INFO [GroupMetadataManager brokerId=1] Scheduling unloading of offsets and group metadata from __consumer_offsets-21 (kafka.coordinator.group.GroupMetadataManager)
kafka-1-1  | 2026-09-21T22:04:07.481758316Z [2026-09-21 22:04:07,481] INFO [GroupCoordinator 1]: Resigned as the group coordinator for partition 20 in epoch OptionalInt[2] (kafka.coordinator.group.GroupCoordinator)
kafka-1-1  | 2026-09-21T22:04:07.481761117Z [2026-09-21 22:04:07,481] INFO [GroupMetadataManager brokerId=1] Scheduling unloading of offsets and group metadata from __consumer_offsets-20 (kafka.coordinator.group.GroupMetadataManager)
kafka-1-1  | 2026-09-21T22:04:07.481772018Z [2026-09-21 22:04:07,481] INFO [GroupCoordinator 1]: Resigned as the group coordinator for partition 30 in epoch OptionalInt[2] (kafka.coordinator.group.GroupCoordinator)
kafka-1-1  | 2026-09-21T22:04:07.481774318Z [2026-09-21 22:04:07,481] INFO [GroupMetadataManager brokerId=1] Scheduling unloading of offsets and group metadata from __consumer_offsets-30 (kafka.coordinator.group.GroupMetadataManager)
kafka-1-1  | 2026-09-21T22:04:07.481800420Z [2026-09-21 22:04:07,481] INFO [GroupCoordinator 1]: Resigned as the group coordinator for partition 27 in epoch OptionalInt[2] (kafka.coordinator.group.GroupCoordinator)
kafka-1-1  | 2026-09-21T22:04:07.481803520Z [2026-09-21 22:04:07,481] INFO [GroupMetadataManager brokerId=1] Scheduling unloading of offsets and group metadata from __consumer_offsets-27 (kafka.coordinator.group.GroupMetadataManager)
kafka-1-1  | 2026-09-21T22:04:07.481805020Z [2026-09-21 22:04:07,481] INFO [GroupCoordinator 1]: Resigned as the group coordinator for partition 26 in epoch OptionalInt[2] (kafka.coordinator.group.GroupCoordinator)
kafka-1-1  | 2026-09-21T22:04:07.481828822Z [2026-09-21 22:04:07,481] INFO [GroupMetadataManager brokerId=1] Scheduling unloading of offsets and group metadata from __consumer_offsets-26 (kafka.coordinator.group.GroupMetadataManager)
kafka-1-1  | 2026-09-21T22:04:07.481831423Z [2026-09-21 22:04:07,481] INFO [GroupCoordinator 1]: Resigned as the group coordinator for partition 7 in epoch OptionalInt[2] (kafka.coordinator.group.GroupCoordinator)
kafka-1-1  | 2026-09-21T22:04:07.481832823Z [2026-09-21 22:04:07,481] INFO [GroupMetadataManager brokerId=1] Scheduling unloading of offsets and group metadata from __consumer_offsets-7 (kafka.coordinator.group.GroupMetadataManager)
kafka-1-1  | 2026-09-21T22:04:07.481848024Z [2026-09-21 22:04:07,481] INFO [GroupCoordinator 1]: Resigned as the group coordinator for partition 37 in epoch OptionalInt[2] (kafka.coordinator.group.GroupCoordinator)
kafka-1-1  | 2026-09-21T22:04:07.481850424Z [2026-09-21 22:04:07,481] INFO [GroupMetadataManager brokerId=1] Scheduling unloading of offsets and group metadata from __consumer_offsets-37 (kafka.coordinator.group.GroupMetadataManager)
kafka-1-1  | 2026-09-21T22:04:07.481887327Z [2026-09-21 22:04:07,481] INFO [GroupCoordinator 1]: Resigned as the group coordinator for partition 3 in epoch OptionalInt[2] (kafka.coordinator.group.GroupCoordinator)
kafka-1-1  | 2026-09-21T22:04:07.481891528Z [2026-09-21 22:04:07,481] INFO [GroupMetadataManager brokerId=1] Scheduling unloading of offsets and group metadata from __consumer_offsets-3 (kafka.coordinator.group.GroupMetadataManager)
kafka-1-1  | 2026-09-21T22:04:07.481893028Z [2026-09-21 22:04:07,481] INFO [GroupCoordinator 1]: Resigned as the group coordinator for partition 35 in epoch OptionalInt[2] (kafka.coordinator.group.GroupCoordinator)
kafka-1-1  | 2026-09-21T22:04:07.481917330Z [2026-09-21 22:04:07,481] INFO [GroupMetadataManager brokerId=1] Scheduling unloading of offsets and group metadata from __consumer_offsets-35 (kafka.coordinator.group.GroupMetadataManager)
kafka-1-1  | 2026-09-21T22:04:07.481919930Z [2026-09-21 22:04:07,481] INFO [GroupCoordinator 1]: Resigned as the group coordinator for partition 1 in epoch OptionalInt[2] (kafka.coordinator.group.GroupCoordinator)
kafka-1-1  | 2026-09-21T22:04:07.481921430Z [2026-09-21 22:04:07,481] INFO [GroupMetadataManager brokerId=1] Scheduling unloading of offsets and group metadata from __consumer_offsets-1 (kafka.coordinator.group.GroupMetadataManager)
kafka-1-1  | 2026-09-21T22:04:07.486365403Z [2026-09-21 22:04:07,484] INFO [GroupMetadataManager brokerId=1] Finished unloading __consumer_offsets-15 for coordinator epoch OptionalInt[2]. Removed 0 cached offsets and 0 cached groups. (kafka.coordinator.group.GroupMetadataManager)
kafka-1-1  | 2026-09-21T22:04:07.486384505Z [2026-09-21 22:04:07,484] INFO [GroupMetadataManager brokerId=1] Finished unloading __consumer_offsets-48 for coordinator epoch OptionalInt[2]. Removed 0 cached offsets and 0 cached groups. (kafka.coordinator.group.GroupMetadataManager)
kafka-1-1  | 2026-09-21T22:04:07.486386905Z [2026-09-21 22:04:07,484] INFO [GroupMetadataManager brokerId=1] Finished unloading __consumer_offsets-46 for coordinator epoch OptionalInt[2]. Removed 0 cached offsets and 0 cached groups. (kafka.coordinator.group.GroupMetadataManager)
kafka-1-1  | 2026-09-21T22:04:07.486388605Z [2026-09-21 22:04:07,484] INFO [GroupMetadataManager brokerId=1] Finished unloading __consumer_offsets-14 for coordinator epoch OptionalInt[2]. Removed 0 cached offsets and 0 cached groups. (kafka.coordinator.group.GroupMetadataManager)
kafka-1-1  | 2026-09-21T22:04:07.486390005Z [2026-09-21 22:04:07,484] INFO [GroupMetadataManager brokerId=1] Finished unloading __consumer_offsets-41 for coordinator epoch OptionalInt[2]. Removed 0 cached offsets and 0 cached groups. (kafka.coordinator.group.GroupMetadataManager)
kafka-1-1  | 2026-09-21T22:04:07.486391406Z [2026-09-21 22:04:07,484] INFO [GroupMetadataManager brokerId=1] Finished unloading __consumer_offsets-42 for coordinator epoch OptionalInt[2]. Removed 0 cached offsets and 0 cached groups. (kafka.coordinator.group.GroupMetadataManager)
kafka-1-1  | 2026-09-21T22:04:07.486392806Z [2026-09-21 22:04:07,484] INFO [GroupMetadataManager brokerId=1] Finished unloading __consumer_offsets-10 for coordinator epoch OptionalInt[2]. Removed 0 cached offsets and 0 cached groups. (kafka.coordinator.group.GroupMetadataManager)
kafka-1-1  | 2026-09-21T22:04:07.486405707Z [2026-09-21 22:04:07,485] INFO [GroupMetadataManager brokerId=1] Finished unloading __consumer_offsets-21 for coordinator epoch OptionalInt[2]. Removed 0 cached offsets and 0 cached groups. (kafka.coordinator.group.GroupMetadataManager)
kafka-1-1  | 2026-09-21T22:04:07.486408507Z [2026-09-21 22:04:07,485] INFO [GroupMetadataManager brokerId=1] Finished unloading __consumer_offsets-20 for coordinator epoch OptionalInt[2]. Removed 0 cached offsets and 0 cached groups. (kafka.coordinator.group.GroupMetadataManager)
kafka-1-1  | 2026-09-21T22:04:07.486410007Z [2026-09-21 22:04:07,486] INFO [GroupMetadataManager brokerId=1] Finished unloading __consumer_offsets-30 for coordinator epoch OptionalInt[2]. Removed 0 cached offsets and 0 cached groups. (kafka.coordinator.group.GroupMetadataManager)
kafka-1-1  | 2026-09-21T22:04:07.486411407Z [2026-09-21 22:04:07,486] INFO [GroupMetadataManager brokerId=1] Finished unloading __consumer_offsets-27 for coordinator epoch OptionalInt[2]. Removed 0 cached offsets and 0 cached groups. (kafka.coordinator.group.GroupMetadataManager)
kafka-1-1  | 2026-09-21T22:04:07.486412707Z [2026-09-21 22:04:07,486] INFO [GroupMetadataManager brokerId=1] Finished unloading __consumer_offsets-26 for coordinator epoch OptionalInt[2]. Removed 0 cached offsets and 0 cached groups. (kafka.coordinator.group.GroupMetadataManager)
kafka-1-1  | 2026-09-21T22:04:07.486414108Z [2026-09-21 22:04:07,486] INFO [GroupMetadataManager brokerId=1] Finished unloading __consumer_offsets-7 for coordinator epoch OptionalInt[2]. Removed 0 cached offsets and 0 cached groups. (kafka.coordinator.group.GroupMetadataManager)
kafka-1-1  | 2026-09-21T22:04:07.486426709Z [2026-09-21 22:04:07,486] INFO [GroupMetadataManager brokerId=1] Finished unloading __consumer_offsets-37 for coordinator epoch OptionalInt[2]. Removed 0 cached offsets and 0 cached groups. (kafka.coordinator.group.GroupMetadataManager)
kafka-1-1  | 2026-09-21T22:04:07.486431409Z [2026-09-21 22:04:07,486] INFO [GroupMetadataManager brokerId=1] Finished unloading __consumer_offsets-3 for coordinator epoch OptionalInt[2]. Removed 0 cached offsets and 0 cached groups. (kafka.coordinator.group.GroupMetadataManager)
kafka-1-1  | 2026-09-21T22:04:07.486433209Z [2026-09-21 22:04:07,486] INFO [GroupMetadataManager brokerId=1] Finished unloading __consumer_offsets-35 for coordinator epoch OptionalInt[2]. Removed 0 cached offsets and 0 cached groups. (kafka.coordinator.group.GroupMetadataManager)
kafka-1-1  | 2026-09-21T22:04:07.486434609Z [2026-09-21 22:04:07,486] INFO [GroupMetadataManager brokerId=1] Finished unloading __consumer_offsets-1 for coordinator epoch OptionalInt[2]. Removed 0 cached offsets and 0 cached groups. (kafka.coordinator.group.GroupMetadataManager)
kafka-1-1  | 2026-09-21T22:04:21.518305367Z [2026-09-21 22:04:21,517] INFO [GroupCoordinator 1]: Dynamic member with unknown member id joins group processadores-sensores in Stable state. Created a new member id consumidor-c0aa95a89b68-417dd602-5832-414b-bf3f-1325accbc0bb and request the member to rejoin with this id. (kafka.coordinator.group.GroupCoordinator)
kafka-1-1  | 2026-09-21T22:04:21.519954298Z [2026-09-21 22:04:21,519] INFO [GroupCoordinator 1]: Preparing to rebalance group processadores-sensores in state PreparingRebalance with old generation 4 (__consumer_offsets-0) (reason: Adding new member consumidor-c0aa95a89b68-417dd602-5832-414b-bf3f-1325accbc0bb with group instance id None; client reason: need to re-join with the given member-id: consumidor-c0aa95a89b68-417dd602-5832-414b-bf3f-1325accbc0bb) (kafka.coordinator.group.GroupCoordinator)
kafka-1-1  | 2026-09-21T22:04:23.108912390Z [2026-09-21 22:04:23,108] INFO [GroupCoordinator 1]: Stabilized group processadores-sensores generation 5 (__consumer_offsets-0) with 3 members (kafka.coordinator.group.GroupCoordinator)
kafka-1-1  | 2026-09-21T22:04:23.111545301Z [2026-09-21 22:04:23,111] INFO [GroupCoordinator 1]: Assignment received from leader consumidor-d1eb4b628c57-921d97c4-d230-49a4-9d04-159490db2559 for group processadores-sensores for generation 5. The group has 3 members, 0 of which are static. (kafka.coordinator.group.GroupCoordinator)
kafka-1-1  | 2026-09-21T22:05:01.431794858Z [2026-09-21 22:05:01,431] INFO [GroupCoordinator 1]: Preparing to rebalance group processadores-sensores in state PreparingRebalance with old generation 5 (__consumer_offsets-0) (reason: Removing member consumidor-98e1a3df50f0-ca3e4ab4-b5e9-488f-880b-78b2452bdc1f on LeaveGroup; client reason: the consumer is being closed) (kafka.coordinator.group.GroupCoordinator)
kafka-1-1  | 2026-09-21T22:05:01.431929568Z [2026-09-21 22:05:01,431] INFO [GroupCoordinator 1]: Member MemberMetadata(memberId=consumidor-98e1a3df50f0-ca3e4ab4-b5e9-488f-880b-78b2452bdc1f, groupInstanceId=None, clientId=consumidor-98e1a3df50f0, clientHost=/172.19.0.10, sessionTimeoutMs=10000, rebalanceTimeoutMs=300000, supportedProtocols=List(roundrobin)) has left group processadores-sensores through explicit `LeaveGroup`; client reason: the consumer is being closed (kafka.coordinator.group.GroupCoordinator)
kafka-1-1  | 2026-09-21T22:05:01.433396171Z [2026-09-21 22:05:01,433] INFO [GroupCoordinator 1]: Member MemberMetadata(memberId=consumidor-d1eb4b628c57-921d97c4-d230-49a4-9d04-159490db2559, groupInstanceId=None, clientId=consumidor-d1eb4b628c57, clientHost=/172.19.0.6, sessionTimeoutMs=10000, rebalanceTimeoutMs=300000, supportedProtocols=List(roundrobin)) has left group processadores-sensores through explicit `LeaveGroup`; client reason: the consumer is being closed (kafka.coordinator.group.GroupCoordinator)
kafka-1-1  | 2026-09-21T22:05:02.127661184Z [2026-09-21 22:05:02,127] INFO [GroupCoordinator 1]: Stabilized group processadores-sensores generation 6 (__consumer_offsets-0) with 1 members (kafka.coordinator.group.GroupCoordinator)
kafka-1-1  | 2026-09-21T22:05:02.132996661Z [2026-09-21 22:05:02,132] INFO [GroupCoordinator 1]: Assignment received from leader consumidor-c0aa95a89b68-417dd602-5832-414b-bf3f-1325accbc0bb for group processadores-sensores for generation 6. The group has 1 members, 0 of which are static. (kafka.coordinator.group.GroupCoordinator)
kafka-1-1  | 2026-09-21T22:05:38.856026729Z [2026-09-21 22:05:38,855] INFO [GroupCoordinator 1]: Dynamic member with unknown member id joins group processadores-sensores in Stable state. Created a new member id consumidor-5f3b04119deb-621b8f6f-9fc7-49bd-9c74-4b834681866c and request the member to rejoin with this id. (kafka.coordinator.group.GroupCoordinator)
kafka-1-1  | 2026-09-21T22:05:38.858149404Z [2026-09-21 22:05:38,857] INFO [GroupCoordinator 1]: Preparing to rebalance group processadores-sensores in state PreparingRebalance with old generation 6 (__consumer_offsets-0) (reason: Adding new member consumidor-5f3b04119deb-621b8f6f-9fc7-49bd-9c74-4b834681866c with group instance id None; client reason: need to re-join with the given member-id: consumidor-5f3b04119deb-621b8f6f-9fc7-49bd-9c74-4b834681866c) (kafka.coordinator.group.GroupCoordinator)
kafka-1-1  | 2026-09-21T22:05:41.142630296Z [2026-09-21 22:05:41,142] INFO [GroupCoordinator 1]: Stabilized group processadores-sensores generation 7 (__consumer_offsets-0) with 2 members (kafka.coordinator.group.GroupCoordinator)
kafka-1-1  | 2026-09-21T22:05:41.146119184Z [2026-09-21 22:05:41,145] INFO [GroupCoordinator 1]: Assignment received from leader consumidor-c0aa95a89b68-417dd602-5832-414b-bf3f-1325accbc0bb for group processadores-sensores for generation 7. The group has 2 members, 0 of which are static. (kafka.coordinator.group.GroupCoordinator)
kafka-1-1  | 2026-09-21T22:06:10.816408487Z [2026-09-21 22:06:10,815] INFO [GroupCoordinator 1]: Dynamic member with unknown member id joins group processadores-sensores in Stable state. Created a new member id consumidor-07b7cd127114-d319ab62-3f86-4932-a636-78c6f8ceb22d and request the member to rejoin with this id. (kafka.coordinator.group.GroupCoordinator)
kafka-1-1  | 2026-09-21T22:06:10.818016436Z [2026-09-21 22:06:10,817] INFO [GroupCoordinator 1]: Preparing to rebalance group processadores-sensores in state PreparingRebalance with old generation 7 (__consumer_offsets-0) (reason: Adding new member consumidor-07b7cd127114-d319ab62-3f86-4932-a636-78c6f8ceb22d with group instance id None; client reason: need to re-join with the given member-id: consumidor-07b7cd127114-d319ab62-3f86-4932-a636-78c6f8ceb22d) (kafka.coordinator.group.GroupCoordinator)
kafka-1-1  | 2026-09-21T22:06:11.160610113Z [2026-09-21 22:06:11,160] INFO [GroupCoordinator 1]: Stabilized group processadores-sensores generation 8 (__consumer_offsets-0) with 3 members (kafka.coordinator.group.GroupCoordinator)
kafka-1-1  | 2026-09-21T22:06:11.163302963Z [2026-09-21 22:06:11,162] INFO [GroupCoordinator 1]: Assignment received from leader consumidor-c0aa95a89b68-417dd602-5832-414b-bf3f-1325accbc0bb for group processadores-sensores for generation 8. The group has 3 members, 0 of which are static. (kafka.coordinator.group.GroupCoordinator)
kafka-1-1  | 2026-09-21T22:06:43.559509988Z [2026-09-21 22:06:43,559] INFO [GroupCoordinator 1]: Dynamic member with unknown member id joins group processadores-sensores in Stable state. Created a new member id consumidor-fabd0f4656fb-79e1543b-54f3-4ee6-be28-f0a4ee25b94e and request the member to rejoin with this id. (kafka.coordinator.group.GroupCoordinator)
kafka-1-1  | 2026-09-21T22:06:43.561799491Z [2026-09-21 22:06:43,561] INFO [GroupCoordinator 1]: Preparing to rebalance group processadores-sensores in state PreparingRebalance with old generation 8 (__consumer_offsets-0) (reason: Adding new member consumidor-fabd0f4656fb-79e1543b-54f3-4ee6-be28-f0a4ee25b94e with group instance id None; client reason: need to re-join with the given member-id: consumidor-fabd0f4656fb-79e1543b-54f3-4ee6-be28-f0a4ee25b94e) (kafka.coordinator.group.GroupCoordinator)
kafka-1-1  | 2026-09-21T22:06:43.704198629Z [2026-09-21 22:06:43,703] INFO [GroupCoordinator 1]: Dynamic member with unknown member id joins group processadores-sensores in PreparingRebalance state. Created a new member id consumidor-f4800a19bf20-af471b37-5315-475a-bbf7-1aa7bddae4e2 and request the member to rejoin with this id. (kafka.coordinator.group.GroupCoordinator)
kafka-1-1  | 2026-09-21T22:06:43.836267549Z [2026-09-21 22:06:43,836] INFO [GroupCoordinator 1]: Dynamic member with unknown member id joins group processadores-sensores in PreparingRebalance state. Created a new member id consumidor-34535a7e28ac-bb6a83b5-089d-4e0c-afc7-ccbc04ccda05 and request the member to rejoin with this id. (kafka.coordinator.group.GroupCoordinator)
kafka-1-1  | 2026-09-21T22:06:44.180098662Z [2026-09-21 22:06:44,179] INFO [GroupCoordinator 1]: Stabilized group processadores-sensores generation 9 (__consumer_offsets-0) with 6 members (kafka.coordinator.group.GroupCoordinator)
kafka-1-1  | 2026-09-21T22:06:44.182889310Z [2026-09-21 22:06:44,182] INFO [GroupCoordinator 1]: Assignment received from leader consumidor-c0aa95a89b68-417dd602-5832-414b-bf3f-1325accbc0bb for group processadores-sensores for generation 9. The group has 6 members, 0 of which are static. (kafka.coordinator.group.GroupCoordinator)
kafka-1-1  | 2026-09-21T22:07:16.142160472Z [2026-09-21 22:07:16,141] INFO [GroupCoordinator 1]: Dynamic member with unknown member id joins group processadores-sensores in Stable state. Created a new member id consumidor-1c42e2b7e207-773de35e-ff69-4443-b952-f00c0dd0970d and request the member to rejoin with this id. (kafka.coordinator.group.GroupCoordinator)
kafka-1-1  | 2026-09-21T22:07:16.144487668Z [2026-09-21 22:07:16,144] INFO [GroupCoordinator 1]: Preparing to rebalance group processadores-sensores in state PreparingRebalance with old generation 9 (__consumer_offsets-0) (reason: Adding new member consumidor-1c42e2b7e207-773de35e-ff69-4443-b952-f00c0dd0970d with group instance id None; client reason: need to re-join with the given member-id: consumidor-1c42e2b7e207-773de35e-ff69-4443-b952-f00c0dd0970d) (kafka.coordinator.group.GroupCoordinator)
kafka-1-1  | 2026-09-21T22:07:16.257949822Z [2026-09-21 22:07:16,257] INFO [GroupCoordinator 1]: Dynamic member with unknown member id joins group processadores-sensores in PreparingRebalance state. Created a new member id consumidor-30f84d85a0dc-12a5aaf0-dfa3-49f0-8cd3-7db35f80534d and request the member to rejoin with this id. (kafka.coordinator.group.GroupCoordinator)
kafka-1-1  | 2026-09-21T22:07:17.204353810Z [2026-09-21 22:07:17,204] INFO [GroupCoordinator 1]: Stabilized group processadores-sensores generation 10 (__consumer_offsets-0) with 8 members (kafka.coordinator.group.GroupCoordinator)
kafka-1-1  | 2026-09-21T22:07:17.209233121Z [2026-09-21 22:07:17,208] INFO [GroupCoordinator 1]: Assignment received from leader consumidor-c0aa95a89b68-417dd602-5832-414b-bf3f-1325accbc0bb for group processadores-sensores for generation 10. The group has 8 members, 0 of which are static. (kafka.coordinator.group.GroupCoordinator)
kafka-1-1  | 2026-09-21T22:08:09.470168791Z [2026-09-21 22:08:09,468] INFO [GroupCoordinator 1]: Preparing to rebalance group processadores-sensores in state PreparingRebalance with old generation 10 (__consumer_offsets-0) (reason: Removing member consumidor-fabd0f4656fb-79e1543b-54f3-4ee6-be28-f0a4ee25b94e on LeaveGroup; client reason: the consumer is being closed) (kafka.coordinator.group.GroupCoordinator)
kafka-1-1  | 2026-09-21T22:08:09.470203794Z [2026-09-21 22:08:09,469] INFO [GroupCoordinator 1]: Member MemberMetadata(memberId=consumidor-fabd0f4656fb-79e1543b-54f3-4ee6-be28-f0a4ee25b94e, groupInstanceId=None, clientId=consumidor-fabd0f4656fb, clientHost=/172.19.0.11, sessionTimeoutMs=10000, rebalanceTimeoutMs=300000, supportedProtocols=List(roundrobin)) has left group processadores-sensores through explicit `LeaveGroup`; client reason: the consumer is being closed (kafka.coordinator.group.GroupCoordinator)
kafka-1-1  | 2026-09-21T22:08:09.477257686Z [2026-09-21 22:08:09,476] INFO [GroupCoordinator 1]: Member MemberMetadata(memberId=consumidor-1c42e2b7e207-773de35e-ff69-4443-b952-f00c0dd0970d, groupInstanceId=None, clientId=consumidor-1c42e2b7e207, clientHost=/172.19.0.14, sessionTimeoutMs=10000, rebalanceTimeoutMs=300000, supportedProtocols=List(roundrobin)) has left group processadores-sensores through explicit `LeaveGroup`; client reason: the consumer is being closed (kafka.coordinator.group.GroupCoordinator)
kafka-1-1  | 2026-09-21T22:08:09.479099741Z [2026-09-21 22:08:09,478] INFO [GroupCoordinator 1]: Member MemberMetadata(memberId=consumidor-34535a7e28ac-bb6a83b5-089d-4e0c-afc7-ccbc04ccda05, groupInstanceId=None, clientId=consumidor-34535a7e28ac, clientHost=/172.19.0.13, sessionTimeoutMs=10000, rebalanceTimeoutMs=300000, supportedProtocols=List(roundrobin)) has left group processadores-sensores through explicit `LeaveGroup`; client reason: the consumer is being closed (kafka.coordinator.group.GroupCoordinator)
kafka-1-1  | 2026-09-21T22:08:09.536409053Z [2026-09-21 22:08:09,535] INFO [GroupCoordinator 1]: Member MemberMetadata(memberId=consumidor-30f84d85a0dc-12a5aaf0-dfa3-49f0-8cd3-7db35f80534d, groupInstanceId=None, clientId=consumidor-30f84d85a0dc, clientHost=/172.19.0.15, sessionTimeoutMs=10000, rebalanceTimeoutMs=300000, supportedProtocols=List(roundrobin)) has left group processadores-sensores through explicit `LeaveGroup`; client reason: the consumer is being closed (kafka.coordinator.group.GroupCoordinator)
kafka-1-1  | 2026-09-21T22:08:09.563616038Z [2026-09-21 22:08:09,563] INFO [GroupCoordinator 1]: Member MemberMetadata(memberId=consumidor-f4800a19bf20-af471b37-5315-475a-bbf7-1aa7bddae4e2, groupInstanceId=None, clientId=consumidor-f4800a19bf20, clientHost=/172.19.0.12, sessionTimeoutMs=10000, rebalanceTimeoutMs=300000, supportedProtocols=List(roundrobin)) has left group processadores-sensores through explicit `LeaveGroup`; client reason: the consumer is being closed (kafka.coordinator.group.GroupCoordinator)
kafka-1-1  | 2026-09-21T22:08:11.223229899Z [2026-09-21 22:08:11,222] INFO [GroupCoordinator 1]: Stabilized group processadores-sensores generation 11 (__consumer_offsets-0) with 3 members (kafka.coordinator.group.GroupCoordinator)
kafka-1-1  | 2026-09-21T22:08:11.225745610Z [2026-09-21 22:08:11,225] INFO [GroupCoordinator 1]: Assignment received from leader consumidor-c0aa95a89b68-417dd602-5832-414b-bf3f-1325accbc0bb for group processadores-sensores for generation 11. The group has 3 members, 0 of which are static. (kafka.coordinator.group.GroupCoordinator)
