kafka-2-1  | 2026-09-21T21:52:14.430490767Z ===> User
kafka-2-1  | 2026-09-21T21:52:14.431983164Z uid=1000(appuser) gid=1000(appuser) groups=1000(appuser)
kafka-2-1  | 2026-09-21T21:52:14.432124274Z ===> Setting default values of environment variables if not already set.
kafka-2-1  | 2026-09-21T21:52:14.432344788Z ===> Configuring ...
kafka-2-1  | 2026-09-21T21:52:14.432762015Z Running in KRaft mode...
kafka-2-1  | 2026-09-21T21:52:14.433461361Z ===> Launching ... 
kafka-2-1  | 2026-09-21T21:52:14.435357484Z ===> Using provided cluster id 5L6g3nShT-eMCtK--X86sw ...
kafka-2-1  | 2026-09-21T21:52:16.642356096Z [2026-09-21 21:52:16,641] INFO Registered kafka:type=kafka.Log4jController MBean (kafka.utils.Log4jControllerRegistration$)
kafka-2-1  | 2026-09-21T21:52:16.711996331Z [2026-09-21 21:52:16,711] INFO Setting -D jdk.tls.rejectClientInitiatedRenegotiation=true to disable client-initiated TLS renegotiation (org.apache.zookeeper.common.X509Util)
kafka-2-1  | 2026-09-21T21:52:16.714144871Z [2026-09-21 21:52:16,713] INFO RemoteLogManagerConfig values: 
kafka-2-1  | 2026-09-21T21:52:16.714167772Z 	log.local.retention.bytes = -2
kafka-2-1  | 2026-09-21T21:52:16.714169972Z 	log.local.retention.ms = -2
kafka-2-1  | 2026-09-21T21:52:16.714171272Z 	remote.fetch.max.wait.ms = 500
kafka-2-1  | 2026-09-21T21:52:16.714172372Z 	remote.log.index.file.cache.total.size.bytes = 1073741824
kafka-2-1  | 2026-09-21T21:52:16.714173572Z 	remote.log.manager.copier.thread.pool.size = 10
kafka-2-1  | 2026-09-21T21:52:16.714174772Z 	remote.log.manager.copy.max.bytes.per.second = 9223372036854775807
kafka-2-1  | 2026-09-21T21:52:16.714176073Z 	remote.log.manager.copy.quota.window.num = 11
kafka-2-1  | 2026-09-21T21:52:16.714177273Z 	remote.log.manager.copy.quota.window.size.seconds = 1
kafka-2-1  | 2026-09-21T21:52:16.714178473Z 	remote.log.manager.expiration.thread.pool.size = 10
kafka-2-1  | 2026-09-21T21:52:16.714179673Z 	remote.log.manager.fetch.max.bytes.per.second = 9223372036854775807
kafka-2-1  | 2026-09-21T21:52:16.714180873Z 	remote.log.manager.fetch.quota.window.num = 11
kafka-2-1  | 2026-09-21T21:52:16.714181973Z 	remote.log.manager.fetch.quota.window.size.seconds = 1
kafka-2-1  | 2026-09-21T21:52:16.714183173Z 	remote.log.manager.task.interval.ms = 30000
kafka-2-1  | 2026-09-21T21:52:16.714184273Z 	remote.log.manager.task.retry.backoff.max.ms = 30000
kafka-2-1  | 2026-09-21T21:52:16.714185473Z 	remote.log.manager.task.retry.backoff.ms = 500
kafka-2-1  | 2026-09-21T21:52:16.714186673Z 	remote.log.manager.task.retry.jitter = 0.2
kafka-2-1  | 2026-09-21T21:52:16.714187773Z 	remote.log.manager.thread.pool.size = 10
kafka-2-1  | 2026-09-21T21:52:16.714189173Z 	remote.log.metadata.custom.metadata.max.bytes = 128
kafka-2-1  | 2026-09-21T21:52:16.714190473Z 	remote.log.metadata.manager.class.name = org.apache.kafka.server.log.remote.metadata.storage.TopicBasedRemoteLogMetadataManager
kafka-2-1  | 2026-09-21T21:52:16.714191674Z 	remote.log.metadata.manager.class.path = null
kafka-2-1  | 2026-09-21T21:52:16.714192774Z 	remote.log.metadata.manager.impl.prefix = rlmm.config.
kafka-2-1  | 2026-09-21T21:52:16.714193974Z 	remote.log.metadata.manager.listener.name = null
kafka-2-1  | 2026-09-21T21:52:16.714206175Z 	remote.log.reader.max.pending.tasks = 100
kafka-2-1  | 2026-09-21T21:52:16.714207675Z 	remote.log.reader.threads = 10
kafka-2-1  | 2026-09-21T21:52:16.714208975Z 	remote.log.storage.manager.class.name = null
kafka-2-1  | 2026-09-21T21:52:16.714210175Z 	remote.log.storage.manager.class.path = null
kafka-2-1  | 2026-09-21T21:52:16.714211475Z 	remote.log.storage.manager.impl.prefix = rsm.config.
kafka-2-1  | 2026-09-21T21:52:16.714212675Z 	remote.log.storage.system.enable = false
kafka-2-1  | 2026-09-21T21:52:16.714213875Z  (org.apache.kafka.server.log.remote.storage.RemoteLogManagerConfig)
kafka-2-1  | 2026-09-21T21:52:16.804880979Z [2026-09-21 21:52:16,804] INFO RemoteLogManagerConfig values: 
kafka-2-1  | 2026-09-21T21:52:16.804894580Z 	log.local.retention.bytes = -2
kafka-2-1  | 2026-09-21T21:52:16.804896080Z 	log.local.retention.ms = -2
kafka-2-1  | 2026-09-21T21:52:16.804897180Z 	remote.fetch.max.wait.ms = 500
kafka-2-1  | 2026-09-21T21:52:16.804898280Z 	remote.log.index.file.cache.total.size.bytes = 1073741824
kafka-2-1  | 2026-09-21T21:52:16.804899480Z 	remote.log.manager.copier.thread.pool.size = 10
kafka-2-1  | 2026-09-21T21:52:16.804900580Z 	remote.log.manager.copy.max.bytes.per.second = 9223372036854775807
kafka-2-1  | 2026-09-21T21:52:16.804901880Z 	remote.log.manager.copy.quota.window.num = 11
kafka-2-1  | 2026-09-21T21:52:16.804902980Z 	remote.log.manager.copy.quota.window.size.seconds = 1
kafka-2-1  | 2026-09-21T21:52:16.804904180Z 	remote.log.manager.expiration.thread.pool.size = 10
kafka-2-1  | 2026-09-21T21:52:16.804905381Z 	remote.log.manager.fetch.max.bytes.per.second = 9223372036854775807
kafka-2-1  | 2026-09-21T21:52:16.804906581Z 	remote.log.manager.fetch.quota.window.num = 11
kafka-2-1  | 2026-09-21T21:52:16.804907681Z 	remote.log.manager.fetch.quota.window.size.seconds = 1
kafka-2-1  | 2026-09-21T21:52:16.804908781Z 	remote.log.manager.task.interval.ms = 30000
kafka-2-1  | 2026-09-21T21:52:16.804909881Z 	remote.log.manager.task.retry.backoff.max.ms = 30000
kafka-2-1  | 2026-09-21T21:52:16.804911081Z 	remote.log.manager.task.retry.backoff.ms = 500
kafka-2-1  | 2026-09-21T21:52:16.804912181Z 	remote.log.manager.task.retry.jitter = 0.2
kafka-2-1  | 2026-09-21T21:52:16.804913381Z 	remote.log.manager.thread.pool.size = 10
kafka-2-1  | 2026-09-21T21:52:16.804914481Z 	remote.log.metadata.custom.metadata.max.bytes = 128
kafka-2-1  | 2026-09-21T21:52:16.804915681Z 	remote.log.metadata.manager.class.name = org.apache.kafka.server.log.remote.metadata.storage.TopicBasedRemoteLogMetadataManager
kafka-2-1  | 2026-09-21T21:52:16.804916881Z 	remote.log.metadata.manager.class.path = null
kafka-2-1  | 2026-09-21T21:52:16.804917981Z 	remote.log.metadata.manager.impl.prefix = rlmm.config.
kafka-2-1  | 2026-09-21T21:52:16.804919081Z 	remote.log.metadata.manager.listener.name = null
kafka-2-1  | 2026-09-21T21:52:16.804920281Z 	remote.log.reader.max.pending.tasks = 100
kafka-2-1  | 2026-09-21T21:52:16.804921382Z 	remote.log.reader.threads = 10
kafka-2-1  | 2026-09-21T21:52:16.804922482Z 	remote.log.storage.manager.class.name = null
kafka-2-1  | 2026-09-21T21:52:16.804927182Z 	remote.log.storage.manager.class.path = null
kafka-2-1  | 2026-09-21T21:52:16.804928482Z 	remote.log.storage.manager.impl.prefix = rsm.config.
kafka-2-1  | 2026-09-21T21:52:16.804929582Z 	remote.log.storage.system.enable = false
kafka-2-1  | 2026-09-21T21:52:16.804930682Z  (org.apache.kafka.server.log.remote.storage.RemoteLogManagerConfig)
kafka-2-1  | 2026-09-21T21:52:16.816093409Z [2026-09-21 21:52:16,815] INFO RemoteLogManagerConfig values: 
kafka-2-1  | 2026-09-21T21:52:16.816111510Z 	log.local.retention.bytes = -2
kafka-2-1  | 2026-09-21T21:52:16.816113810Z 	log.local.retention.ms = -2
kafka-2-1  | 2026-09-21T21:52:16.816115010Z 	remote.fetch.max.wait.ms = 500
kafka-2-1  | 2026-09-21T21:52:16.816116311Z 	remote.log.index.file.cache.total.size.bytes = 1073741824
kafka-2-1  | 2026-09-21T21:52:16.816117511Z 	remote.log.manager.copier.thread.pool.size = 10
kafka-2-1  | 2026-09-21T21:52:16.816118711Z 	remote.log.manager.copy.max.bytes.per.second = 9223372036854775807
kafka-2-1  | 2026-09-21T21:52:16.816120011Z 	remote.log.manager.copy.quota.window.num = 11
kafka-2-1  | 2026-09-21T21:52:16.816121311Z 	remote.log.manager.copy.quota.window.size.seconds = 1
kafka-2-1  | 2026-09-21T21:52:16.816122511Z 	remote.log.manager.expiration.thread.pool.size = 10
kafka-2-1  | 2026-09-21T21:52:16.816123711Z 	remote.log.manager.fetch.max.bytes.per.second = 9223372036854775807
kafka-2-1  | 2026-09-21T21:52:16.816125011Z 	remote.log.manager.fetch.quota.window.num = 11
kafka-2-1  | 2026-09-21T21:52:16.816126211Z 	remote.log.manager.fetch.quota.window.size.seconds = 1
kafka-2-1  | 2026-09-21T21:52:16.816127311Z 	remote.log.manager.task.interval.ms = 30000
kafka-2-1  | 2026-09-21T21:52:16.816128511Z 	remote.log.manager.task.retry.backoff.max.ms = 30000
kafka-2-1  | 2026-09-21T21:52:16.816131512Z 	remote.log.manager.task.retry.backoff.ms = 500
kafka-2-1  | 2026-09-21T21:52:16.816145712Z 	remote.log.manager.task.retry.jitter = 0.2
kafka-2-1  | 2026-09-21T21:52:16.816147013Z 	remote.log.manager.thread.pool.size = 10
kafka-2-1  | 2026-09-21T21:52:16.816148213Z 	remote.log.metadata.custom.metadata.max.bytes = 128
kafka-2-1  | 2026-09-21T21:52:16.816149513Z 	remote.log.metadata.manager.class.name = org.apache.kafka.server.log.remote.metadata.storage.TopicBasedRemoteLogMetadataManager
kafka-2-1  | 2026-09-21T21:52:16.816150913Z 	remote.log.metadata.manager.class.path = null
kafka-2-1  | 2026-09-21T21:52:16.816152013Z 	remote.log.metadata.manager.impl.prefix = rlmm.config.
kafka-2-1  | 2026-09-21T21:52:16.816153313Z 	remote.log.metadata.manager.listener.name = null
kafka-2-1  | 2026-09-21T21:52:16.816154413Z 	remote.log.reader.max.pending.tasks = 100
kafka-2-1  | 2026-09-21T21:52:16.816155613Z 	remote.log.reader.threads = 10
kafka-2-1  | 2026-09-21T21:52:16.816156813Z 	remote.log.storage.manager.class.name = null
kafka-2-1  | 2026-09-21T21:52:16.816158013Z 	remote.log.storage.manager.class.path = null
kafka-2-1  | 2026-09-21T21:52:16.816159113Z 	remote.log.storage.manager.impl.prefix = rsm.config.
kafka-2-1  | 2026-09-21T21:52:16.816169914Z 	remote.log.storage.system.enable = false
kafka-2-1  | 2026-09-21T21:52:16.816171514Z  (org.apache.kafka.server.log.remote.storage.RemoteLogManagerConfig)
kafka-2-1  | 2026-09-21T21:52:16.827422847Z [2026-09-21 21:52:16,827] INFO Registered signal handlers for TERM, INT, HUP (org.apache.kafka.common.utils.LoggingSignalHandler)
kafka-2-1  | 2026-09-21T21:52:16.830470145Z [2026-09-21 21:52:16,830] INFO [ControllerServer id=2] Starting controller (kafka.server.ControllerServer)
kafka-2-1  | 2026-09-21T21:52:16.832587583Z [2026-09-21 21:52:16,832] INFO RemoteLogManagerConfig values: 
kafka-2-1  | 2026-09-21T21:52:16.832600584Z 	log.local.retention.bytes = -2
kafka-2-1  | 2026-09-21T21:52:16.832602484Z 	log.local.retention.ms = -2
kafka-2-1  | 2026-09-21T21:52:16.832603784Z 	remote.fetch.max.wait.ms = 500
kafka-2-1  | 2026-09-21T21:52:16.832604984Z 	remote.log.index.file.cache.total.size.bytes = 1073741824
kafka-2-1  | 2026-09-21T21:52:16.832606184Z 	remote.log.manager.copier.thread.pool.size = 10
kafka-2-1  | 2026-09-21T21:52:16.832607484Z 	remote.log.manager.copy.max.bytes.per.second = 9223372036854775807
kafka-2-1  | 2026-09-21T21:52:16.832608684Z 	remote.log.manager.copy.quota.window.num = 11
kafka-2-1  | 2026-09-21T21:52:16.832609885Z 	remote.log.manager.copy.quota.window.size.seconds = 1
kafka-2-1  | 2026-09-21T21:52:16.832610985Z 	remote.log.manager.expiration.thread.pool.size = 10
kafka-2-1  | 2026-09-21T21:52:16.832612185Z 	remote.log.manager.fetch.max.bytes.per.second = 9223372036854775807
kafka-2-1  | 2026-09-21T21:52:16.832613385Z 	remote.log.manager.fetch.quota.window.num = 11
kafka-2-1  | 2026-09-21T21:52:16.832614485Z 	remote.log.manager.fetch.quota.window.size.seconds = 1
kafka-2-1  | 2026-09-21T21:52:16.832615685Z 	remote.log.manager.task.interval.ms = 30000
kafka-2-1  | 2026-09-21T21:52:16.832616885Z 	remote.log.manager.task.retry.backoff.max.ms = 30000
kafka-2-1  | 2026-09-21T21:52:16.832618085Z 	remote.log.manager.task.retry.backoff.ms = 500
kafka-2-1  | 2026-09-21T21:52:16.832619285Z 	remote.log.manager.task.retry.jitter = 0.2
kafka-2-1  | 2026-09-21T21:52:16.832620385Z 	remote.log.manager.thread.pool.size = 10
kafka-2-1  | 2026-09-21T21:52:16.832621585Z 	remote.log.metadata.custom.metadata.max.bytes = 128
kafka-2-1  | 2026-09-21T21:52:16.832622785Z 	remote.log.metadata.manager.class.name = org.apache.kafka.server.log.remote.metadata.storage.TopicBasedRemoteLogMetadataManager
kafka-2-1  | 2026-09-21T21:52:16.832624085Z 	remote.log.metadata.manager.class.path = null
kafka-2-1  | 2026-09-21T21:52:16.832625186Z 	remote.log.metadata.manager.impl.prefix = rlmm.config.
kafka-2-1  | 2026-09-21T21:52:16.832626386Z 	remote.log.metadata.manager.listener.name = null
kafka-2-1  | 2026-09-21T21:52:16.832643187Z 	remote.log.reader.max.pending.tasks = 100
kafka-2-1  | 2026-09-21T21:52:16.832645287Z 	remote.log.reader.threads = 10
kafka-2-1  | 2026-09-21T21:52:16.832646587Z 	remote.log.storage.manager.class.name = null
kafka-2-1  | 2026-09-21T21:52:16.832648087Z 	remote.log.storage.manager.class.path = null
kafka-2-1  | 2026-09-21T21:52:16.832657988Z 	remote.log.storage.manager.impl.prefix = rsm.config.
kafka-2-1  | 2026-09-21T21:52:16.832659488Z 	remote.log.storage.system.enable = false
kafka-2-1  | 2026-09-21T21:52:16.832660688Z  (org.apache.kafka.server.log.remote.storage.RemoteLogManagerConfig)
kafka-2-1  | 2026-09-21T21:52:17.019228236Z [2026-09-21 21:52:17,018] INFO Updated connection-accept-rate max connection creation rate to 2147483647 (kafka.network.ConnectionQuotas)
kafka-2-1  | 2026-09-21T21:52:17.043509918Z [2026-09-21 21:52:17,043] INFO [SocketServer listenerType=CONTROLLER, nodeId=2] Created data-plane acceptor and processors for endpoint : ListenerName(CONTROLLER) (kafka.network.SocketServer)
kafka-2-1  | 2026-09-21T21:52:17.048640852Z [2026-09-21 21:52:17,048] INFO authorizerStart completed for endpoint CONTROLLER. Endpoint is now READY. (org.apache.kafka.server.network.EndpointReadyFutures)
kafka-2-1  | 2026-09-21T21:52:17.049398901Z [2026-09-21 21:52:17,049] INFO [SharedServer id=2] Starting SharedServer (kafka.server.SharedServer)
kafka-2-1  | 2026-09-21T21:52:17.051168816Z [2026-09-21 21:52:17,050] INFO RemoteLogManagerConfig values: 
kafka-2-1  | 2026-09-21T21:52:17.051177517Z 	log.local.retention.bytes = -2
kafka-2-1  | 2026-09-21T21:52:17.051179217Z 	log.local.retention.ms = -2
kafka-2-1  | 2026-09-21T21:52:17.051180417Z 	remote.fetch.max.wait.ms = 500
kafka-2-1  | 2026-09-21T21:52:17.051181517Z 	remote.log.index.file.cache.total.size.bytes = 1073741824
kafka-2-1  | 2026-09-21T21:52:17.051182717Z 	remote.log.manager.copier.thread.pool.size = 10
kafka-2-1  | 2026-09-21T21:52:17.051184017Z 	remote.log.manager.copy.max.bytes.per.second = 9223372036854775807
kafka-2-1  | 2026-09-21T21:52:17.051185217Z 	remote.log.manager.copy.quota.window.num = 11
kafka-2-1  | 2026-09-21T21:52:17.051186417Z 	remote.log.manager.copy.quota.window.size.seconds = 1
kafka-2-1  | 2026-09-21T21:52:17.051187618Z 	remote.log.manager.expiration.thread.pool.size = 10
kafka-2-1  | 2026-09-21T21:52:17.051188818Z 	remote.log.manager.fetch.max.bytes.per.second = 9223372036854775807
kafka-2-1  | 2026-09-21T21:52:17.051189918Z 	remote.log.manager.fetch.quota.window.num = 11
kafka-2-1  | 2026-09-21T21:52:17.051191118Z 	remote.log.manager.fetch.quota.window.size.seconds = 1
kafka-2-1  | 2026-09-21T21:52:17.051192218Z 	remote.log.manager.task.interval.ms = 30000
kafka-2-1  | 2026-09-21T21:52:17.051193418Z 	remote.log.manager.task.retry.backoff.max.ms = 30000
kafka-2-1  | 2026-09-21T21:52:17.051194618Z 	remote.log.manager.task.retry.backoff.ms = 500
kafka-2-1  | 2026-09-21T21:52:17.051195818Z 	remote.log.manager.task.retry.jitter = 0.2
kafka-2-1  | 2026-09-21T21:52:17.051196918Z 	remote.log.manager.thread.pool.size = 10
kafka-2-1  | 2026-09-21T21:52:17.051198018Z 	remote.log.metadata.custom.metadata.max.bytes = 128
kafka-2-1  | 2026-09-21T21:52:17.051199218Z 	remote.log.metadata.manager.class.name = org.apache.kafka.server.log.remote.metadata.storage.TopicBasedRemoteLogMetadataManager
kafka-2-1  | 2026-09-21T21:52:17.051200518Z 	remote.log.metadata.manager.class.path = null
kafka-2-1  | 2026-09-21T21:52:17.051201618Z 	remote.log.metadata.manager.impl.prefix = rlmm.config.
kafka-2-1  | 2026-09-21T21:52:17.051202919Z 	remote.log.metadata.manager.listener.name = null
kafka-2-1  | 2026-09-21T21:52:17.051223020Z 	remote.log.reader.max.pending.tasks = 100
kafka-2-1  | 2026-09-21T21:52:17.051225520Z 	remote.log.reader.threads = 10
kafka-2-1  | 2026-09-21T21:52:17.051226820Z 	remote.log.storage.manager.class.name = null
kafka-2-1  | 2026-09-21T21:52:17.051227920Z 	remote.log.storage.manager.class.path = null
kafka-2-1  | 2026-09-21T21:52:17.051229020Z 	remote.log.storage.manager.impl.prefix = rsm.config.
kafka-2-1  | 2026-09-21T21:52:17.051230320Z 	remote.log.storage.system.enable = false
kafka-2-1  | 2026-09-21T21:52:17.051231420Z  (org.apache.kafka.server.log.remote.storage.RemoteLogManagerConfig)
kafka-2-1  | 2026-09-21T21:52:17.120637340Z [2026-09-21 21:52:17,120] INFO [LogLoader partition=__cluster_metadata-0, dir=/tmp/kafka-logs] Loading producer state till offset 0 with message format version 2 (kafka.log.UnifiedLog$)
kafka-2-1  | 2026-09-21T21:52:17.121776314Z [2026-09-21 21:52:17,121] INFO [LogLoader partition=__cluster_metadata-0, dir=/tmp/kafka-logs] Reloading from producer snapshot and rebuilding producer state from offset 0 (kafka.log.UnifiedLog$)
kafka-2-1  | 2026-09-21T21:52:17.121975227Z [2026-09-21 21:52:17,121] INFO [LogLoader partition=__cluster_metadata-0, dir=/tmp/kafka-logs] Producer state recovery took 0ms for snapshot load and 0ms for segment recovery from offset 0 (kafka.log.UnifiedLog$)
kafka-2-1  | 2026-09-21T21:52:17.132771630Z [2026-09-21 21:52:17,132] INFO Initialized snapshots with IDs SortedSet() from /tmp/kafka-logs/__cluster_metadata-0 (kafka.raft.KafkaMetadataLog$)
kafka-2-1  | 2026-09-21T21:52:17.138771521Z [2026-09-21 21:52:17,138] INFO [raft-expiration-reaper]: Starting (kafka.raft.TimingWheelExpirationService$ExpiredOperationReaper)
kafka-2-1  | 2026-09-21T21:52:17.143113903Z [2026-09-21 21:52:17,142] INFO [RaftManager id=2] Reading KRaft snapshot and log as part of the initialization (org.apache.kafka.raft.KafkaRaftClient)
kafka-2-1  | 2026-09-21T21:52:17.145987191Z [2026-09-21 21:52:17,144] INFO [RaftManager id=2] Starting request manager with static voters: [kafka-1:9093 (id: 1 rack: null), kafka-2:9093 (id: 2 rack: null), kafka-3:9093 (id: 3 rack: null)] (org.apache.kafka.raft.KafkaRaftClient)
kafka-2-1  | 2026-09-21T21:52:17.175688725Z [2026-09-21 21:52:17,175] INFO [RaftManager id=2] Completed transition to Unattached(epoch=0, voters=[1, 2, 3], electionTimeoutMs=1257) from null (org.apache.kafka.raft.QuorumState)
kafka-2-1  | 2026-09-21T21:52:17.176532180Z [2026-09-21 21:52:17,176] INFO [kafka-2-raft-outbound-request-thread]: Starting (org.apache.kafka.raft.KafkaNetworkChannel$SendThread)
kafka-2-1  | 2026-09-21T21:52:17.177711356Z [2026-09-21 21:52:17,177] INFO [kafka-2-raft-io-thread]: Starting (org.apache.kafka.raft.KafkaRaftClientDriver)
kafka-2-1  | 2026-09-21T21:52:17.185376355Z [2026-09-21 21:52:17,185] INFO [MetadataLoader id=2] initializeNewPublishers: the loader is still catching up because we still don't know the high water mark yet. (org.apache.kafka.image.loader.MetadataLoader)
kafka-2-1  | 2026-09-21T21:52:17.185812884Z [2026-09-21 21:52:17,185] INFO [RaftManager id=2] Registered the listener org.apache.kafka.image.loader.MetadataLoader@126168058 (org.apache.kafka.raft.KafkaRaftClient)
kafka-2-1  | 2026-09-21T21:52:17.189601831Z [2026-09-21 21:52:17,187] INFO [ControllerServer id=2] Waiting for controller quorum voters future (kafka.server.ControllerServer)
kafka-2-1  | 2026-09-21T21:52:17.189890249Z [2026-09-21 21:52:17,189] INFO [ControllerServer id=2] Finished waiting for controller quorum voters future (kafka.server.ControllerServer)
kafka-2-1  | 2026-09-21T21:52:17.201545108Z [2026-09-21 21:52:17,201] INFO [RaftManager id=2] Registered the listener org.apache.kafka.controller.QuorumController$QuorumMetaLogListener@795614714 (org.apache.kafka.raft.KafkaRaftClient)
kafka-2-1  | 2026-09-21T21:52:17.205293952Z [2026-09-21 21:52:17,205] INFO [controller-2-ThrottledChannelReaper-Fetch]: Starting (kafka.server.ClientQuotaManager$ThrottledChannelReaper)
kafka-2-1  | 2026-09-21T21:52:17.205671177Z [2026-09-21 21:52:17,205] INFO [controller-2-ThrottledChannelReaper-Produce]: Starting (kafka.server.ClientQuotaManager$ThrottledChannelReaper)
kafka-2-1  | 2026-09-21T21:52:17.208191241Z [2026-09-21 21:52:17,208] INFO [controller-2-ThrottledChannelReaper-Request]: Starting (kafka.server.ClientQuotaManager$ThrottledChannelReaper)
kafka-2-1  | 2026-09-21T21:52:17.214787771Z [2026-09-21 21:52:17,214] INFO [controller-2-ThrottledChannelReaper-ControllerMutation]: Starting (kafka.server.ClientQuotaManager$ThrottledChannelReaper)
kafka-2-1  | 2026-09-21T21:52:17.225002336Z [2026-09-21 21:52:17,224] INFO [ExpirationReaper-2-AlterAcls]: Starting (kafka.server.DelayedOperationPurgatory$ExpiredOperationReaper)
kafka-2-1  | 2026-09-21T21:52:17.244967236Z [2026-09-21 21:52:17,244] INFO [ControllerServer id=2] Waiting for the controller metadata publishers to be installed (kafka.server.ControllerServer)
kafka-2-1  | 2026-09-21T21:52:17.246266520Z [2026-09-21 21:52:17,246] INFO [MetadataLoader id=2] initializeNewPublishers: the loader is still catching up because we still don't know the high water mark yet. (org.apache.kafka.image.loader.MetadataLoader)
kafka-2-1  | 2026-09-21T21:52:17.246904462Z [2026-09-21 21:52:17,246] INFO [ControllerServer id=2] Finished waiting for the controller metadata publishers to be installed (kafka.server.ControllerServer)
kafka-2-1  | 2026-09-21T21:52:17.249976862Z [2026-09-21 21:52:17,247] INFO [SocketServer listenerType=CONTROLLER, nodeId=2] Enabling request processing. (kafka.network.SocketServer)
kafka-2-1  | 2026-09-21T21:52:17.262826199Z [2026-09-21 21:52:17,262] INFO Awaiting socket connections on 0.0.0.0:9093. (kafka.network.DataPlaneAcceptor)
kafka-2-1  | 2026-09-21T21:52:17.310259487Z [2026-09-21 21:52:17,310] INFO [controller-2-to-controller-registration-channel-manager]: Starting (kafka.server.NodeToControllerRequestThread)
kafka-2-1  | 2026-09-21T21:52:17.313210980Z [2026-09-21 21:52:17,311] INFO [ControllerServer id=2] Waiting for all of the authorizer futures to be completed (kafka.server.ControllerServer)
kafka-2-1  | 2026-09-21T21:52:17.313231981Z [2026-09-21 21:52:17,311] INFO [ControllerServer id=2] Finished waiting for all of the authorizer futures to be completed (kafka.server.ControllerServer)
kafka-2-1  | 2026-09-21T21:52:17.313234381Z [2026-09-21 21:52:17,311] INFO [ControllerServer id=2] Waiting for all of the SocketServer Acceptors to be started (kafka.server.ControllerServer)
kafka-2-1  | 2026-09-21T21:52:17.313235981Z [2026-09-21 21:52:17,311] INFO [ControllerServer id=2] Finished waiting for all of the SocketServer Acceptors to be started (kafka.server.ControllerServer)
kafka-2-1  | 2026-09-21T21:52:17.313312686Z [2026-09-21 21:52:17,313] INFO [BrokerServer id=2] Transition from SHUTDOWN to STARTING (kafka.server.BrokerServer)
kafka-2-1  | 2026-09-21T21:52:17.313909425Z [2026-09-21 21:52:17,313] INFO [BrokerServer id=2] Starting broker (kafka.server.BrokerServer)
kafka-2-1  | 2026-09-21T21:52:17.315475627Z [2026-09-21 21:52:17,315] INFO [ControllerRegistrationManager id=2 incarnation=mv8AfcF-Sl-rY5DRJN8Tww] initialized channel manager. (kafka.server.ControllerRegistrationManager)
kafka-2-1  | 2026-09-21T21:52:17.318050795Z [2026-09-21 21:52:17,317] INFO [ControllerRegistrationManager id=2 incarnation=mv8AfcF-Sl-rY5DRJN8Tww] maybeSendControllerRegistration: cannot register yet because the metadata.version is still 3.0-IV1, which does not support KIP-919 controller registration. (kafka.server.ControllerRegistrationManager)
kafka-2-1  | 2026-09-21T21:52:17.322914811Z [2026-09-21 21:52:17,322] INFO RemoteLogManagerConfig values: 
kafka-2-1  | 2026-09-21T21:52:17.322937713Z 	log.local.retention.bytes = -2
kafka-2-1  | 2026-09-21T21:52:17.322939913Z 	log.local.retention.ms = -2
kafka-2-1  | 2026-09-21T21:52:17.322941213Z 	remote.fetch.max.wait.ms = 500
kafka-2-1  | 2026-09-21T21:52:17.322942513Z 	remote.log.index.file.cache.total.size.bytes = 1073741824
kafka-2-1  | 2026-09-21T21:52:17.322944613Z 	remote.log.manager.copier.thread.pool.size = 10
kafka-2-1  | 2026-09-21T21:52:17.322945813Z 	remote.log.manager.copy.max.bytes.per.second = 9223372036854775807
kafka-2-1  | 2026-09-21T21:52:17.322947014Z 	remote.log.manager.copy.quota.window.num = 11
kafka-2-1  | 2026-09-21T21:52:17.322948114Z 	remote.log.manager.copy.quota.window.size.seconds = 1
kafka-2-1  | 2026-09-21T21:52:17.322949314Z 	remote.log.manager.expiration.thread.pool.size = 10
kafka-2-1  | 2026-09-21T21:52:17.322950414Z 	remote.log.manager.fetch.max.bytes.per.second = 9223372036854775807
kafka-2-1  | 2026-09-21T21:52:17.322964915Z 	remote.log.manager.fetch.quota.window.num = 11
kafka-2-1  | 2026-09-21T21:52:17.322966815Z 	remote.log.manager.fetch.quota.window.size.seconds = 1
kafka-2-1  | 2026-09-21T21:52:17.322967915Z 	remote.log.manager.task.interval.ms = 30000
kafka-2-1  | 2026-09-21T21:52:17.322969115Z 	remote.log.manager.task.retry.backoff.max.ms = 30000
kafka-2-1  | 2026-09-21T21:52:17.322970215Z 	remote.log.manager.task.retry.backoff.ms = 500
kafka-2-1  | 2026-09-21T21:52:17.322971315Z 	remote.log.manager.task.retry.jitter = 0.2
kafka-2-1  | 2026-09-21T21:52:17.322972515Z 	remote.log.manager.thread.pool.size = 10
kafka-2-1  | 2026-09-21T21:52:17.322973715Z 	remote.log.metadata.custom.metadata.max.bytes = 128
kafka-2-1  | 2026-09-21T21:52:17.322974915Z 	remote.log.metadata.manager.class.name = org.apache.kafka.server.log.remote.metadata.storage.TopicBasedRemoteLogMetadataManager
kafka-2-1  | 2026-09-21T21:52:17.322976115Z 	remote.log.metadata.manager.class.path = null
kafka-2-1  | 2026-09-21T21:52:17.322977215Z 	remote.log.metadata.manager.impl.prefix = rlmm.config.
kafka-2-1  | 2026-09-21T21:52:17.322978316Z 	remote.log.metadata.manager.listener.name = null
kafka-2-1  | 2026-09-21T21:52:17.322979416Z 	remote.log.reader.max.pending.tasks = 100
kafka-2-1  | 2026-09-21T21:52:17.322980516Z 	remote.log.reader.threads = 10
kafka-2-1  | 2026-09-21T21:52:17.322981716Z 	remote.log.storage.manager.class.name = null
kafka-2-1  | 2026-09-21T21:52:17.322982816Z 	remote.log.storage.manager.class.path = null
kafka-2-1  | 2026-09-21T21:52:17.322983916Z 	remote.log.storage.manager.impl.prefix = rsm.config.
kafka-2-1  | 2026-09-21T21:52:17.322996117Z 	remote.log.storage.system.enable = false
kafka-2-1  | 2026-09-21T21:52:17.322997517Z  (org.apache.kafka.server.log.remote.storage.RemoteLogManagerConfig)
kafka-2-1  | 2026-09-21T21:52:17.330689618Z [2026-09-21 21:52:17,330] INFO [broker-2-ThrottledChannelReaper-Fetch]: Starting (kafka.server.ClientQuotaManager$ThrottledChannelReaper)
kafka-2-1  | 2026-09-21T21:52:17.334291552Z [2026-09-21 21:52:17,334] INFO [broker-2-ThrottledChannelReaper-Produce]: Starting (kafka.server.ClientQuotaManager$ThrottledChannelReaper)
kafka-2-1  | 2026-09-21T21:52:17.334516567Z [2026-09-21 21:52:17,334] INFO [broker-2-ThrottledChannelReaper-Request]: Starting (kafka.server.ClientQuotaManager$ThrottledChannelReaper)
kafka-2-1  | 2026-09-21T21:52:17.341261606Z [2026-09-21 21:52:17,341] INFO [broker-2-ThrottledChannelReaper-ControllerMutation]: Starting (kafka.server.ClientQuotaManager$ThrottledChannelReaper)
kafka-2-1  | 2026-09-21T21:52:17.353907630Z [2026-09-21 21:52:17,350] INFO [MetadataLoader id=2] initializeNewPublishers: the loader is still catching up because we still don't know the high water mark yet. (org.apache.kafka.image.loader.MetadataLoader)
kafka-2-1  | 2026-09-21T21:52:17.355958463Z [2026-09-21 21:52:17,355] INFO [BrokerServer id=2] Waiting for controller quorum voters future (kafka.server.BrokerServer)
kafka-2-1  | 2026-09-21T21:52:17.356330487Z [2026-09-21 21:52:17,356] INFO [BrokerServer id=2] Finished waiting for controller quorum voters future (kafka.server.BrokerServer)
kafka-2-1  | 2026-09-21T21:52:17.363448651Z [2026-09-21 21:52:17,362] INFO [broker-2-to-controller-forwarding-channel-manager]: Starting (kafka.server.NodeToControllerRequestThread)
kafka-2-1  | 2026-09-21T21:52:17.368067452Z [2026-09-21 21:52:17,367] INFO [client-metrics-reaper]: Starting (org.apache.kafka.server.util.timer.SystemTimerReaper$Reaper)
kafka-2-1  | 2026-09-21T21:52:17.413971341Z [2026-09-21 21:52:17,413] INFO Updated connection-accept-rate max connection creation rate to 2147483647 (kafka.network.ConnectionQuotas)
kafka-2-1  | 2026-09-21T21:52:17.429894478Z [2026-09-21 21:52:17,429] INFO [SocketServer listenerType=BROKER, nodeId=2] Created data-plane acceptor and processors for endpoint : ListenerName(PLAINTEXT) (kafka.network.SocketServer)
kafka-2-1  | 2026-09-21T21:52:17.447088897Z [2026-09-21 21:52:17,446] INFO [broker-2-to-controller-alter-partition-channel-manager]: Starting (kafka.server.NodeToControllerRequestThread)
kafka-2-1  | 2026-09-21T21:52:17.454727595Z [2026-09-21 21:52:17,454] INFO [MetadataLoader id=2] initializeNewPublishers: the loader is still catching up because we still don't know the high water mark yet. (org.apache.kafka.image.loader.MetadataLoader)
kafka-2-1  | 2026-09-21T21:52:17.457304862Z [2026-09-21 21:52:17,455] INFO [broker-2-to-controller-directory-assignments-channel-manager]: Starting (kafka.server.NodeToControllerRequestThread)
kafka-2-1  | 2026-09-21T21:52:17.466514262Z [2026-09-21 21:52:17,465] INFO [ExpirationReaper-2-Produce]: Starting (kafka.server.DelayedOperationPurgatory$ExpiredOperationReaper)
kafka-2-1  | 2026-09-21T21:52:17.469217538Z [2026-09-21 21:52:17,468] INFO [ExpirationReaper-2-Fetch]: Starting (kafka.server.DelayedOperationPurgatory$ExpiredOperationReaper)
kafka-2-1  | 2026-09-21T21:52:17.471432882Z [2026-09-21 21:52:17,471] INFO [ExpirationReaper-2-DeleteRecords]: Starting (kafka.server.DelayedOperationPurgatory$ExpiredOperationReaper)
kafka-2-1  | 2026-09-21T21:52:17.475288233Z [2026-09-21 21:52:17,475] INFO [ExpirationReaper-2-ElectLeader]: Starting (kafka.server.DelayedOperationPurgatory$ExpiredOperationReaper)
kafka-2-1  | 2026-09-21T21:52:17.478143219Z [2026-09-21 21:52:17,477] INFO [ExpirationReaper-2-RemoteFetch]: Starting (kafka.server.DelayedOperationPurgatory$ExpiredOperationReaper)
kafka-2-1  | 2026-09-21T21:52:17.492266739Z [2026-09-21 21:52:17,492] INFO [ExpirationReaper-2-Heartbeat]: Starting (kafka.server.DelayedOperationPurgatory$ExpiredOperationReaper)
kafka-2-1  | 2026-09-21T21:52:17.492605061Z [2026-09-21 21:52:17,492] INFO [ExpirationReaper-2-Rebalance]: Starting (kafka.server.DelayedOperationPurgatory$ExpiredOperationReaper)
kafka-2-1  | 2026-09-21T21:52:17.507186711Z [2026-09-21 21:52:17,506] INFO Unable to read the broker epoch in /tmp/kafka-logs. (kafka.log.LogManager)
kafka-2-1  | 2026-09-21T21:52:17.510296913Z [2026-09-21 21:52:17,510] INFO [broker-2-to-controller-heartbeat-channel-manager]: Starting (kafka.server.NodeToControllerRequestThread)
kafka-2-1  | 2026-09-21T21:52:17.513999054Z [2026-09-21 21:52:17,513] INFO [BrokerLifecycleManager id=2] Incarnation tNyr_ASSRXeKQVWElpoGrw of broker 2 in cluster 5L6g3nShT-eMCtK--X86sw is now STARTING. (kafka.server.BrokerLifecycleManager)
kafka-2-1  | 2026-09-21T21:52:17.530050299Z [2026-09-21 21:52:17,526] INFO [ExpirationReaper-2-AlterAcls]: Starting (kafka.server.DelayedOperationPurgatory$ExpiredOperationReaper)
kafka-2-1  | 2026-09-21T21:52:17.544651350Z [2026-09-21 21:52:17,544] INFO [BrokerServer id=2] Waiting for the broker metadata publishers to be installed (kafka.server.BrokerServer)
kafka-2-1  | 2026-09-21T21:52:17.545059977Z [2026-09-21 21:52:17,544] INFO [MetadataLoader id=2] initializeNewPublishers: the loader is still catching up because we still don't know the high water mark yet. (org.apache.kafka.image.loader.MetadataLoader)
kafka-2-1  | 2026-09-21T21:52:17.545069677Z [2026-09-21 21:52:17,544] INFO [BrokerServer id=2] Finished waiting for the broker metadata publishers to be installed (kafka.server.BrokerServer)
kafka-2-1  | 2026-09-21T21:52:17.545118581Z [2026-09-21 21:52:17,545] INFO [BrokerServer id=2] Waiting for the controller to acknowledge that we are caught up (kafka.server.BrokerServer)
kafka-2-1  | 2026-09-21T21:52:17.646534684Z [2026-09-21 21:52:17,645] INFO [MetadataLoader id=2] initializeNewPublishers: the loader is still catching up because we still don't know the high water mark yet. (org.apache.kafka.image.loader.MetadataLoader)
kafka-2-1  | 2026-09-21T21:52:17.747641968Z [2026-09-21 21:52:17,746] INFO [MetadataLoader id=2] initializeNewPublishers: the loader is still catching up because we still don't know the high water mark yet. (org.apache.kafka.image.loader.MetadataLoader)
kafka-2-1  | 2026-09-21T21:52:17.848665446Z [2026-09-21 21:52:17,847] INFO [MetadataLoader id=2] initializeNewPublishers: the loader is still catching up because we still don't know the high water mark yet. (org.apache.kafka.image.loader.MetadataLoader)
kafka-2-1  | 2026-09-21T21:52:17.948907174Z [2026-09-21 21:52:17,948] INFO [MetadataLoader id=2] initializeNewPublishers: the loader is still catching up because we still don't know the high water mark yet. (org.apache.kafka.image.loader.MetadataLoader)
kafka-2-1  | 2026-09-21T21:52:18.049455121Z [2026-09-21 21:52:18,049] INFO [MetadataLoader id=2] initializeNewPublishers: the loader is still catching up because we still don't know the high water mark yet. (org.apache.kafka.image.loader.MetadataLoader)
kafka-2-1  | 2026-09-21T21:52:18.149975567Z [2026-09-21 21:52:18,149] INFO [MetadataLoader id=2] initializeNewPublishers: the loader is still catching up because we still don't know the high water mark yet. (org.apache.kafka.image.loader.MetadataLoader)
kafka-2-1  | 2026-09-21T21:52:18.250387505Z [2026-09-21 21:52:18,250] INFO [MetadataLoader id=2] initializeNewPublishers: the loader is still catching up because we still don't know the high water mark yet. (org.apache.kafka.image.loader.MetadataLoader)
kafka-2-1  | 2026-09-21T21:52:18.350870648Z [2026-09-21 21:52:18,350] INFO [MetadataLoader id=2] initializeNewPublishers: the loader is still catching up because we still don't know the high water mark yet. (org.apache.kafka.image.loader.MetadataLoader)
kafka-2-1  | 2026-09-21T21:52:18.416912749Z [2026-09-21 21:52:18,416] INFO [RaftManager id=2] Completed transition to CandidateState(localId=2, localDirectoryId=bX1ZNfVYbIqY8oP70JSV4Q,epoch=1, retries=1, voteStates={1=UNRECORDED, 2=GRANTED, 3=UNRECORDED}, highWatermark=Optional.empty, electionTimeoutMs=1264) from Unattached(epoch=0, voters=[1, 2, 3], electionTimeoutMs=1257) (org.apache.kafka.raft.QuorumState)
kafka-2-1  | 2026-09-21T21:52:18.451347091Z [2026-09-21 21:52:18,450] INFO [MetadataLoader id=2] initializeNewPublishers: the loader is still catching up because we still don't know the high water mark yet. (org.apache.kafka.image.loader.MetadataLoader)
kafka-2-1  | 2026-09-21T21:52:18.482753836Z [2026-09-21 21:52:18,482] INFO [RaftManager id=2] Completed transition to Leader(localId=2, epoch=1, epochStartOffset=0, highWatermark=Optional.empty, voterStates={1=ReplicaState(nodeId=1, endOffset=Optional.empty, lastFetchTimestamp=-1, lastCaughtUpTimestamp=-1, hasAcknowledgedLeader=false), 2=ReplicaState(nodeId=2, endOffset=Optional.empty, lastFetchTimestamp=-1, lastCaughtUpTimestamp=-1, hasAcknowledgedLeader=true), 3=ReplicaState(nodeId=3, endOffset=Optional.empty, lastFetchTimestamp=-1, lastCaughtUpTimestamp=-1, hasAcknowledgedLeader=false)}) from CandidateState(localId=2, localDirectoryId=bX1ZNfVYbIqY8oP70JSV4Q,epoch=1, retries=1, voteStates={1=GRANTED, 2=GRANTED, 3=UNRECORDED}, highWatermark=Optional.empty, electionTimeoutMs=1264) (org.apache.kafka.raft.QuorumState)
kafka-2-1  | 2026-09-21T21:52:18.516397427Z [2026-09-21 21:52:18,516] INFO [broker-2-to-controller-heartbeat-channel-manager]: Recorded new KRaft controller, from now on will use node kafka-2:9093 (id: 2 rack: null) (kafka.server.NodeToControllerRequestThread)
kafka-2-1  | 2026-09-21T21:52:18.535225053Z [2026-09-21 21:52:18,534] INFO [controller-2-to-controller-registration-channel-manager]: Recorded new KRaft controller, from now on will use node kafka-2:9093 (id: 2 rack: null) (kafka.server.NodeToControllerRequestThread)
kafka-2-1  | 2026-09-21T21:52:18.537308188Z [2026-09-21 21:52:18,536] INFO [NodeToControllerChannelManager id=2 name=heartbeat] Client requested disconnect from node 2 (org.apache.kafka.clients.NetworkClient)
kafka-2-1  | 2026-09-21T21:52:18.538371558Z [2026-09-21 21:52:18,538] INFO [broker-2-to-controller-heartbeat-channel-manager]: Recorded new KRaft controller, from now on will use node kafka-2:9093 (id: 2 rack: null) (kafka.server.NodeToControllerRequestThread)
kafka-2-1  | 2026-09-21T21:52:18.551934241Z [2026-09-21 21:52:18,551] INFO [MetadataLoader id=2] initializeNewPublishers: the loader is still catching up because we still don't know the high water mark yet. (org.apache.kafka.image.loader.MetadataLoader)
kafka-2-1  | 2026-09-21T21:52:18.553416837Z [2026-09-21 21:52:18,553] INFO [broker-2-to-controller-alter-partition-channel-manager]: Recorded new KRaft controller, from now on will use node kafka-2:9093 (id: 2 rack: null) (kafka.server.NodeToControllerRequestThread)
kafka-2-1  | 2026-09-21T21:52:18.562567133Z [2026-09-21 21:52:18,562] INFO [broker-2-to-controller-directory-assignments-channel-manager]: Recorded new KRaft controller, from now on will use node kafka-2:9093 (id: 2 rack: null) (kafka.server.NodeToControllerRequestThread)
kafka-2-1  | 2026-09-21T21:52:18.571981646Z [2026-09-21 21:52:18,571] INFO [broker-2-to-controller-forwarding-channel-manager]: Recorded new KRaft controller, from now on will use node kafka-2:9093 (id: 2 rack: null) (kafka.server.NodeToControllerRequestThread)
kafka-2-1  | 2026-09-21T21:52:18.578648480Z [2026-09-21 21:52:18,578] INFO [RaftManager id=2] High watermark set to LogOffsetMetadata(offset=1, metadata=Optional[(segmentBaseOffset=0,relativePositionInSegment=106)]) for the first time for epoch 1 based on indexOfHw 1 and voters [ReplicaState(nodeId=2, endOffset=Optional[LogOffsetMetadata(offset=1, metadata=Optional[(segmentBaseOffset=0,relativePositionInSegment=106)])], lastFetchTimestamp=-1, lastCaughtUpTimestamp=-1, hasAcknowledgedLeader=true), ReplicaState(nodeId=3, endOffset=Optional[LogOffsetMetadata(offset=1, metadata=Optional[(segmentBaseOffset=0,relativePositionInSegment=106)])], lastFetchTimestamp=1790027538577, lastCaughtUpTimestamp=1790027538577, hasAcknowledgedLeader=true), ReplicaState(nodeId=1, endOffset=Optional[LogOffsetMetadata(offset=0, metadata=Optional[(segmentBaseOffset=0,relativePositionInSegment=0)])], lastFetchTimestamp=1790027538541, lastCaughtUpTimestamp=-1, hasAcknowledgedLeader=true)] (org.apache.kafka.raft.LeaderState)
kafka-2-1  | 2026-09-21T21:52:18.581162744Z [2026-09-21 21:52:18,580] INFO [MetadataLoader id=2] maybePublishMetadata(LOG_DELTA): The loader is still catching up because we have not loaded a controller record as of offset 0 and high water mark is 1 (org.apache.kafka.image.loader.MetadataLoader)
kafka-2-1  | 2026-09-21T21:52:18.588182601Z [2026-09-21 21:52:18,587] INFO [broker-2-to-controller-heartbeat-channel-manager]: Recorded new KRaft controller, from now on will use node kafka-2:9093 (id: 2 rack: null) (kafka.server.NodeToControllerRequestThread)
kafka-2-1  | 2026-09-21T21:52:18.624952695Z [2026-09-21 21:52:18,624] INFO [MetadataLoader id=2] maybePublishMetadata(LOG_DELTA): The loader finished catching up to the current high water mark of 6 (org.apache.kafka.image.loader.MetadataLoader)
kafka-2-1  | 2026-09-21T21:52:18.625534933Z [2026-09-21 21:52:18,625] INFO [BrokerLifecycleManager id=2] Successfully registered broker 2 with broker epoch 5 (kafka.server.BrokerLifecycleManager)
kafka-2-1  | 2026-09-21T21:52:18.626129072Z [2026-09-21 21:52:18,625] INFO [MetadataLoader id=2] InitializeNewPublishers: initializing SnapshotGenerator with a snapshot at offset 5 (org.apache.kafka.image.loader.MetadataLoader)
kafka-2-1  | 2026-09-21T21:52:18.626531498Z [2026-09-21 21:52:18,626] INFO [MetadataLoader id=2] InitializeNewPublishers: initializing KRaftMetadataCachePublisher with a snapshot at offset 5 (org.apache.kafka.image.loader.MetadataLoader)
kafka-2-1  | 2026-09-21T21:52:18.626539299Z [2026-09-21 21:52:18,626] INFO [MetadataLoader id=2] InitializeNewPublishers: initializing FeaturesPublisher with a snapshot at offset 5 (org.apache.kafka.image.loader.MetadataLoader)
kafka-2-1  | 2026-09-21T21:52:18.626722311Z [2026-09-21 21:52:18,626] INFO [ControllerServer id=2] Loaded new metadata Features(metadataVersion=3.8-IV0, finalizedFeatures={metadata.version=20}, finalizedFeaturesEpoch=5). (org.apache.kafka.metadata.publisher.FeaturesPublisher)
kafka-2-1  | 2026-09-21T21:52:18.626758113Z [2026-09-21 21:52:18,626] INFO [MetadataLoader id=2] InitializeNewPublishers: initializing ControllerRegistrationsPublisher with a snapshot at offset 5 (org.apache.kafka.image.loader.MetadataLoader)
kafka-2-1  | 2026-09-21T21:52:18.626910123Z [2026-09-21 21:52:18,626] INFO [MetadataLoader id=2] InitializeNewPublishers: initializing ControllerRegistrationManager with a snapshot at offset 5 (org.apache.kafka.image.loader.MetadataLoader)
kafka-2-1  | 2026-09-21T21:52:18.627289348Z [2026-09-21 21:52:18,626] INFO [MetadataLoader id=2] InitializeNewPublishers: initializing DynamicConfigPublisher controller id=2 with a snapshot at offset 5 (org.apache.kafka.image.loader.MetadataLoader)
kafka-2-1  | 2026-09-21T21:52:18.628293913Z [2026-09-21 21:52:18,628] INFO [ControllerRegistrationManager id=2 incarnation=mv8AfcF-Sl-rY5DRJN8Tww] sendControllerRegistration: attempting to send ControllerRegistrationRequestData(controllerId=2, incarnationId=mv8AfcF-Sl-rY5DRJN8Tww, zkMigrationReady=false, listeners=[Listener(name='CONTROLLER', host='0.0.0.0', port=9093, securityProtocol=0)], features=[Feature(name='metadata.version', minSupportedVersion=1, maxSupportedVersion=20)]) (kafka.server.ControllerRegistrationManager)
kafka-2-1  | 2026-09-21T21:52:18.628987458Z [2026-09-21 21:52:18,628] INFO [MetadataLoader id=2] InitializeNewPublishers: initializing DynamicClientQuotaPublisher controller id=2 with a snapshot at offset 5 (org.apache.kafka.image.loader.MetadataLoader)
kafka-2-1  | 2026-09-21T21:52:18.631627430Z [2026-09-21 21:52:18,630] INFO [MetadataLoader id=2] InitializeNewPublishers: initializing ScramPublisher controller id=2 with a snapshot at offset 5 (org.apache.kafka.image.loader.MetadataLoader)
kafka-2-1  | 2026-09-21T21:52:18.631722536Z [2026-09-21 21:52:18,631] INFO [MetadataLoader id=2] InitializeNewPublishers: initializing DelegationTokenPublisher controller id=2 with a snapshot at offset 5 (org.apache.kafka.image.loader.MetadataLoader)
kafka-2-1  | 2026-09-21T21:52:18.632929615Z [2026-09-21 21:52:18,632] INFO [MetadataLoader id=2] InitializeNewPublishers: initializing ControllerMetadataMetricsPublisher with a snapshot at offset 5 (org.apache.kafka.image.loader.MetadataLoader)
kafka-2-1  | 2026-09-21T21:52:18.633442948Z [2026-09-21 21:52:18,633] INFO [MetadataLoader id=2] InitializeNewPublishers: initializing AclPublisher controller id=2 with a snapshot at offset 5 (org.apache.kafka.image.loader.MetadataLoader)
kafka-2-1  | 2026-09-21T21:52:18.634121692Z [2026-09-21 21:52:18,633] INFO [MetadataLoader id=2] InitializeNewPublishers: initializing MetadataVersionPublisher(id=2) with a snapshot at offset 5 (org.apache.kafka.image.loader.MetadataLoader)
kafka-2-1  | 2026-09-21T21:52:18.634392210Z [2026-09-21 21:52:18,634] INFO [MetadataLoader id=2] InitializeNewPublishers: initializing BrokerMetadataPublisher with a snapshot at offset 5 (org.apache.kafka.image.loader.MetadataLoader)
kafka-2-1  | 2026-09-21T21:52:18.635077955Z [2026-09-21 21:52:18,634] INFO [BrokerMetadataPublisher id=2] Publishing initial metadata at offset OffsetAndEpoch(offset=5, epoch=1) with metadata.version 3.8-IV0. (kafka.server.metadata.BrokerMetadataPublisher)
kafka-2-1  | 2026-09-21T21:52:18.636183527Z [2026-09-21 21:52:18,635] INFO Loading logs from log dirs ArrayBuffer(/tmp/kafka-logs) (kafka.log.LogManager)
kafka-2-1  | 2026-09-21T21:52:18.639030612Z [2026-09-21 21:52:18,638] INFO No logs found to be loaded in /tmp/kafka-logs (kafka.log.LogManager)
kafka-2-1  | 2026-09-21T21:52:18.643958533Z [2026-09-21 21:52:18,643] INFO Loaded 0 logs in 7ms (kafka.log.LogManager)
kafka-2-1  | 2026-09-21T21:52:18.644298055Z [2026-09-21 21:52:18,644] INFO Starting log cleanup with a period of 300000 ms. (kafka.log.LogManager)
kafka-2-1  | 2026-09-21T21:52:18.645094807Z [2026-09-21 21:52:18,644] INFO Starting log flusher with a default period of 9223372036854775807 ms. (kafka.log.LogManager)
kafka-2-1  | 2026-09-21T21:52:18.671711540Z [2026-09-21 21:52:18,671] INFO [ControllerRegistrationManager id=2 incarnation=mv8AfcF-Sl-rY5DRJN8Tww] RegistrationResponseHandler: controller acknowledged ControllerRegistrationRequest. (kafka.server.ControllerRegistrationManager)
kafka-2-1  | 2026-09-21T21:52:18.673073829Z [2026-09-21 21:52:18,672] INFO [BrokerLifecycleManager id=2] The broker has caught up. Transitioning from STARTING to RECOVERY. (kafka.server.BrokerLifecycleManager)
kafka-2-1  | 2026-09-21T21:52:18.673421652Z [2026-09-21 21:52:18,673] INFO [BrokerServer id=2] Finished waiting for the controller to acknowledge that we are caught up (kafka.server.BrokerServer)
kafka-2-1  | 2026-09-21T21:52:18.673428952Z [2026-09-21 21:52:18,673] INFO [BrokerServer id=2] Waiting for the initial broker metadata update to be published (kafka.server.BrokerServer)
kafka-2-1  | 2026-09-21T21:52:18.730953198Z [2026-09-21 21:52:18,728] INFO [BrokerLifecycleManager id=2] The broker is in RECOVERY. (kafka.server.BrokerLifecycleManager)
kafka-2-1  | 2026-09-21T21:52:18.790608282Z [2026-09-21 21:52:18,787] INFO [kafka-log-cleaner-thread-0]: Starting (kafka.log.LogCleaner$CleanerThread)
kafka-2-1  | 2026-09-21T21:52:18.795075973Z [2026-09-21 21:52:18,794] INFO [LogDirFailureHandler]: Starting (kafka.server.ReplicaManager$LogDirFailureHandler)
kafka-2-1  | 2026-09-21T21:52:18.795412995Z [2026-09-21 21:52:18,795] INFO [AddPartitionsToTxnSenderThread-2]: Starting (kafka.server.AddPartitionsToTxnManager)
kafka-2-1  | 2026-09-21T21:52:18.795914228Z [2026-09-21 21:52:18,795] INFO [GroupCoordinator 2]: Starting up. (kafka.coordinator.group.GroupCoordinator)
kafka-2-1  | 2026-09-21T21:52:18.797998263Z [2026-09-21 21:52:18,797] INFO [GroupCoordinator 2]: Startup complete. (kafka.coordinator.group.GroupCoordinator)
kafka-2-1  | 2026-09-21T21:52:18.800644836Z [2026-09-21 21:52:18,800] INFO [TransactionCoordinator id=2] Starting up. (kafka.coordinator.transaction.TransactionCoordinator)
kafka-2-1  | 2026-09-21T21:52:18.802241140Z [2026-09-21 21:52:18,802] INFO [TxnMarkerSenderThread-2]: Starting (kafka.coordinator.transaction.TransactionMarkerChannelManager)
kafka-2-1  | 2026-09-21T21:52:18.802400850Z [2026-09-21 21:52:18,802] INFO [TransactionCoordinator id=2] Startup complete. (kafka.coordinator.transaction.TransactionCoordinator)
kafka-2-1  | 2026-09-21T21:52:18.807550686Z [2026-09-21 21:52:18,807] INFO [MetadataLoader id=2] InitializeNewPublishers: initializing BrokerRegistrationTracker(id=2) with a snapshot at offset 5 (org.apache.kafka.image.loader.MetadataLoader)
kafka-2-1  | 2026-09-21T21:52:18.807995814Z [2026-09-21 21:52:18,807] INFO [BrokerServer id=2] Finished waiting for the initial broker metadata update to be published (kafka.server.BrokerServer)
kafka-2-1  | 2026-09-21T21:52:18.808953477Z [2026-09-21 21:52:18,808] INFO [ControllerRegistrationManager id=2 incarnation=mv8AfcF-Sl-rY5DRJN8Tww] Our registration has been persisted to the metadata log. (kafka.server.ControllerRegistrationManager)
kafka-2-1  | 2026-09-21T21:52:18.810020446Z [2026-09-21 21:52:18,809] INFO KafkaConfig values: 
kafka-2-1  | 2026-09-21T21:52:18.810034047Z 	advertised.listeners = PLAINTEXT://kafka-2:9092
kafka-2-1  | 2026-09-21T21:52:18.810036247Z 	alter.config.policy.class.name = null
kafka-2-1  | 2026-09-21T21:52:18.810037447Z 	alter.log.dirs.replication.quota.window.num = 11
kafka-2-1  | 2026-09-21T21:52:18.810038648Z 	alter.log.dirs.replication.quota.window.size.seconds = 1
kafka-2-1  | 2026-09-21T21:52:18.810040148Z 	authorizer.class.name = 
kafka-2-1  | 2026-09-21T21:52:18.810041448Z 	auto.create.topics.enable = false
kafka-2-1  | 2026-09-21T21:52:18.810048848Z 	auto.include.jmx.reporter = true
kafka-2-1  | 2026-09-21T21:52:18.810050248Z 	auto.leader.rebalance.enable = true
kafka-2-1  | 2026-09-21T21:52:18.810051348Z 	background.threads = 10
kafka-2-1  | 2026-09-21T21:52:18.810052448Z 	broker.heartbeat.interval.ms = 2000
kafka-2-1  | 2026-09-21T21:52:18.810053548Z 	broker.id = 2
kafka-2-1  | 2026-09-21T21:52:18.810054649Z 	broker.id.generation.enable = true
kafka-2-1  | 2026-09-21T21:52:18.810055849Z 	broker.rack = null
kafka-2-1  | 2026-09-21T21:52:18.810056949Z 	broker.session.timeout.ms = 9000
kafka-2-1  | 2026-09-21T21:52:18.810058049Z 	client.quota.callback.class = null
kafka-2-1  | 2026-09-21T21:52:18.810059149Z 	compression.gzip.level = -1
kafka-2-1  | 2026-09-21T21:52:18.810060249Z 	compression.lz4.level = 9
kafka-2-1  | 2026-09-21T21:52:18.810063849Z 	compression.type = producer
kafka-2-1  | 2026-09-21T21:52:18.810066849Z 	compression.zstd.level = 3
kafka-2-1  | 2026-09-21T21:52:18.810067949Z 	connection.failed.authentication.delay.ms = 100
kafka-2-1  | 2026-09-21T21:52:18.810069150Z 	connections.max.idle.ms = 600000
kafka-2-1  | 2026-09-21T21:52:18.810070250Z 	connections.max.reauth.ms = 0
kafka-2-1  | 2026-09-21T21:52:18.810071350Z 	control.plane.listener.name = null
kafka-2-1  | 2026-09-21T21:52:18.810072450Z 	controlled.shutdown.enable = true
kafka-2-1  | 2026-09-21T21:52:18.810073450Z 	controlled.shutdown.max.retries = 3
kafka-2-1  | 2026-09-21T21:52:18.810074550Z 	controlled.shutdown.retry.backoff.ms = 5000
kafka-2-1  | 2026-09-21T21:52:18.810075650Z 	controller.listener.names = CONTROLLER
kafka-2-1  | 2026-09-21T21:52:18.810076750Z 	controller.quorum.append.linger.ms = 25
kafka-2-1  | 2026-09-21T21:52:18.810077850Z 	controller.quorum.bootstrap.servers = []
kafka-2-1  | 2026-09-21T21:52:18.810078950Z 	controller.quorum.election.backoff.max.ms = 1000
kafka-2-1  | 2026-09-21T21:52:18.810080050Z 	controller.quorum.election.timeout.ms = 1000
kafka-2-1  | 2026-09-21T21:52:18.810081150Z 	controller.quorum.fetch.timeout.ms = 2000
kafka-2-1  | 2026-09-21T21:52:18.810082250Z 	controller.quorum.request.timeout.ms = 2000
kafka-2-1  | 2026-09-21T21:52:18.810083350Z 	controller.quorum.retry.backoff.ms = 20
kafka-2-1  | 2026-09-21T21:52:18.810084450Z 	controller.quorum.voters = [1@kafka-1:9093, 2@kafka-2:9093, 3@kafka-3:9093]
kafka-2-1  | 2026-09-21T21:52:18.810085651Z 	controller.quota.window.num = 11
kafka-2-1  | 2026-09-21T21:52:18.810086751Z 	controller.quota.window.size.seconds = 1
kafka-2-1  | 2026-09-21T21:52:18.810087851Z 	controller.socket.timeout.ms = 30000
kafka-2-1  | 2026-09-21T21:52:18.810090451Z 	create.topic.policy.class.name = null
kafka-2-1  | 2026-09-21T21:52:18.810091551Z 	default.replication.factor = 3
kafka-2-1  | 2026-09-21T21:52:18.810092651Z 	delegation.token.expiry.check.interval.ms = 3600000
kafka-2-1  | 2026-09-21T21:52:18.810093751Z 	delegation.token.expiry.time.ms = 86400000
kafka-2-1  | 2026-09-21T21:52:18.810094851Z 	delegation.token.master.key = null
kafka-2-1  | 2026-09-21T21:52:18.810098351Z 	delegation.token.max.lifetime.ms = 604800000
kafka-2-1  | 2026-09-21T21:52:18.810099651Z 	delegation.token.secret.key = null
kafka-2-1  | 2026-09-21T21:52:18.810100752Z 	delete.records.purgatory.purge.interval.requests = 1
kafka-2-1  | 2026-09-21T21:52:18.810101852Z 	delete.topic.enable = true
kafka-2-1  | 2026-09-21T21:52:18.810102952Z 	early.start.listeners = null
kafka-2-1  | 2026-09-21T21:52:18.810103952Z 	eligible.leader.replicas.enable = false
kafka-2-1  | 2026-09-21T21:52:18.810105152Z 	fetch.max.bytes = 57671680
kafka-2-1  | 2026-09-21T21:52:18.810106152Z 	fetch.purgatory.purge.interval.requests = 1000
kafka-2-1  | 2026-09-21T21:52:18.810108552Z 	group.consumer.assignors = [org.apache.kafka.coordinator.group.assignor.UniformAssignor, org.apache.kafka.coordinator.group.assignor.RangeAssignor]
kafka-2-1  | 2026-09-21T21:52:18.810109852Z 	group.consumer.heartbeat.interval.ms = 5000
kafka-2-1  | 2026-09-21T21:52:18.810111052Z 	group.consumer.max.heartbeat.interval.ms = 15000
kafka-2-1  | 2026-09-21T21:52:18.810112152Z 	group.consumer.max.session.timeout.ms = 60000
kafka-2-1  | 2026-09-21T21:52:18.810113252Z 	group.consumer.max.size = 2147483647
kafka-2-1  | 2026-09-21T21:52:18.810114352Z 	group.consumer.migration.policy = disabled
kafka-2-1  | 2026-09-21T21:52:18.810115453Z 	group.consumer.min.heartbeat.interval.ms = 5000
kafka-2-1  | 2026-09-21T21:52:18.810116553Z 	group.consumer.min.session.timeout.ms = 45000
kafka-2-1  | 2026-09-21T21:52:18.810117753Z 	group.consumer.session.timeout.ms = 45000
kafka-2-1  | 2026-09-21T21:52:18.810118853Z 	group.coordinator.append.linger.ms = 10
kafka-2-1  | 2026-09-21T21:52:18.810119953Z 	group.coordinator.new.enable = false
kafka-2-1  | 2026-09-21T21:52:18.810121053Z 	group.coordinator.rebalance.protocols = [classic]
kafka-2-1  | 2026-09-21T21:52:18.810122153Z 	group.coordinator.threads = 1
kafka-2-1  | 2026-09-21T21:52:18.810123253Z 	group.initial.rebalance.delay.ms = 3000
kafka-2-1  | 2026-09-21T21:52:18.810124253Z 	group.max.session.timeout.ms = 1800000
kafka-2-1  | 2026-09-21T21:52:18.810125353Z 	group.max.size = 2147483647
kafka-2-1  | 2026-09-21T21:52:18.810126553Z 	group.min.session.timeout.ms = 6000
kafka-2-1  | 2026-09-21T21:52:18.810127653Z 	initial.broker.registration.timeout.ms = 60000
kafka-2-1  | 2026-09-21T21:52:18.810128753Z 	inter.broker.listener.name = PLAINTEXT
kafka-2-1  | 2026-09-21T21:52:18.810129853Z 	inter.broker.protocol.version = 3.8-IV0
kafka-2-1  | 2026-09-21T21:52:18.810130954Z 	kafka.metrics.polling.interval.secs = 10
kafka-2-1  | 2026-09-21T21:52:18.810131954Z 	kafka.metrics.reporters = []
kafka-2-1  | 2026-09-21T21:52:18.810133054Z 	leader.imbalance.check.interval.seconds = 300
kafka-2-1  | 2026-09-21T21:52:18.810134254Z 	leader.imbalance.per.broker.percentage = 10
kafka-2-1  | 2026-09-21T21:52:18.810135454Z 	listener.security.protocol.map = PLAINTEXT:PLAINTEXT,CONTROLLER:PLAINTEXT
kafka-2-1  | 2026-09-21T21:52:18.810136554Z 	listeners = PLAINTEXT://0.0.0.0:9092,CONTROLLER://0.0.0.0:9093
kafka-2-1  | 2026-09-21T21:52:18.810139554Z 	log.cleaner.backoff.ms = 15000
kafka-2-1  | 2026-09-21T21:52:18.810140754Z 	log.cleaner.dedupe.buffer.size = 134217728
kafka-2-1  | 2026-09-21T21:52:18.810141854Z 	log.cleaner.delete.retention.ms = 86400000
kafka-2-1  | 2026-09-21T21:52:18.810142954Z 	log.cleaner.enable = true
kafka-2-1  | 2026-09-21T21:52:18.810143954Z 	log.cleaner.io.buffer.load.factor = 0.9
kafka-2-1  | 2026-09-21T21:52:18.810145054Z 	log.cleaner.io.buffer.size = 524288
kafka-2-1  | 2026-09-21T21:52:18.810146255Z 	log.cleaner.io.max.bytes.per.second = 1.7976931348623157E308
kafka-2-1  | 2026-09-21T21:52:18.810147355Z 	log.cleaner.max.compaction.lag.ms = 9223372036854775807
kafka-2-1  | 2026-09-21T21:52:18.810148455Z 	log.cleaner.min.cleanable.ratio = 0.5
kafka-2-1  | 2026-09-21T21:52:18.810149555Z 	log.cleaner.min.compaction.lag.ms = 0
kafka-2-1  | 2026-09-21T21:52:18.810150655Z 	log.cleaner.threads = 1
kafka-2-1  | 2026-09-21T21:52:18.810151755Z 	log.cleanup.policy = [delete]
kafka-2-1  | 2026-09-21T21:52:18.810152855Z 	log.dir = /tmp/kafka-logs
kafka-2-1  | 2026-09-21T21:52:18.810153955Z 	log.dir.failure.timeout.ms = 30000
kafka-2-1  | 2026-09-21T21:52:18.810155055Z 	log.dirs = null
kafka-2-1  | 2026-09-21T21:52:18.810156155Z 	log.flush.interval.messages = 9223372036854775807
kafka-2-1  | 2026-09-21T21:52:18.810157355Z 	log.flush.interval.ms = null
kafka-2-1  | 2026-09-21T21:52:18.810158455Z 	log.flush.offset.checkpoint.interval.ms = 60000
kafka-2-1  | 2026-09-21T21:52:18.810159455Z 	log.flush.scheduler.interval.ms = 9223372036854775807
kafka-2-1  | 2026-09-21T21:52:18.810160555Z 	log.flush.start.offset.checkpoint.interval.ms = 60000
kafka-2-1  | 2026-09-21T21:52:18.810161856Z 	log.index.interval.bytes = 4096
kafka-2-1  | 2026-09-21T21:52:18.810163056Z 	log.index.size.max.bytes = 10485760
kafka-2-1  | 2026-09-21T21:52:18.810164156Z 	log.initial.task.delay.ms = 30000
kafka-2-1  | 2026-09-21T21:52:18.810165256Z 	log.local.retention.bytes = -2
kafka-2-1  | 2026-09-21T21:52:18.810166356Z 	log.local.retention.ms = -2
kafka-2-1  | 2026-09-21T21:52:18.810167456Z 	log.message.downconversion.enable = true
kafka-2-1  | 2026-09-21T21:52:18.810168556Z 	log.message.format.version = 3.0-IV1
kafka-2-1  | 2026-09-21T21:52:18.810169556Z 	log.message.timestamp.after.max.ms = 9223372036854775807
kafka-2-1  | 2026-09-21T21:52:18.810170756Z 	log.message.timestamp.before.max.ms = 9223372036854775807
kafka-2-1  | 2026-09-21T21:52:18.810171956Z 	log.message.timestamp.difference.max.ms = 9223372036854775807
kafka-2-1  | 2026-09-21T21:52:18.810173156Z 	log.message.timestamp.type = CreateTime
kafka-2-1  | 2026-09-21T21:52:18.810174256Z 	log.preallocate = false
kafka-2-1  | 2026-09-21T21:52:18.810175356Z 	log.retention.bytes = -1
kafka-2-1  | 2026-09-21T21:52:18.810176456Z 	log.retention.check.interval.ms = 300000
kafka-2-1  | 2026-09-21T21:52:18.810177557Z 	log.retention.hours = 168
kafka-2-1  | 2026-09-21T21:52:18.810180157Z 	log.retention.minutes = null
kafka-2-1  | 2026-09-21T21:52:18.810181257Z 	log.retention.ms = null
kafka-2-1  | 2026-09-21T21:52:18.810182357Z 	log.roll.hours = 168
kafka-2-1  | 2026-09-21T21:52:18.810183457Z 	log.roll.jitter.hours = 0
kafka-2-1  | 2026-09-21T21:52:18.810184557Z 	log.roll.jitter.ms = null
kafka-2-1  | 2026-09-21T21:52:18.810185657Z 	log.roll.ms = null
kafka-2-1  | 2026-09-21T21:52:18.810186657Z 	log.segment.bytes = 1073741824
kafka-2-1  | 2026-09-21T21:52:18.810187757Z 	log.segment.delete.delay.ms = 60000
kafka-2-1  | 2026-09-21T21:52:18.810188857Z 	max.connection.creation.rate = 2147483647
kafka-2-1  | 2026-09-21T21:52:18.810189857Z 	max.connections = 2147483647
kafka-2-1  | 2026-09-21T21:52:18.810190957Z 	max.connections.per.ip = 2147483647
kafka-2-1  | 2026-09-21T21:52:18.810192158Z 	max.connections.per.ip.overrides = 
kafka-2-1  | 2026-09-21T21:52:18.810193158Z 	max.incremental.fetch.session.cache.slots = 1000
kafka-2-1  | 2026-09-21T21:52:18.810194258Z 	max.request.partition.size.limit = 2000
kafka-2-1  | 2026-09-21T21:52:18.810195358Z 	message.max.bytes = 1048588
kafka-2-1  | 2026-09-21T21:52:18.810196458Z 	metadata.log.dir = null
kafka-2-1  | 2026-09-21T21:52:18.810197458Z 	metadata.log.max.record.bytes.between.snapshots = 20971520
kafka-2-1  | 2026-09-21T21:52:18.810198658Z 	metadata.log.max.snapshot.interval.ms = 3600000
kafka-2-1  | 2026-09-21T21:52:18.810199658Z 	metadata.log.segment.bytes = 1073741824
kafka-2-1  | 2026-09-21T21:52:18.810200858Z 	metadata.log.segment.min.bytes = 8388608
kafka-2-1  | 2026-09-21T21:52:18.810201958Z 	metadata.log.segment.ms = 604800000
kafka-2-1  | 2026-09-21T21:52:18.810203058Z 	metadata.max.idle.interval.ms = 500
kafka-2-1  | 2026-09-21T21:52:18.810204058Z 	metadata.max.retention.bytes = 104857600
kafka-2-1  | 2026-09-21T21:52:18.810205158Z 	metadata.max.retention.ms = 604800000
kafka-2-1  | 2026-09-21T21:52:18.810206258Z 	metric.reporters = []
kafka-2-1  | 2026-09-21T21:52:18.810207359Z 	metrics.num.samples = 2
kafka-2-1  | 2026-09-21T21:52:18.810208459Z 	metrics.recording.level = INFO
kafka-2-1  | 2026-09-21T21:52:18.810209559Z 	metrics.sample.window.ms = 30000
kafka-2-1  | 2026-09-21T21:52:18.810210659Z 	min.insync.replicas = 2
kafka-2-1  | 2026-09-21T21:52:18.810211759Z 	node.id = 2
kafka-2-1  | 2026-09-21T21:52:18.810212859Z 	num.io.threads = 8
kafka-2-1  | 2026-09-21T21:52:18.810213859Z 	num.network.threads = 3
kafka-2-1  | 2026-09-21T21:52:18.810214859Z 	num.partitions = 1
kafka-2-1  | 2026-09-21T21:52:18.810215959Z 	num.recovery.threads.per.data.dir = 1
kafka-2-1  | 2026-09-21T21:52:18.810217059Z 	num.replica.alter.log.dirs.threads = null
kafka-2-1  | 2026-09-21T21:52:18.810218259Z 	num.replica.fetchers = 1
kafka-2-1  | 2026-09-21T21:52:18.810219359Z 	offset.metadata.max.bytes = 4096
kafka-2-1  | 2026-09-21T21:52:18.810220459Z 	offsets.commit.required.acks = -1
kafka-2-1  | 2026-09-21T21:52:18.810222760Z 	offsets.commit.timeout.ms = 5000
kafka-2-1  | 2026-09-21T21:52:18.810223960Z 	offsets.load.buffer.size = 5242880
kafka-2-1  | 2026-09-21T21:52:18.810225060Z 	offsets.retention.check.interval.ms = 600000
kafka-2-1  | 2026-09-21T21:52:18.810226060Z 	offsets.retention.minutes = 10080
kafka-2-1  | 2026-09-21T21:52:18.810227160Z 	offsets.topic.compression.codec = 0
kafka-2-1  | 2026-09-21T21:52:18.810228360Z 	offsets.topic.num.partitions = 50
kafka-2-1  | 2026-09-21T21:52:18.810229960Z 	offsets.topic.replication.factor = 3
kafka-2-1  | 2026-09-21T21:52:18.810231160Z 	offsets.topic.segment.bytes = 104857600
kafka-2-1  | 2026-09-21T21:52:18.810232260Z 	password.encoder.cipher.algorithm = AES/CBC/PKCS5Padding
kafka-2-1  | 2026-09-21T21:52:18.810233360Z 	password.encoder.iterations = 4096
kafka-2-1  | 2026-09-21T21:52:18.810234360Z 	password.encoder.key.length = 128
kafka-2-1  | 2026-09-21T21:52:18.810235460Z 	password.encoder.keyfactory.algorithm = null
kafka-2-1  | 2026-09-21T21:52:18.810236560Z 	password.encoder.old.secret = null
kafka-2-1  | 2026-09-21T21:52:18.810237760Z 	password.encoder.secret = null
kafka-2-1  | 2026-09-21T21:52:18.810238861Z 	principal.builder.class = class org.apache.kafka.common.security.authenticator.DefaultKafkaPrincipalBuilder
kafka-2-1  | 2026-09-21T21:52:18.810240061Z 	process.roles = [broker, controller]
kafka-2-1  | 2026-09-21T21:52:18.810241161Z 	producer.id.expiration.check.interval.ms = 600000
kafka-2-1  | 2026-09-21T21:52:18.810242261Z 	producer.id.expiration.ms = 86400000
kafka-2-1  | 2026-09-21T21:52:18.810243361Z 	producer.purgatory.purge.interval.requests = 1000
kafka-2-1  | 2026-09-21T21:52:18.810244461Z 	queued.max.request.bytes = -1
kafka-2-1  | 2026-09-21T21:52:18.810245461Z 	queued.max.requests = 500
kafka-2-1  | 2026-09-21T21:52:18.810246661Z 	quota.window.num = 11
kafka-2-1  | 2026-09-21T21:52:18.810247661Z 	quota.window.size.seconds = 1
kafka-2-1  | 2026-09-21T21:52:18.810248761Z 	remote.fetch.max.wait.ms = 500
kafka-2-1  | 2026-09-21T21:52:18.810249861Z 	remote.log.index.file.cache.total.size.bytes = 1073741824
kafka-2-1  | 2026-09-21T21:52:18.810250961Z 	remote.log.manager.copier.thread.pool.size = 10
kafka-2-1  | 2026-09-21T21:52:18.810252161Z 	remote.log.manager.copy.max.bytes.per.second = 9223372036854775807
kafka-2-1  | 2026-09-21T21:52:18.810253261Z 	remote.log.manager.copy.quota.window.num = 11
kafka-2-1  | 2026-09-21T21:52:18.810254362Z 	remote.log.manager.copy.quota.window.size.seconds = 1
kafka-2-1  | 2026-09-21T21:52:18.810255462Z 	remote.log.manager.expiration.thread.pool.size = 10
kafka-2-1  | 2026-09-21T21:52:18.810256662Z 	remote.log.manager.fetch.max.bytes.per.second = 9223372036854775807
kafka-2-1  | 2026-09-21T21:52:18.810257762Z 	remote.log.manager.fetch.quota.window.num = 11
kafka-2-1  | 2026-09-21T21:52:18.810258862Z 	remote.log.manager.fetch.quota.window.size.seconds = 1
kafka-2-1  | 2026-09-21T21:52:18.810259962Z 	remote.log.manager.task.interval.ms = 30000
kafka-2-1  | 2026-09-21T21:52:18.810261062Z 	remote.log.manager.task.retry.backoff.max.ms = 30000
kafka-2-1  | 2026-09-21T21:52:18.810263362Z 	remote.log.manager.task.retry.backoff.ms = 500
kafka-2-1  | 2026-09-21T21:52:18.810264562Z 	remote.log.manager.task.retry.jitter = 0.2
kafka-2-1  | 2026-09-21T21:52:18.810265662Z 	remote.log.manager.thread.pool.size = 10
kafka-2-1  | 2026-09-21T21:52:18.810266762Z 	remote.log.metadata.custom.metadata.max.bytes = 128
kafka-2-1  | 2026-09-21T21:52:18.810267962Z 	remote.log.metadata.manager.class.name = org.apache.kafka.server.log.remote.metadata.storage.TopicBasedRemoteLogMetadataManager
kafka-2-1  | 2026-09-21T21:52:18.810269163Z 	remote.log.metadata.manager.class.path = null
kafka-2-1  | 2026-09-21T21:52:18.810270263Z 	remote.log.metadata.manager.impl.prefix = rlmm.config.
kafka-2-1  | 2026-09-21T21:52:18.810271363Z 	remote.log.metadata.manager.listener.name = null
kafka-2-1  | 2026-09-21T21:52:18.810272463Z 	remote.log.reader.max.pending.tasks = 100
kafka-2-1  | 2026-09-21T21:52:18.810273563Z 	remote.log.reader.threads = 10
kafka-2-1  | 2026-09-21T21:52:18.810274663Z 	remote.log.storage.manager.class.name = null
kafka-2-1  | 2026-09-21T21:52:18.810275763Z 	remote.log.storage.manager.class.path = null
kafka-2-1  | 2026-09-21T21:52:18.810276863Z 	remote.log.storage.manager.impl.prefix = rsm.config.
kafka-2-1  | 2026-09-21T21:52:18.810278163Z 	remote.log.storage.system.enable = false
kafka-2-1  | 2026-09-21T21:52:18.810280063Z 	replica.fetch.backoff.ms = 1000
kafka-2-1  | 2026-09-21T21:52:18.810284264Z 	replica.fetch.max.bytes = 1048576
kafka-2-1  | 2026-09-21T21:52:18.810286664Z 	replica.fetch.min.bytes = 1
kafka-2-1  | 2026-09-21T21:52:18.810287764Z 	replica.fetch.response.max.bytes = 10485760
kafka-2-1  | 2026-09-21T21:52:18.810288864Z 	replica.fetch.wait.max.ms = 500
kafka-2-1  | 2026-09-21T21:52:18.810289964Z 	replica.high.watermark.checkpoint.interval.ms = 5000
kafka-2-1  | 2026-09-21T21:52:18.810291064Z 	replica.lag.time.max.ms = 30000
kafka-2-1  | 2026-09-21T21:52:18.810292164Z 	replica.selector.class = null
kafka-2-1  | 2026-09-21T21:52:18.810293264Z 	replica.socket.receive.buffer.bytes = 65536
kafka-2-1  | 2026-09-21T21:52:18.810295064Z 	replica.socket.timeout.ms = 30000
kafka-2-1  | 2026-09-21T21:52:18.810296164Z 	replication.quota.window.num = 11
kafka-2-1  | 2026-09-21T21:52:18.810297264Z 	replication.quota.window.size.seconds = 1
kafka-2-1  | 2026-09-21T21:52:18.810298364Z 	request.timeout.ms = 30000
kafka-2-1  | 2026-09-21T21:52:18.810299465Z 	reserved.broker.max.id = 1000
kafka-2-1  | 2026-09-21T21:52:18.810300565Z 	sasl.client.callback.handler.class = null
kafka-2-1  | 2026-09-21T21:52:18.810301665Z 	sasl.enabled.mechanisms = [GSSAPI]
kafka-2-1  | 2026-09-21T21:52:18.810302765Z 	sasl.jaas.config = null
kafka-2-1  | 2026-09-21T21:52:18.810303865Z 	sasl.kerberos.kinit.cmd = /usr/bin/kinit
kafka-2-1  | 2026-09-21T21:52:18.810304865Z 	sasl.kerberos.min.time.before.relogin = 60000
kafka-2-1  | 2026-09-21T21:52:18.810305965Z 	sasl.kerberos.principal.to.local.rules = [DEFAULT]
kafka-2-1  | 2026-09-21T21:52:18.810309365Z 	sasl.kerberos.service.name = null
kafka-2-1  | 2026-09-21T21:52:18.810310665Z 	sasl.kerberos.ticket.renew.jitter = 0.05
kafka-2-1  | 2026-09-21T21:52:18.810311765Z 	sasl.kerberos.ticket.renew.window.factor = 0.8
kafka-2-1  | 2026-09-21T21:52:18.810312865Z 	sasl.login.callback.handler.class = null
kafka-2-1  | 2026-09-21T21:52:18.810313965Z 	sasl.login.class = null
kafka-2-1  | 2026-09-21T21:52:18.810315066Z 	sasl.login.connect.timeout.ms = null
kafka-2-1  | 2026-09-21T21:52:18.810316066Z 	sasl.login.read.timeout.ms = null
kafka-2-1  | 2026-09-21T21:52:18.810317166Z 	sasl.login.refresh.buffer.seconds = 300
kafka-2-1  | 2026-09-21T21:52:18.810318366Z 	sasl.login.refresh.min.period.seconds = 60
kafka-2-1  | 2026-09-21T21:52:18.810319466Z 	sasl.login.refresh.window.factor = 0.8
kafka-2-1  | 2026-09-21T21:52:18.810320466Z 	sasl.login.refresh.window.jitter = 0.05
kafka-2-1  | 2026-09-21T21:52:18.810321566Z 	sasl.login.retry.backoff.max.ms = 10000
kafka-2-1  | 2026-09-21T21:52:18.810322666Z 	sasl.login.retry.backoff.ms = 100
kafka-2-1  | 2026-09-21T21:52:18.810323766Z 	sasl.mechanism.controller.protocol = GSSAPI
kafka-2-1  | 2026-09-21T21:52:18.810324866Z 	sasl.mechanism.inter.broker.protocol = GSSAPI
kafka-2-1  | 2026-09-21T21:52:18.810325966Z 	sasl.oauthbearer.clock.skew.seconds = 30
kafka-2-1  | 2026-09-21T21:52:18.810327066Z 	sasl.oauthbearer.expected.audience = null
kafka-2-1  | 2026-09-21T21:52:18.810328166Z 	sasl.oauthbearer.expected.issuer = null
kafka-2-1  | 2026-09-21T21:52:18.810329266Z 	sasl.oauthbearer.jwks.endpoint.refresh.ms = 3600000
kafka-2-1  | 2026-09-21T21:52:18.810330467Z 	sasl.oauthbearer.jwks.endpoint.retry.backoff.max.ms = 10000
kafka-2-1  | 2026-09-21T21:52:18.810331567Z 	sasl.oauthbearer.jwks.endpoint.retry.backoff.ms = 100
kafka-2-1  | 2026-09-21T21:52:18.810332667Z 	sasl.oauthbearer.jwks.endpoint.url = null
kafka-2-1  | 2026-09-21T21:52:18.810333667Z 	sasl.oauthbearer.scope.claim.name = scope
kafka-2-1  | 2026-09-21T21:52:18.810334767Z 	sasl.oauthbearer.sub.claim.name = sub
kafka-2-1  | 2026-09-21T21:52:18.810335867Z 	sasl.oauthbearer.token.endpoint.url = null
kafka-2-1  | 2026-09-21T21:52:18.810336967Z 	sasl.server.callback.handler.class = null
kafka-2-1  | 2026-09-21T21:52:18.810338067Z 	sasl.server.max.receive.size = 524288
kafka-2-1  | 2026-09-21T21:52:18.810339167Z 	security.inter.broker.protocol = PLAINTEXT
kafka-2-1  | 2026-09-21T21:52:18.810340267Z 	security.providers = null
kafka-2-1  | 2026-09-21T21:52:18.810341367Z 	server.max.startup.time.ms = 9223372036854775807
kafka-2-1  | 2026-09-21T21:52:18.810342767Z 	socket.connection.setup.timeout.max.ms = 30000
kafka-2-1  | 2026-09-21T21:52:18.810343967Z 	socket.connection.setup.timeout.ms = 10000
kafka-2-1  | 2026-09-21T21:52:18.810345167Z 	socket.listen.backlog.size = 50
kafka-2-1  | 2026-09-21T21:52:18.810346268Z 	socket.receive.buffer.bytes = 102400
kafka-2-1  | 2026-09-21T21:52:18.810347368Z 	socket.request.max.bytes = 104857600
kafka-2-1  | 2026-09-21T21:52:18.810349768Z 	socket.send.buffer.bytes = 102400
kafka-2-1  | 2026-09-21T21:52:18.810350968Z 	ssl.allow.dn.changes = false
kafka-2-1  | 2026-09-21T21:52:18.810351968Z 	ssl.allow.san.changes = false
kafka-2-1  | 2026-09-21T21:52:18.810353168Z 	ssl.cipher.suites = []
kafka-2-1  | 2026-09-21T21:52:18.810354168Z 	ssl.client.auth = none
kafka-2-1  | 2026-09-21T21:52:18.810355268Z 	ssl.enabled.protocols = [TLSv1.2, TLSv1.3]
kafka-2-1  | 2026-09-21T21:52:18.810356468Z 	ssl.endpoint.identification.algorithm = https
kafka-2-1  | 2026-09-21T21:52:18.810373869Z 	ssl.engine.factory.class = null
kafka-2-1  | 2026-09-21T21:52:18.810374969Z 	ssl.key.password = null
kafka-2-1  | 2026-09-21T21:52:18.810376069Z 	ssl.keymanager.algorithm = SunX509
kafka-2-1  | 2026-09-21T21:52:18.810377170Z 	ssl.keystore.certificate.chain = null
kafka-2-1  | 2026-09-21T21:52:18.810378270Z 	ssl.keystore.key = null
kafka-2-1  | 2026-09-21T21:52:18.810379370Z 	ssl.keystore.location = null
kafka-2-1  | 2026-09-21T21:52:18.810380570Z 	ssl.keystore.password = null
kafka-2-1  | 2026-09-21T21:52:18.810381670Z 	ssl.keystore.type = JKS
kafka-2-1  | 2026-09-21T21:52:18.810382870Z 	ssl.principal.mapping.rules = DEFAULT
kafka-2-1  | 2026-09-21T21:52:18.810383970Z 	ssl.protocol = TLSv1.3
kafka-2-1  | 2026-09-21T21:52:18.810385070Z 	ssl.provider = null
kafka-2-1  | 2026-09-21T21:52:18.810386270Z 	ssl.secure.random.implementation = null
kafka-2-1  | 2026-09-21T21:52:18.810387370Z 	ssl.trustmanager.algorithm = PKIX
kafka-2-1  | 2026-09-21T21:52:18.810388370Z 	ssl.truststore.certificates = null
kafka-2-1  | 2026-09-21T21:52:18.810389570Z 	ssl.truststore.location = null
kafka-2-1  | 2026-09-21T21:52:18.810390670Z 	ssl.truststore.password = null
kafka-2-1  | 2026-09-21T21:52:18.810392171Z 	ssl.truststore.type = JKS
kafka-2-1  | 2026-09-21T21:52:18.810393271Z 	telemetry.max.bytes = 1048576
kafka-2-1  | 2026-09-21T21:52:18.810394471Z 	transaction.abort.timed.out.transaction.cleanup.interval.ms = 10000
kafka-2-1  | 2026-09-21T21:52:18.810395671Z 	transaction.max.timeout.ms = 900000
kafka-2-1  | 2026-09-21T21:52:18.810396771Z 	transaction.partition.verification.enable = true
kafka-2-1  | 2026-09-21T21:52:18.810397871Z 	transaction.remove.expired.transaction.cleanup.interval.ms = 3600000
kafka-2-1  | 2026-09-21T21:52:18.810399171Z 	transaction.state.log.load.buffer.size = 5242880
kafka-2-1  | 2026-09-21T21:52:18.810400271Z 	transaction.state.log.min.isr = 2
kafka-2-1  | 2026-09-21T21:52:18.810401471Z 	transaction.state.log.num.partitions = 50
kafka-2-1  | 2026-09-21T21:52:18.810402571Z 	transaction.state.log.replication.factor = 3
kafka-2-1  | 2026-09-21T21:52:18.810403671Z 	transaction.state.log.segment.bytes = 104857600
kafka-2-1  | 2026-09-21T21:52:18.810404771Z 	transactional.id.expiration.ms = 604800000
kafka-2-1  | 2026-09-21T21:52:18.810405871Z 	unclean.leader.election.enable = false
kafka-2-1  | 2026-09-21T21:52:18.810406972Z 	unstable.api.versions.enable = false
kafka-2-1  | 2026-09-21T21:52:18.810409472Z 	unstable.feature.versions.enable = false
kafka-2-1  | 2026-09-21T21:52:18.810410772Z 	zookeeper.clientCnxnSocket = null
kafka-2-1  | 2026-09-21T21:52:18.810411872Z 	zookeeper.connect = null
kafka-2-1  | 2026-09-21T21:52:18.810412972Z 	zookeeper.connection.timeout.ms = null
kafka-2-1  | 2026-09-21T21:52:18.810414072Z 	zookeeper.max.in.flight.requests = 10
kafka-2-1  | 2026-09-21T21:52:18.810415272Z 	zookeeper.metadata.migration.enable = false
kafka-2-1  | 2026-09-21T21:52:18.810416372Z 	zookeeper.metadata.migration.min.batch.size = 200
kafka-2-1  | 2026-09-21T21:52:18.810417472Z 	zookeeper.session.timeout.ms = 18000
kafka-2-1  | 2026-09-21T21:52:18.810418672Z 	zookeeper.set.acl = false
kafka-2-1  | 2026-09-21T21:52:18.810419772Z 	zookeeper.ssl.cipher.suites = null
kafka-2-1  | 2026-09-21T21:52:18.810420972Z 	zookeeper.ssl.client.enable = false
kafka-2-1  | 2026-09-21T21:52:18.810422072Z 	zookeeper.ssl.crl.enable = false
kafka-2-1  | 2026-09-21T21:52:18.810424073Z 	zookeeper.ssl.enabled.protocols = null
kafka-2-1  | 2026-09-21T21:52:18.810425173Z 	zookeeper.ssl.endpoint.identification.algorithm = HTTPS
kafka-2-1  | 2026-09-21T21:52:18.810426273Z 	zookeeper.ssl.keystore.location = null
kafka-2-1  | 2026-09-21T21:52:18.810427473Z 	zookeeper.ssl.keystore.password = null
kafka-2-1  | 2026-09-21T21:52:18.810428573Z 	zookeeper.ssl.keystore.type = null
kafka-2-1  | 2026-09-21T21:52:18.810429773Z 	zookeeper.ssl.ocsp.enable = false
kafka-2-1  | 2026-09-21T21:52:18.810430873Z 	zookeeper.ssl.protocol = TLSv1.2
kafka-2-1  | 2026-09-21T21:52:18.810431973Z 	zookeeper.ssl.truststore.location = null
kafka-2-1  | 2026-09-21T21:52:18.810433073Z 	zookeeper.ssl.truststore.password = null
kafka-2-1  | 2026-09-21T21:52:18.810434173Z 	zookeeper.ssl.truststore.type = null
kafka-2-1  | 2026-09-21T21:52:18.810435273Z  (kafka.server.KafkaConfig)
kafka-2-1  | 2026-09-21T21:52:18.811877167Z [2026-09-21 21:52:18,810] INFO RemoteLogManagerConfig values: 
kafka-2-1  | 2026-09-21T21:52:18.811889168Z 	log.local.retention.bytes = -2
kafka-2-1  | 2026-09-21T21:52:18.811890968Z 	log.local.retention.ms = -2
kafka-2-1  | 2026-09-21T21:52:18.811892068Z 	remote.fetch.max.wait.ms = 500
kafka-2-1  | 2026-09-21T21:52:18.811893268Z 	remote.log.index.file.cache.total.size.bytes = 1073741824
kafka-2-1  | 2026-09-21T21:52:18.811894468Z 	remote.log.manager.copier.thread.pool.size = 10
kafka-2-1  | 2026-09-21T21:52:18.811895668Z 	remote.log.manager.copy.max.bytes.per.second = 9223372036854775807
kafka-2-1  | 2026-09-21T21:52:18.811896869Z 	remote.log.manager.copy.quota.window.num = 11
kafka-2-1  | 2026-09-21T21:52:18.811897969Z 	remote.log.manager.copy.quota.window.size.seconds = 1
kafka-2-1  | 2026-09-21T21:52:18.811899169Z 	remote.log.manager.expiration.thread.pool.size = 10
kafka-2-1  | 2026-09-21T21:52:18.811900269Z 	remote.log.manager.fetch.max.bytes.per.second = 9223372036854775807
kafka-2-1  | 2026-09-21T21:52:18.811901469Z 	remote.log.manager.fetch.quota.window.num = 11
kafka-2-1  | 2026-09-21T21:52:18.811910469Z 	remote.log.manager.fetch.quota.window.size.seconds = 1
kafka-2-1  | 2026-09-21T21:52:18.811911769Z 	remote.log.manager.task.interval.ms = 30000
kafka-2-1  | 2026-09-21T21:52:18.811912970Z 	remote.log.manager.task.retry.backoff.max.ms = 30000
kafka-2-1  | 2026-09-21T21:52:18.811914170Z 	remote.log.manager.task.retry.backoff.ms = 500
kafka-2-1  | 2026-09-21T21:52:18.811915270Z 	remote.log.manager.task.retry.jitter = 0.2
kafka-2-1  | 2026-09-21T21:52:18.811916370Z 	remote.log.manager.thread.pool.size = 10
kafka-2-1  | 2026-09-21T21:52:18.811917470Z 	remote.log.metadata.custom.metadata.max.bytes = 128
kafka-2-1  | 2026-09-21T21:52:18.811918670Z 	remote.log.metadata.manager.class.name = org.apache.kafka.server.log.remote.metadata.storage.TopicBasedRemoteLogMetadataManager
kafka-2-1  | 2026-09-21T21:52:18.811919970Z 	remote.log.metadata.manager.class.path = null
kafka-2-1  | 2026-09-21T21:52:18.811921170Z 	remote.log.metadata.manager.impl.prefix = rlmm.config.
kafka-2-1  | 2026-09-21T21:52:18.811922270Z 	remote.log.metadata.manager.listener.name = null
kafka-2-1  | 2026-09-21T21:52:18.811924070Z 	remote.log.reader.max.pending.tasks = 100
kafka-2-1  | 2026-09-21T21:52:18.811925270Z 	remote.log.reader.threads = 10
kafka-2-1  | 2026-09-21T21:52:18.811926370Z 	remote.log.storage.manager.class.name = null
kafka-2-1  | 2026-09-21T21:52:18.811927471Z 	remote.log.storage.manager.class.path = null
kafka-2-1  | 2026-09-21T21:52:18.811928571Z 	remote.log.storage.manager.impl.prefix = rsm.config.
kafka-2-1  | 2026-09-21T21:52:18.811929771Z 	remote.log.storage.system.enable = false
kafka-2-1  | 2026-09-21T21:52:18.811930971Z  (org.apache.kafka.server.log.remote.storage.RemoteLogManagerConfig)
kafka-2-1  | 2026-09-21T21:52:18.814254322Z [2026-09-21 21:52:18,813] INFO [BrokerServer id=2] Waiting for the broker to be unfenced (kafka.server.BrokerServer)
kafka-2-1  | 2026-09-21T21:52:18.842472960Z [2026-09-21 21:52:18,842] INFO [BrokerLifecycleManager id=2] The broker has been unfenced. Transitioning from RECOVERY to RUNNING. (kafka.server.BrokerLifecycleManager)
kafka-2-1  | 2026-09-21T21:52:18.844070264Z [2026-09-21 21:52:18,843] INFO [BrokerServer id=2] Finished waiting for the broker to be unfenced (kafka.server.BrokerServer)
kafka-2-1  | 2026-09-21T21:52:18.844676903Z [2026-09-21 21:52:18,844] INFO authorizerStart completed for endpoint PLAINTEXT. Endpoint is now READY. (org.apache.kafka.server.network.EndpointReadyFutures)
kafka-2-1  | 2026-09-21T21:52:18.844853715Z [2026-09-21 21:52:18,844] INFO [SocketServer listenerType=BROKER, nodeId=2] Enabling request processing. (kafka.network.SocketServer)
kafka-2-1  | 2026-09-21T21:52:18.846057693Z [2026-09-21 21:52:18,845] INFO Awaiting socket connections on 0.0.0.0:9092. (kafka.network.DataPlaneAcceptor)
kafka-2-1  | 2026-09-21T21:52:18.850903208Z [2026-09-21 21:52:18,850] INFO [BrokerServer id=2] Waiting for all of the authorizer futures to be completed (kafka.server.BrokerServer)
kafka-2-1  | 2026-09-21T21:52:18.850922910Z [2026-09-21 21:52:18,850] INFO [BrokerServer id=2] Finished waiting for all of the authorizer futures to be completed (kafka.server.BrokerServer)
kafka-2-1  | 2026-09-21T21:52:18.850925210Z [2026-09-21 21:52:18,850] INFO [BrokerServer id=2] Waiting for all of the SocketServer Acceptors to be started (kafka.server.BrokerServer)
kafka-2-1  | 2026-09-21T21:52:18.850933510Z [2026-09-21 21:52:18,850] INFO [BrokerServer id=2] Finished waiting for all of the SocketServer Acceptors to be started (kafka.server.BrokerServer)
kafka-2-1  | 2026-09-21T21:52:18.850935111Z [2026-09-21 21:52:18,850] INFO [BrokerServer id=2] Transition from STARTING to STARTED (kafka.server.BrokerServer)
kafka-2-1  | 2026-09-21T21:52:18.850936411Z [2026-09-21 21:52:18,850] INFO Kafka version: 3.8.0 (org.apache.kafka.common.utils.AppInfoParser)
kafka-2-1  | 2026-09-21T21:52:18.850937711Z [2026-09-21 21:52:18,850] INFO Kafka commitId: 771b9576b00ecf5b (org.apache.kafka.common.utils.AppInfoParser)
kafka-2-1  | 2026-09-21T21:52:18.850938911Z [2026-09-21 21:52:18,850] INFO Kafka startTimeMs: 1790027538850 (org.apache.kafka.common.utils.AppInfoParser)
kafka-2-1  | 2026-09-21T21:52:18.852148590Z [2026-09-21 21:52:18,851] INFO [KafkaRaftServer nodeId=2] Kafka Server started (kafka.server.KafkaRaftServer)
kafka-2-1  | 2026-09-21T21:52:22.685868512Z [2026-09-21 21:52:22,685] INFO [ReplicaFetcherManager on broker 2] Removed fetcher for partitions Set(dados-sensores-5, dados-sensores-2) (kafka.server.ReplicaFetcherManager)
kafka-2-1  | 2026-09-21T21:52:22.698496921Z [2026-09-21 21:52:22,698] INFO [LogLoader partition=dados-sensores-5, dir=/tmp/kafka-logs] Loading producer state till offset 0 with message format version 2 (kafka.log.UnifiedLog$)
kafka-2-1  | 2026-09-21T21:52:22.701758275Z [2026-09-21 21:52:22,701] INFO Created log for partition dados-sensores-5 in /tmp/kafka-logs/dados-sensores-5 with properties {min.insync.replicas=2} (kafka.log.LogManager)
kafka-2-1  | 2026-09-21T21:52:22.703305300Z [2026-09-21 21:52:22,702] INFO [Partition dados-sensores-5 broker=2] No checkpointed highwatermark is found for partition dados-sensores-5 (kafka.cluster.Partition)
kafka-2-1  | 2026-09-21T21:52:22.704135814Z [2026-09-21 21:52:22,703] INFO [Partition dados-sensores-5 broker=2] Log loaded for partition dados-sensores-5 with initial high watermark 0 (kafka.cluster.Partition)
kafka-2-1  | 2026-09-21T21:52:22.716186013Z [2026-09-21 21:52:22,715] INFO [LogLoader partition=dados-sensores-2, dir=/tmp/kafka-logs] Loading producer state till offset 0 with message format version 2 (kafka.log.UnifiedLog$)
kafka-2-1  | 2026-09-21T21:52:22.716830324Z [2026-09-21 21:52:22,716] INFO Created log for partition dados-sensores-2 in /tmp/kafka-logs/dados-sensores-2 with properties {min.insync.replicas=2} (kafka.log.LogManager)
kafka-2-1  | 2026-09-21T21:52:22.716867325Z [2026-09-21 21:52:22,716] INFO [Partition dados-sensores-2 broker=2] No checkpointed highwatermark is found for partition dados-sensores-2 (kafka.cluster.Partition)
kafka-2-1  | 2026-09-21T21:52:22.717246131Z [2026-09-21 21:52:22,716] INFO [Partition dados-sensores-2 broker=2] Log loaded for partition dados-sensores-2 with initial high watermark 0 (kafka.cluster.Partition)
kafka-2-1  | 2026-09-21T21:52:22.729526234Z [2026-09-21 21:52:22,729] INFO [LogLoader partition=dados-sensores-4, dir=/tmp/kafka-logs] Loading producer state till offset 0 with message format version 2 (kafka.log.UnifiedLog$)
kafka-2-1  | 2026-09-21T21:52:22.730584052Z [2026-09-21 21:52:22,730] INFO Created log for partition dados-sensores-4 in /tmp/kafka-logs/dados-sensores-4 with properties {min.insync.replicas=2} (kafka.log.LogManager)
kafka-2-1  | 2026-09-21T21:52:22.731316764Z [2026-09-21 21:52:22,731] INFO [Partition dados-sensores-4 broker=2] No checkpointed highwatermark is found for partition dados-sensores-4 (kafka.cluster.Partition)
kafka-2-1  | 2026-09-21T21:52:22.731343864Z [2026-09-21 21:52:22,731] INFO [Partition dados-sensores-4 broker=2] Log loaded for partition dados-sensores-4 with initial high watermark 0 (kafka.cluster.Partition)
kafka-2-1  | 2026-09-21T21:52:22.735142427Z [2026-09-21 21:52:22,734] INFO [LogLoader partition=dados-sensores-1, dir=/tmp/kafka-logs] Loading producer state till offset 0 with message format version 2 (kafka.log.UnifiedLog$)
kafka-2-1  | 2026-09-21T21:52:22.735856939Z [2026-09-21 21:52:22,735] INFO Created log for partition dados-sensores-1 in /tmp/kafka-logs/dados-sensores-1 with properties {min.insync.replicas=2} (kafka.log.LogManager)
kafka-2-1  | 2026-09-21T21:52:22.735878039Z [2026-09-21 21:52:22,735] INFO [Partition dados-sensores-1 broker=2] No checkpointed highwatermark is found for partition dados-sensores-1 (kafka.cluster.Partition)
kafka-2-1  | 2026-09-21T21:52:22.736107443Z [2026-09-21 21:52:22,735] INFO [Partition dados-sensores-1 broker=2] Log loaded for partition dados-sensores-1 with initial high watermark 0 (kafka.cluster.Partition)
kafka-2-1  | 2026-09-21T21:52:22.740087909Z [2026-09-21 21:52:22,739] INFO [LogLoader partition=dados-sensores-0, dir=/tmp/kafka-logs] Loading producer state till offset 0 with message format version 2 (kafka.log.UnifiedLog$)
kafka-2-1  | 2026-09-21T21:52:22.740781921Z [2026-09-21 21:52:22,740] INFO Created log for partition dados-sensores-0 in /tmp/kafka-logs/dados-sensores-0 with properties {min.insync.replicas=2} (kafka.log.LogManager)
kafka-2-1  | 2026-09-21T21:52:22.740794221Z [2026-09-21 21:52:22,740] INFO [Partition dados-sensores-0 broker=2] No checkpointed highwatermark is found for partition dados-sensores-0 (kafka.cluster.Partition)
kafka-2-1  | 2026-09-21T21:52:22.740961824Z [2026-09-21 21:52:22,740] INFO [Partition dados-sensores-0 broker=2] Log loaded for partition dados-sensores-0 with initial high watermark 0 (kafka.cluster.Partition)
kafka-2-1  | 2026-09-21T21:52:22.745472298Z [2026-09-21 21:52:22,745] INFO [LogLoader partition=dados-sensores-3, dir=/tmp/kafka-logs] Loading producer state till offset 0 with message format version 2 (kafka.log.UnifiedLog$)
kafka-2-1  | 2026-09-21T21:52:22.746100309Z [2026-09-21 21:52:22,745] INFO Created log for partition dados-sensores-3 in /tmp/kafka-logs/dados-sensores-3 with properties {min.insync.replicas=2} (kafka.log.LogManager)
kafka-2-1  | 2026-09-21T21:52:22.746113709Z [2026-09-21 21:52:22,745] INFO [Partition dados-sensores-3 broker=2] No checkpointed highwatermark is found for partition dados-sensores-3 (kafka.cluster.Partition)
kafka-2-1  | 2026-09-21T21:52:22.746115709Z [2026-09-21 21:52:22,746] INFO [Partition dados-sensores-3 broker=2] Log loaded for partition dados-sensores-3 with initial high watermark 0 (kafka.cluster.Partition)
kafka-2-1  | 2026-09-21T21:52:22.746619917Z [2026-09-21 21:52:22,746] INFO [ReplicaFetcherManager on broker 2] Removed fetcher for partitions Set(dados-sensores-4, dados-sensores-1, dados-sensores-0, dados-sensores-3) (kafka.server.ReplicaFetcherManager)
kafka-2-1  | 2026-09-21T21:52:22.763832102Z [2026-09-21 21:52:22,763] INFO [ReplicaFetcherThread-0-1]: Starting (kafka.server.ReplicaFetcherThread)
kafka-2-1  | 2026-09-21T21:52:22.767263859Z [2026-09-21 21:52:22,766] INFO [ReplicaFetcherManager on broker 2] Added fetcher to broker 1 for partitions HashMap(dados-sensores-4 -> InitialFetchState(Some(TOQUTEIYQC2WEzitbIedXg),BrokerEndPoint(id=1, host=kafka-1:9092),0,0), dados-sensores-1 -> InitialFetchState(Some(TOQUTEIYQC2WEzitbIedXg),BrokerEndPoint(id=1, host=kafka-1:9092),0,0)) (kafka.server.ReplicaFetcherManager)
kafka-2-1  | 2026-09-21T21:52:22.768876786Z [2026-09-21 21:52:22,768] INFO [ReplicaFetcher replicaId=2, leaderId=1, fetcherId=0] Truncating partition dados-sensores-4 with TruncationState(offset=0, completed=true) due to local high watermark 0 (kafka.server.ReplicaFetcherThread)
kafka-2-1  | 2026-09-21T21:52:22.769862402Z [2026-09-21 21:52:22,769] INFO [UnifiedLog partition=dados-sensores-4, dir=/tmp/kafka-logs] Truncating to 0 has no effect as the largest offset in the log is -1 (kafka.log.UnifiedLog)
kafka-2-1  | 2026-09-21T21:52:22.769872902Z [2026-09-21 21:52:22,769] INFO [ReplicaFetcherManager on broker 2] Added fetcher to broker 3 for partitions HashMap(dados-sensores-0 -> InitialFetchState(Some(TOQUTEIYQC2WEzitbIedXg),BrokerEndPoint(id=3, host=kafka-3:9092),0,0), dados-sensores-3 -> InitialFetchState(Some(TOQUTEIYQC2WEzitbIedXg),BrokerEndPoint(id=3, host=kafka-3:9092),0,0)) (kafka.server.ReplicaFetcherManager)
kafka-2-1  | 2026-09-21T21:52:22.770088406Z [2026-09-21 21:52:22,769] INFO [ReplicaFetcherThread-0-3]: Starting (kafka.server.ReplicaFetcherThread)
kafka-2-1  | 2026-09-21T21:52:22.770261409Z [2026-09-21 21:52:22,770] INFO [ReplicaFetcher replicaId=2, leaderId=3, fetcherId=0] Truncating partition dados-sensores-0 with TruncationState(offset=0, completed=true) due to local high watermark 0 (kafka.server.ReplicaFetcherThread)
kafka-2-1  | 2026-09-21T21:52:22.770349810Z [2026-09-21 21:52:22,770] INFO [UnifiedLog partition=dados-sensores-0, dir=/tmp/kafka-logs] Truncating to 0 has no effect as the largest offset in the log is -1 (kafka.log.UnifiedLog)
kafka-2-1  | 2026-09-21T21:52:22.771264625Z [2026-09-21 21:52:22,771] INFO [ReplicaFetcher replicaId=2, leaderId=3, fetcherId=0] Truncating partition dados-sensores-3 with TruncationState(offset=0, completed=true) due to local high watermark 0 (kafka.server.ReplicaFetcherThread)
kafka-2-1  | 2026-09-21T21:52:22.771273025Z [2026-09-21 21:52:22,771] INFO [ReplicaFetcher replicaId=2, leaderId=1, fetcherId=0] Truncating partition dados-sensores-1 with TruncationState(offset=0, completed=true) due to local high watermark 0 (kafka.server.ReplicaFetcherThread)
kafka-2-1  | 2026-09-21T21:52:22.771275025Z [2026-09-21 21:52:22,771] INFO [UnifiedLog partition=dados-sensores-3, dir=/tmp/kafka-logs] Truncating to 0 has no effect as the largest offset in the log is -1 (kafka.log.UnifiedLog)
kafka-2-1  | 2026-09-21T21:52:22.771877035Z [2026-09-21 21:52:22,771] INFO [UnifiedLog partition=dados-sensores-1, dir=/tmp/kafka-logs] Truncating to 0 has no effect as the largest offset in the log is -1 (kafka.log.UnifiedLog)
kafka-2-1  | 2026-09-21T21:52:22.780812483Z [2026-09-21 21:52:22,780] INFO [DynamicConfigPublisher broker id=2] Updating topic dados-sensores with new configuration : min.insync.replicas -> 2 (kafka.server.metadata.DynamicConfigPublisher)
kafka-2-1  | 2026-09-21T21:52:22.800177304Z [2026-09-21 21:52:22,799] WARN [ReplicaFetcher replicaId=2, leaderId=1, fetcherId=0] Received UNKNOWN_TOPIC_ID from the leader for partition dados-sensores-4. This error may be returned transiently when the partition is being created or deleted, but it is not expected to persist. (kafka.server.ReplicaFetcherThread)
kafka-2-1  | 2026-09-21T21:52:22.800193604Z [2026-09-21 21:52:22,799] WARN [ReplicaFetcher replicaId=2, leaderId=3, fetcherId=0] Received UNKNOWN_TOPIC_ID from the leader for partition dados-sensores-0. This error may be returned transiently when the partition is being created or deleted, but it is not expected to persist. (kafka.server.ReplicaFetcherThread)
kafka-2-1  | 2026-09-21T21:52:22.800280405Z [2026-09-21 21:52:22,800] WARN [ReplicaFetcher replicaId=2, leaderId=1, fetcherId=0] Received UNKNOWN_TOPIC_ID from the leader for partition dados-sensores-1. This error may be returned transiently when the partition is being created or deleted, but it is not expected to persist. (kafka.server.ReplicaFetcherThread)
kafka-2-1  | 2026-09-21T21:52:22.800486309Z [2026-09-21 21:52:22,800] WARN [ReplicaFetcher replicaId=2, leaderId=3, fetcherId=0] Received UNKNOWN_TOPIC_ID from the leader for partition dados-sensores-3. This error may be returned transiently when the partition is being created or deleted, but it is not expected to persist. (kafka.server.ReplicaFetcherThread)
kafka-2-1  | 2026-09-21T21:52:26.458139655Z [2026-09-21 21:52:26,457] INFO [ReplicaFetcherManager on broker 2] Removed fetcher for partitions Set(__consumer_offsets-15, __consumer_offsets-48, __consumer_offsets-14, __consumer_offsets-46, __consumer_offsets-41, __consumer_offsets-10, __consumer_offsets-42, __consumer_offsets-21, __consumer_offsets-20, __consumer_offsets-30, __consumer_offsets-27, __consumer_offsets-26, __consumer_offsets-7, __consumer_offsets-37, __consumer_offsets-3, __consumer_offsets-35, __consumer_offsets-1) (kafka.server.ReplicaFetcherManager)
kafka-2-1  | 2026-09-21T21:52:26.469760147Z [2026-09-21 21:52:26,468] INFO [LogLoader partition=__consumer_offsets-15, dir=/tmp/kafka-logs] Loading producer state till offset 0 with message format version 2 (kafka.log.UnifiedLog$)
kafka-2-1  | 2026-09-21T21:52:26.470527360Z [2026-09-21 21:52:26,470] INFO Created log for partition __consumer_offsets-15 in /tmp/kafka-logs/__consumer_offsets-15 with properties {cleanup.policy=compact, compression.type="producer", segment.bytes=104857600} (kafka.log.LogManager)
kafka-2-1  | 2026-09-21T21:52:26.471305572Z [2026-09-21 21:52:26,471] INFO [Partition __consumer_offsets-15 broker=2] No checkpointed highwatermark is found for partition __consumer_offsets-15 (kafka.cluster.Partition)
kafka-2-1  | 2026-09-21T21:52:26.471550077Z [2026-09-21 21:52:26,471] INFO [Partition __consumer_offsets-15 broker=2] Log loaded for partition __consumer_offsets-15 with initial high watermark 0 (kafka.cluster.Partition)
kafka-2-1  | 2026-09-21T21:52:26.481971049Z [2026-09-21 21:52:26,481] INFO [LogLoader partition=__consumer_offsets-48, dir=/tmp/kafka-logs] Loading producer state till offset 0 with message format version 2 (kafka.log.UnifiedLog$)
kafka-2-1  | 2026-09-21T21:52:26.482785062Z [2026-09-21 21:52:26,482] INFO Created log for partition __consumer_offsets-48 in /tmp/kafka-logs/__consumer_offsets-48 with properties {cleanup.policy=compact, compression.type="producer", segment.bytes=104857600} (kafka.log.LogManager)
kafka-2-1  | 2026-09-21T21:52:26.482942165Z [2026-09-21 21:52:26,482] INFO [Partition __consumer_offsets-48 broker=2] No checkpointed highwatermark is found for partition __consumer_offsets-48 (kafka.cluster.Partition)
kafka-2-1  | 2026-09-21T21:52:26.483033567Z [2026-09-21 21:52:26,482] INFO [Partition __consumer_offsets-48 broker=2] Log loaded for partition __consumer_offsets-48 with initial high watermark 0 (kafka.cluster.Partition)
kafka-2-1  | 2026-09-21T21:52:26.500413954Z [2026-09-21 21:52:26,500] INFO [LogLoader partition=__consumer_offsets-14, dir=/tmp/kafka-logs] Loading producer state till offset 0 with message format version 2 (kafka.log.UnifiedLog$)
kafka-2-1  | 2026-09-21T21:52:26.502980197Z [2026-09-21 21:52:26,502] INFO Created log for partition __consumer_offsets-14 in /tmp/kafka-logs/__consumer_offsets-14 with properties {cleanup.policy=compact, compression.type="producer", segment.bytes=104857600} (kafka.log.LogManager)
kafka-2-1  | 2026-09-21T21:52:26.503233901Z [2026-09-21 21:52:26,503] INFO [Partition __consumer_offsets-14 broker=2] No checkpointed highwatermark is found for partition __consumer_offsets-14 (kafka.cluster.Partition)
kafka-2-1  | 2026-09-21T21:52:26.503629008Z [2026-09-21 21:52:26,503] INFO [Partition __consumer_offsets-14 broker=2] Log loaded for partition __consumer_offsets-14 with initial high watermark 0 (kafka.cluster.Partition)
kafka-2-1  | 2026-09-21T21:52:26.540006210Z [2026-09-21 21:52:26,539] INFO [LogLoader partition=__consumer_offsets-46, dir=/tmp/kafka-logs] Loading producer state till offset 0 with message format version 2 (kafka.log.UnifiedLog$)
kafka-2-1  | 2026-09-21T21:52:26.544609786Z [2026-09-21 21:52:26,544] INFO Created log for partition __consumer_offsets-46 in /tmp/kafka-logs/__consumer_offsets-46 with properties {cleanup.policy=compact, compression.type="producer", segment.bytes=104857600} (kafka.log.LogManager)
kafka-2-1  | 2026-09-21T21:52:26.544773189Z [2026-09-21 21:52:26,544] INFO [Partition __consumer_offsets-46 broker=2] No checkpointed highwatermark is found for partition __consumer_offsets-46 (kafka.cluster.Partition)
kafka-2-1  | 2026-09-21T21:52:26.544871390Z [2026-09-21 21:52:26,544] INFO [Partition __consumer_offsets-46 broker=2] Log loaded for partition __consumer_offsets-46 with initial high watermark 0 (kafka.cluster.Partition)
kafka-2-1  | 2026-09-21T21:52:26.593680898Z [2026-09-21 21:52:26,593] INFO [LogLoader partition=__consumer_offsets-41, dir=/tmp/kafka-logs] Loading producer state till offset 0 with message format version 2 (kafka.log.UnifiedLog$)
kafka-2-1  | 2026-09-21T21:52:26.598024670Z [2026-09-21 21:52:26,597] INFO Created log for partition __consumer_offsets-41 in /tmp/kafka-logs/__consumer_offsets-41 with properties {cleanup.policy=compact, compression.type="producer", segment.bytes=104857600} (kafka.log.LogManager)
kafka-2-1  | 2026-09-21T21:52:26.598286174Z [2026-09-21 21:52:26,598] INFO [Partition __consumer_offsets-41 broker=2] No checkpointed highwatermark is found for partition __consumer_offsets-41 (kafka.cluster.Partition)
kafka-2-1  | 2026-09-21T21:52:26.598460277Z [2026-09-21 21:52:26,598] INFO [Partition __consumer_offsets-41 broker=2] Log loaded for partition __consumer_offsets-41 with initial high watermark 0 (kafka.cluster.Partition)
kafka-2-1  | 2026-09-21T21:52:26.637733927Z [2026-09-21 21:52:26,637] INFO [LogLoader partition=__consumer_offsets-10, dir=/tmp/kafka-logs] Loading producer state till offset 0 with message format version 2 (kafka.log.UnifiedLog$)
kafka-2-1  | 2026-09-21T21:52:26.641068283Z [2026-09-21 21:52:26,640] INFO Created log for partition __consumer_offsets-10 in /tmp/kafka-logs/__consumer_offsets-10 with properties {cleanup.policy=compact, compression.type="producer", segment.bytes=104857600} (kafka.log.LogManager)
kafka-2-1  | 2026-09-21T21:52:26.641087783Z [2026-09-21 21:52:26,640] INFO [Partition __consumer_offsets-10 broker=2] No checkpointed highwatermark is found for partition __consumer_offsets-10 (kafka.cluster.Partition)
kafka-2-1  | 2026-09-21T21:52:26.641524590Z [2026-09-21 21:52:26,641] INFO [Partition __consumer_offsets-10 broker=2] Log loaded for partition __consumer_offsets-10 with initial high watermark 0 (kafka.cluster.Partition)
kafka-2-1  | 2026-09-21T21:52:26.664450170Z [2026-09-21 21:52:26,664] INFO [LogLoader partition=__consumer_offsets-42, dir=/tmp/kafka-logs] Loading producer state till offset 0 with message format version 2 (kafka.log.UnifiedLog$)
kafka-2-1  | 2026-09-21T21:52:26.665271683Z [2026-09-21 21:52:26,665] INFO Created log for partition __consumer_offsets-42 in /tmp/kafka-logs/__consumer_offsets-42 with properties {cleanup.policy=compact, compression.type="producer", segment.bytes=104857600} (kafka.log.LogManager)
kafka-2-1  | 2026-09-21T21:52:26.665539688Z [2026-09-21 21:52:26,665] INFO [Partition __consumer_offsets-42 broker=2] No checkpointed highwatermark is found for partition __consumer_offsets-42 (kafka.cluster.Partition)
kafka-2-1  | 2026-09-21T21:52:26.665714791Z [2026-09-21 21:52:26,665] INFO [Partition __consumer_offsets-42 broker=2] Log loaded for partition __consumer_offsets-42 with initial high watermark 0 (kafka.cluster.Partition)
kafka-2-1  | 2026-09-21T21:52:26.687205746Z [2026-09-21 21:52:26,686] INFO [LogLoader partition=__consumer_offsets-21, dir=/tmp/kafka-logs] Loading producer state till offset 0 with message format version 2 (kafka.log.UnifiedLog$)
kafka-2-1  | 2026-09-21T21:52:26.692334031Z [2026-09-21 21:52:26,692] INFO Created log for partition __consumer_offsets-21 in /tmp/kafka-logs/__consumer_offsets-21 with properties {cleanup.policy=compact, compression.type="producer", segment.bytes=104857600} (kafka.log.LogManager)
kafka-2-1  | 2026-09-21T21:52:26.692813139Z [2026-09-21 21:52:26,692] INFO [Partition __consumer_offsets-21 broker=2] No checkpointed highwatermark is found for partition __consumer_offsets-21 (kafka.cluster.Partition)
kafka-2-1  | 2026-09-21T21:52:26.692921041Z [2026-09-21 21:52:26,692] INFO [Partition __consumer_offsets-21 broker=2] Log loaded for partition __consumer_offsets-21 with initial high watermark 0 (kafka.cluster.Partition)
kafka-2-1  | 2026-09-21T21:52:26.707309879Z [2026-09-21 21:52:26,707] INFO [LogLoader partition=__consumer_offsets-20, dir=/tmp/kafka-logs] Loading producer state till offset 0 with message format version 2 (kafka.log.UnifiedLog$)
kafka-2-1  | 2026-09-21T21:52:26.708931806Z [2026-09-21 21:52:26,708] INFO Created log for partition __consumer_offsets-20 in /tmp/kafka-logs/__consumer_offsets-20 with properties {cleanup.policy=compact, compression.type="producer", segment.bytes=104857600} (kafka.log.LogManager)
kafka-2-1  | 2026-09-21T21:52:26.709023607Z [2026-09-21 21:52:26,708] INFO [Partition __consumer_offsets-20 broker=2] No checkpointed highwatermark is found for partition __consumer_offsets-20 (kafka.cluster.Partition)
kafka-2-1  | 2026-09-21T21:52:26.709093709Z [2026-09-21 21:52:26,709] INFO [Partition __consumer_offsets-20 broker=2] Log loaded for partition __consumer_offsets-20 with initial high watermark 0 (kafka.cluster.Partition)
kafka-2-1  | 2026-09-21T21:52:26.725528181Z [2026-09-21 21:52:26,725] INFO [LogLoader partition=__consumer_offsets-30, dir=/tmp/kafka-logs] Loading producer state till offset 0 with message format version 2 (kafka.log.UnifiedLog$)
kafka-2-1  | 2026-09-21T21:52:26.726246293Z [2026-09-21 21:52:26,726] INFO Created log for partition __consumer_offsets-30 in /tmp/kafka-logs/__consumer_offsets-30 with properties {cleanup.policy=compact, compression.type="producer", segment.bytes=104857600} (kafka.log.LogManager)
kafka-2-1  | 2026-09-21T21:52:26.726335294Z [2026-09-21 21:52:26,726] INFO [Partition __consumer_offsets-30 broker=2] No checkpointed highwatermark is found for partition __consumer_offsets-30 (kafka.cluster.Partition)
kafka-2-1  | 2026-09-21T21:52:26.726424195Z [2026-09-21 21:52:26,726] INFO [Partition __consumer_offsets-30 broker=2] Log loaded for partition __consumer_offsets-30 with initial high watermark 0 (kafka.cluster.Partition)
kafka-2-1  | 2026-09-21T21:52:26.746442827Z [2026-09-21 21:52:26,746] INFO [LogLoader partition=__consumer_offsets-27, dir=/tmp/kafka-logs] Loading producer state till offset 0 with message format version 2 (kafka.log.UnifiedLog$)
kafka-2-1  | 2026-09-21T21:52:26.747250140Z [2026-09-21 21:52:26,747] INFO Created log for partition __consumer_offsets-27 in /tmp/kafka-logs/__consumer_offsets-27 with properties {cleanup.policy=compact, compression.type="producer", segment.bytes=104857600} (kafka.log.LogManager)
kafka-2-1  | 2026-09-21T21:52:26.747836550Z [2026-09-21 21:52:26,747] INFO [Partition __consumer_offsets-27 broker=2] No checkpointed highwatermark is found for partition __consumer_offsets-27 (kafka.cluster.Partition)
kafka-2-1  | 2026-09-21T21:52:26.750047087Z [2026-09-21 21:52:26,748] INFO [Partition __consumer_offsets-27 broker=2] Log loaded for partition __consumer_offsets-27 with initial high watermark 0 (kafka.cluster.Partition)
kafka-2-1  | 2026-09-21T21:52:26.762692696Z [2026-09-21 21:52:26,762] INFO [LogLoader partition=__consumer_offsets-26, dir=/tmp/kafka-logs] Loading producer state till offset 0 with message format version 2 (kafka.log.UnifiedLog$)
kafka-2-1  | 2026-09-21T21:52:26.763483809Z [2026-09-21 21:52:26,763] INFO Created log for partition __consumer_offsets-26 in /tmp/kafka-logs/__consumer_offsets-26 with properties {cleanup.policy=compact, compression.type="producer", segment.bytes=104857600} (kafka.log.LogManager)
kafka-2-1  | 2026-09-21T21:52:26.763685212Z [2026-09-21 21:52:26,763] INFO [Partition __consumer_offsets-26 broker=2] No checkpointed highwatermark is found for partition __consumer_offsets-26 (kafka.cluster.Partition)
kafka-2-1  | 2026-09-21T21:52:26.763791614Z [2026-09-21 21:52:26,763] INFO [Partition __consumer_offsets-26 broker=2] Log loaded for partition __consumer_offsets-26 with initial high watermark 0 (kafka.cluster.Partition)
kafka-2-1  | 2026-09-21T21:52:26.777405439Z [2026-09-21 21:52:26,777] INFO [LogLoader partition=__consumer_offsets-7, dir=/tmp/kafka-logs] Loading producer state till offset 0 with message format version 2 (kafka.log.UnifiedLog$)
kafka-2-1  | 2026-09-21T21:52:26.779080167Z [2026-09-21 21:52:26,778] INFO Created log for partition __consumer_offsets-7 in /tmp/kafka-logs/__consumer_offsets-7 with properties {cleanup.policy=compact, compression.type="producer", segment.bytes=104857600} (kafka.log.LogManager)
kafka-2-1  | 2026-09-21T21:52:26.779833480Z [2026-09-21 21:52:26,779] INFO [Partition __consumer_offsets-7 broker=2] No checkpointed highwatermark is found for partition __consumer_offsets-7 (kafka.cluster.Partition)
kafka-2-1  | 2026-09-21T21:52:26.779938381Z [2026-09-21 21:52:26,779] INFO [Partition __consumer_offsets-7 broker=2] Log loaded for partition __consumer_offsets-7 with initial high watermark 0 (kafka.cluster.Partition)
kafka-2-1  | 2026-09-21T21:52:26.802684058Z [2026-09-21 21:52:26,802] INFO [LogLoader partition=__consumer_offsets-37, dir=/tmp/kafka-logs] Loading producer state till offset 0 with message format version 2 (kafka.log.UnifiedLog$)
kafka-2-1  | 2026-09-21T21:52:26.804926895Z [2026-09-21 21:52:26,804] INFO Created log for partition __consumer_offsets-37 in /tmp/kafka-logs/__consumer_offsets-37 with properties {cleanup.policy=compact, compression.type="producer", segment.bytes=104857600} (kafka.log.LogManager)
kafka-2-1  | 2026-09-21T21:52:26.805109398Z [2026-09-21 21:52:26,805] INFO [Partition __consumer_offsets-37 broker=2] No checkpointed highwatermark is found for partition __consumer_offsets-37 (kafka.cluster.Partition)
kafka-2-1  | 2026-09-21T21:52:26.805261400Z [2026-09-21 21:52:26,805] INFO [Partition __consumer_offsets-37 broker=2] Log loaded for partition __consumer_offsets-37 with initial high watermark 0 (kafka.cluster.Partition)
kafka-2-1  | 2026-09-21T21:52:26.825024128Z [2026-09-21 21:52:26,824] INFO [LogLoader partition=__consumer_offsets-3, dir=/tmp/kafka-logs] Loading producer state till offset 0 with message format version 2 (kafka.log.UnifiedLog$)
kafka-2-1  | 2026-09-21T21:52:26.826399450Z [2026-09-21 21:52:26,826] INFO Created log for partition __consumer_offsets-3 in /tmp/kafka-logs/__consumer_offsets-3 with properties {cleanup.policy=compact, compression.type="producer", segment.bytes=104857600} (kafka.log.LogManager)
kafka-2-1  | 2026-09-21T21:52:26.828044778Z [2026-09-21 21:52:26,827] INFO [Partition __consumer_offsets-3 broker=2] No checkpointed highwatermark is found for partition __consumer_offsets-3 (kafka.cluster.Partition)
kafka-2-1  | 2026-09-21T21:52:26.828113279Z [2026-09-21 21:52:26,828] INFO [Partition __consumer_offsets-3 broker=2] Log loaded for partition __consumer_offsets-3 with initial high watermark 0 (kafka.cluster.Partition)
kafka-2-1  | 2026-09-21T21:52:26.847683403Z [2026-09-21 21:52:26,847] INFO [LogLoader partition=__consumer_offsets-35, dir=/tmp/kafka-logs] Loading producer state till offset 0 with message format version 2 (kafka.log.UnifiedLog$)
kafka-2-1  | 2026-09-21T21:52:26.849410031Z [2026-09-21 21:52:26,849] INFO Created log for partition __consumer_offsets-35 in /tmp/kafka-logs/__consumer_offsets-35 with properties {cleanup.policy=compact, compression.type="producer", segment.bytes=104857600} (kafka.log.LogManager)
kafka-2-1  | 2026-09-21T21:52:26.849428432Z [2026-09-21 21:52:26,849] INFO [Partition __consumer_offsets-35 broker=2] No checkpointed highwatermark is found for partition __consumer_offsets-35 (kafka.cluster.Partition)
kafka-2-1  | 2026-09-21T21:52:26.849587134Z [2026-09-21 21:52:26,849] INFO [Partition __consumer_offsets-35 broker=2] Log loaded for partition __consumer_offsets-35 with initial high watermark 0 (kafka.cluster.Partition)
kafka-2-1  | 2026-09-21T21:52:26.860028707Z [2026-09-21 21:52:26,859] INFO [LogLoader partition=__consumer_offsets-1, dir=/tmp/kafka-logs] Loading producer state till offset 0 with message format version 2 (kafka.log.UnifiedLog$)
kafka-2-1  | 2026-09-21T21:52:26.860634517Z [2026-09-21 21:52:26,860] INFO Created log for partition __consumer_offsets-1 in /tmp/kafka-logs/__consumer_offsets-1 with properties {cleanup.policy=compact, compression.type="producer", segment.bytes=104857600} (kafka.log.LogManager)
kafka-2-1  | 2026-09-21T21:52:26.860696018Z [2026-09-21 21:52:26,860] INFO [Partition __consumer_offsets-1 broker=2] No checkpointed highwatermark is found for partition __consumer_offsets-1 (kafka.cluster.Partition)
kafka-2-1  | 2026-09-21T21:52:26.860762219Z [2026-09-21 21:52:26,860] INFO [Partition __consumer_offsets-1 broker=2] Log loaded for partition __consumer_offsets-1 with initial high watermark 0 (kafka.cluster.Partition)
kafka-2-1  | 2026-09-21T21:52:26.877244292Z [2026-09-21 21:52:26,877] INFO [LogLoader partition=__consumer_offsets-13, dir=/tmp/kafka-logs] Loading producer state till offset 0 with message format version 2 (kafka.log.UnifiedLog$)
kafka-2-1  | 2026-09-21T21:52:26.879322726Z [2026-09-21 21:52:26,879] INFO Created log for partition __consumer_offsets-13 in /tmp/kafka-logs/__consumer_offsets-13 with properties {cleanup.policy=compact, compression.type="producer", segment.bytes=104857600} (kafka.log.LogManager)
kafka-2-1  | 2026-09-21T21:52:26.879462629Z [2026-09-21 21:52:26,879] INFO [Partition __consumer_offsets-13 broker=2] No checkpointed highwatermark is found for partition __consumer_offsets-13 (kafka.cluster.Partition)
kafka-2-1  | 2026-09-21T21:52:26.879585731Z [2026-09-21 21:52:26,879] INFO [Partition __consumer_offsets-13 broker=2] Log loaded for partition __consumer_offsets-13 with initial high watermark 0 (kafka.cluster.Partition)
kafka-2-1  | 2026-09-21T21:52:26.889346092Z [2026-09-21 21:52:26,889] INFO [LogLoader partition=__consumer_offsets-11, dir=/tmp/kafka-logs] Loading producer state till offset 0 with message format version 2 (kafka.log.UnifiedLog$)
kafka-2-1  | 2026-09-21T21:52:26.890633414Z [2026-09-21 21:52:26,890] INFO Created log for partition __consumer_offsets-11 in /tmp/kafka-logs/__consumer_offsets-11 with properties {cleanup.policy=compact, compression.type="producer", segment.bytes=104857600} (kafka.log.LogManager)
kafka-2-1  | 2026-09-21T21:52:26.890687315Z [2026-09-21 21:52:26,890] INFO [Partition __consumer_offsets-11 broker=2] No checkpointed highwatermark is found for partition __consumer_offsets-11 (kafka.cluster.Partition)
kafka-2-1  | 2026-09-21T21:52:26.890753116Z [2026-09-21 21:52:26,890] INFO [Partition __consumer_offsets-11 broker=2] Log loaded for partition __consumer_offsets-11 with initial high watermark 0 (kafka.cluster.Partition)
kafka-2-1  | 2026-09-21T21:52:26.898565045Z [2026-09-21 21:52:26,898] INFO [LogLoader partition=__consumer_offsets-44, dir=/tmp/kafka-logs] Loading producer state till offset 0 with message format version 2 (kafka.log.UnifiedLog$)
kafka-2-1  | 2026-09-21T21:52:26.898962552Z [2026-09-21 21:52:26,898] INFO Created log for partition __consumer_offsets-44 in /tmp/kafka-logs/__consumer_offsets-44 with properties {cleanup.policy=compact, compression.type="producer", segment.bytes=104857600} (kafka.log.LogManager)
kafka-2-1  | 2026-09-21T21:52:26.898998852Z [2026-09-21 21:52:26,898] INFO [Partition __consumer_offsets-44 broker=2] No checkpointed highwatermark is found for partition __consumer_offsets-44 (kafka.cluster.Partition)
kafka-2-1  | 2026-09-21T21:52:26.899357258Z [2026-09-21 21:52:26,899] INFO [Partition __consumer_offsets-44 broker=2] Log loaded for partition __consumer_offsets-44 with initial high watermark 0 (kafka.cluster.Partition)
kafka-2-1  | 2026-09-21T21:52:26.907312390Z [2026-09-21 21:52:26,907] INFO [LogLoader partition=__consumer_offsets-9, dir=/tmp/kafka-logs] Loading producer state till offset 0 with message format version 2 (kafka.log.UnifiedLog$)
kafka-2-1  | 2026-09-21T21:52:26.909404324Z [2026-09-21 21:52:26,909] INFO Created log for partition __consumer_offsets-9 in /tmp/kafka-logs/__consumer_offsets-9 with properties {cleanup.policy=compact, compression.type="producer", segment.bytes=104857600} (kafka.log.LogManager)
kafka-2-1  | 2026-09-21T21:52:26.909441025Z [2026-09-21 21:52:26,909] INFO [Partition __consumer_offsets-9 broker=2] No checkpointed highwatermark is found for partition __consumer_offsets-9 (kafka.cluster.Partition)
kafka-2-1  | 2026-09-21T21:52:26.909547027Z [2026-09-21 21:52:26,909] INFO [Partition __consumer_offsets-9 broker=2] Log loaded for partition __consumer_offsets-9 with initial high watermark 0 (kafka.cluster.Partition)
kafka-2-1  | 2026-09-21T21:52:26.913190287Z [2026-09-21 21:52:26,913] INFO [LogLoader partition=__consumer_offsets-23, dir=/tmp/kafka-logs] Loading producer state till offset 0 with message format version 2 (kafka.log.UnifiedLog$)
kafka-2-1  | 2026-09-21T21:52:26.914303205Z [2026-09-21 21:52:26,914] INFO Created log for partition __consumer_offsets-23 in /tmp/kafka-logs/__consumer_offsets-23 with properties {cleanup.policy=compact, compression.type="producer", segment.bytes=104857600} (kafka.log.LogManager)
kafka-2-1  | 2026-09-21T21:52:26.914777513Z [2026-09-21 21:52:26,914] INFO [Partition __consumer_offsets-23 broker=2] No checkpointed highwatermark is found for partition __consumer_offsets-23 (kafka.cluster.Partition)
kafka-2-1  | 2026-09-21T21:52:26.914884915Z [2026-09-21 21:52:26,914] INFO [Partition __consumer_offsets-23 broker=2] Log loaded for partition __consumer_offsets-23 with initial high watermark 0 (kafka.cluster.Partition)
kafka-2-1  | 2026-09-21T21:52:26.921489524Z [2026-09-21 21:52:26,921] INFO [LogLoader partition=__consumer_offsets-19, dir=/tmp/kafka-logs] Loading producer state till offset 0 with message format version 2 (kafka.log.UnifiedLog$)
kafka-2-1  | 2026-09-21T21:52:26.922294538Z [2026-09-21 21:52:26,922] INFO Created log for partition __consumer_offsets-19 in /tmp/kafka-logs/__consumer_offsets-19 with properties {cleanup.policy=compact, compression.type="producer", segment.bytes=104857600} (kafka.log.LogManager)
kafka-2-1  | 2026-09-21T21:52:26.922637243Z [2026-09-21 21:52:26,922] INFO [Partition __consumer_offsets-19 broker=2] No checkpointed highwatermark is found for partition __consumer_offsets-19 (kafka.cluster.Partition)
kafka-2-1  | 2026-09-21T21:52:26.922752045Z [2026-09-21 21:52:26,922] INFO [Partition __consumer_offsets-19 broker=2] Log loaded for partition __consumer_offsets-19 with initial high watermark 0 (kafka.cluster.Partition)
kafka-2-1  | 2026-09-21T21:52:26.926555408Z [2026-09-21 21:52:26,926] INFO [LogLoader partition=__consumer_offsets-17, dir=/tmp/kafka-logs] Loading producer state till offset 0 with message format version 2 (kafka.log.UnifiedLog$)
kafka-2-1  | 2026-09-21T21:52:26.927313021Z [2026-09-21 21:52:26,927] INFO Created log for partition __consumer_offsets-17 in /tmp/kafka-logs/__consumer_offsets-17 with properties {cleanup.policy=compact, compression.type="producer", segment.bytes=104857600} (kafka.log.LogManager)
kafka-2-1  | 2026-09-21T21:52:26.927413722Z [2026-09-21 21:52:26,927] INFO [Partition __consumer_offsets-17 broker=2] No checkpointed highwatermark is found for partition __consumer_offsets-17 (kafka.cluster.Partition)
kafka-2-1  | 2026-09-21T21:52:26.927507824Z [2026-09-21 21:52:26,927] INFO [Partition __consumer_offsets-17 broker=2] Log loaded for partition __consumer_offsets-17 with initial high watermark 0 (kafka.cluster.Partition)
kafka-2-1  | 2026-09-21T21:52:26.931943297Z [2026-09-21 21:52:26,931] INFO [LogLoader partition=__consumer_offsets-32, dir=/tmp/kafka-logs] Loading producer state till offset 0 with message format version 2 (kafka.log.UnifiedLog$)
kafka-2-1  | 2026-09-21T21:52:26.932823912Z [2026-09-21 21:52:26,932] INFO Created log for partition __consumer_offsets-32 in /tmp/kafka-logs/__consumer_offsets-32 with properties {cleanup.policy=compact, compression.type="producer", segment.bytes=104857600} (kafka.log.LogManager)
kafka-2-1  | 2026-09-21T21:52:26.932978715Z [2026-09-21 21:52:26,932] INFO [Partition __consumer_offsets-32 broker=2] No checkpointed highwatermark is found for partition __consumer_offsets-32 (kafka.cluster.Partition)
kafka-2-1  | 2026-09-21T21:52:26.933053816Z [2026-09-21 21:52:26,933] INFO [Partition __consumer_offsets-32 broker=2] Log loaded for partition __consumer_offsets-32 with initial high watermark 0 (kafka.cluster.Partition)
kafka-2-1  | 2026-09-21T21:52:26.938801711Z [2026-09-21 21:52:26,938] INFO [LogLoader partition=__consumer_offsets-28, dir=/tmp/kafka-logs] Loading producer state till offset 0 with message format version 2 (kafka.log.UnifiedLog$)
kafka-2-1  | 2026-09-21T21:52:26.940143433Z [2026-09-21 21:52:26,940] INFO Created log for partition __consumer_offsets-28 in /tmp/kafka-logs/__consumer_offsets-28 with properties {cleanup.policy=compact, compression.type="producer", segment.bytes=104857600} (kafka.log.LogManager)
kafka-2-1  | 2026-09-21T21:52:26.940755143Z [2026-09-21 21:52:26,940] INFO [Partition __consumer_offsets-28 broker=2] No checkpointed highwatermark is found for partition __consumer_offsets-28 (kafka.cluster.Partition)
kafka-2-1  | 2026-09-21T21:52:26.940901446Z [2026-09-21 21:52:26,940] INFO [Partition __consumer_offsets-28 broker=2] Log loaded for partition __consumer_offsets-28 with initial high watermark 0 (kafka.cluster.Partition)
kafka-2-1  | 2026-09-21T21:52:26.945337619Z [2026-09-21 21:52:26,945] INFO [LogLoader partition=__consumer_offsets-40, dir=/tmp/kafka-logs] Loading producer state till offset 0 with message format version 2 (kafka.log.UnifiedLog$)
kafka-2-1  | 2026-09-21T21:52:26.946220034Z [2026-09-21 21:52:26,946] INFO Created log for partition __consumer_offsets-40 in /tmp/kafka-logs/__consumer_offsets-40 with properties {cleanup.policy=compact, compression.type="producer", segment.bytes=104857600} (kafka.log.LogManager)
kafka-2-1  | 2026-09-21T21:52:26.946447038Z [2026-09-21 21:52:26,946] INFO [Partition __consumer_offsets-40 broker=2] No checkpointed highwatermark is found for partition __consumer_offsets-40 (kafka.cluster.Partition)
kafka-2-1  | 2026-09-21T21:52:26.946551839Z [2026-09-21 21:52:26,946] INFO [Partition __consumer_offsets-40 broker=2] Log loaded for partition __consumer_offsets-40 with initial high watermark 0 (kafka.cluster.Partition)
kafka-2-1  | 2026-09-21T21:52:26.950321302Z [2026-09-21 21:52:26,950] INFO [LogLoader partition=__consumer_offsets-5, dir=/tmp/kafka-logs] Loading producer state till offset 0 with message format version 2 (kafka.log.UnifiedLog$)
kafka-2-1  | 2026-09-21T21:52:26.951076514Z [2026-09-21 21:52:26,950] INFO Created log for partition __consumer_offsets-5 in /tmp/kafka-logs/__consumer_offsets-5 with properties {cleanup.policy=compact, compression.type="producer", segment.bytes=104857600} (kafka.log.LogManager)
kafka-2-1  | 2026-09-21T21:52:26.951177116Z [2026-09-21 21:52:26,951] INFO [Partition __consumer_offsets-5 broker=2] No checkpointed highwatermark is found for partition __consumer_offsets-5 (kafka.cluster.Partition)
kafka-2-1  | 2026-09-21T21:52:26.951317018Z [2026-09-21 21:52:26,951] INFO [Partition __consumer_offsets-5 broker=2] Log loaded for partition __consumer_offsets-5 with initial high watermark 0 (kafka.cluster.Partition)
kafka-2-1  | 2026-09-21T21:52:26.955213483Z [2026-09-21 21:52:26,955] INFO [LogLoader partition=__consumer_offsets-38, dir=/tmp/kafka-logs] Loading producer state till offset 0 with message format version 2 (kafka.log.UnifiedLog$)
kafka-2-1  | 2026-09-21T21:52:26.956956612Z [2026-09-21 21:52:26,956] INFO Created log for partition __consumer_offsets-38 in /tmp/kafka-logs/__consumer_offsets-38 with properties {cleanup.policy=compact, compression.type="producer", segment.bytes=104857600} (kafka.log.LogManager)
kafka-2-1  | 2026-09-21T21:52:26.957481920Z [2026-09-21 21:52:26,956] INFO [Partition __consumer_offsets-38 broker=2] No checkpointed highwatermark is found for partition __consumer_offsets-38 (kafka.cluster.Partition)
kafka-2-1  | 2026-09-21T21:52:26.957490320Z [2026-09-21 21:52:26,956] INFO [Partition __consumer_offsets-38 broker=2] Log loaded for partition __consumer_offsets-38 with initial high watermark 0 (kafka.cluster.Partition)
kafka-2-1  | 2026-09-21T21:52:26.962217199Z [2026-09-21 21:52:26,962] INFO [LogLoader partition=__consumer_offsets-36, dir=/tmp/kafka-logs] Loading producer state till offset 0 with message format version 2 (kafka.log.UnifiedLog$)
kafka-2-1  | 2026-09-21T21:52:26.962857809Z [2026-09-21 21:52:26,962] INFO Created log for partition __consumer_offsets-36 in /tmp/kafka-logs/__consumer_offsets-36 with properties {cleanup.policy=compact, compression.type="producer", segment.bytes=104857600} (kafka.log.LogManager)
kafka-2-1  | 2026-09-21T21:52:26.963168314Z [2026-09-21 21:52:26,962] INFO [Partition __consumer_offsets-36 broker=2] No checkpointed highwatermark is found for partition __consumer_offsets-36 (kafka.cluster.Partition)
kafka-2-1  | 2026-09-21T21:52:26.963175014Z [2026-09-21 21:52:26,963] INFO [Partition __consumer_offsets-36 broker=2] Log loaded for partition __consumer_offsets-36 with initial high watermark 0 (kafka.cluster.Partition)
kafka-2-1  | 2026-09-21T21:52:26.969602421Z [2026-09-21 21:52:26,968] INFO [LogLoader partition=__consumer_offsets-34, dir=/tmp/kafka-logs] Loading producer state till offset 0 with message format version 2 (kafka.log.UnifiedLog$)
kafka-2-1  | 2026-09-21T21:52:26.969911526Z [2026-09-21 21:52:26,969] INFO Created log for partition __consumer_offsets-34 in /tmp/kafka-logs/__consumer_offsets-34 with properties {cleanup.policy=compact, compression.type="producer", segment.bytes=104857600} (kafka.log.LogManager)
kafka-2-1  | 2026-09-21T21:52:26.970064528Z [2026-09-21 21:52:26,969] INFO [Partition __consumer_offsets-34 broker=2] No checkpointed highwatermark is found for partition __consumer_offsets-34 (kafka.cluster.Partition)
kafka-2-1  | 2026-09-21T21:52:26.970128530Z [2026-09-21 21:52:26,970] INFO [Partition __consumer_offsets-34 broker=2] Log loaded for partition __consumer_offsets-34 with initial high watermark 0 (kafka.cluster.Partition)
kafka-2-1  | 2026-09-21T21:52:26.974574403Z [2026-09-21 21:52:26,974] INFO [LogLoader partition=__consumer_offsets-47, dir=/tmp/kafka-logs] Loading producer state till offset 0 with message format version 2 (kafka.log.UnifiedLog$)
kafka-2-1  | 2026-09-21T21:52:26.975261415Z [2026-09-21 21:52:26,975] INFO Created log for partition __consumer_offsets-47 in /tmp/kafka-logs/__consumer_offsets-47 with properties {cleanup.policy=compact, compression.type="producer", segment.bytes=104857600} (kafka.log.LogManager)
kafka-2-1  | 2026-09-21T21:52:26.975402717Z [2026-09-21 21:52:26,975] INFO [Partition __consumer_offsets-47 broker=2] No checkpointed highwatermark is found for partition __consumer_offsets-47 (kafka.cluster.Partition)
kafka-2-1  | 2026-09-21T21:52:26.975500218Z [2026-09-21 21:52:26,975] INFO [Partition __consumer_offsets-47 broker=2] Log loaded for partition __consumer_offsets-47 with initial high watermark 0 (kafka.cluster.Partition)
kafka-2-1  | 2026-09-21T21:52:26.980111195Z [2026-09-21 21:52:26,979] INFO [LogLoader partition=__consumer_offsets-16, dir=/tmp/kafka-logs] Loading producer state till offset 0 with message format version 2 (kafka.log.UnifiedLog$)
kafka-2-1  | 2026-09-21T21:52:26.980852207Z [2026-09-21 21:52:26,980] INFO Created log for partition __consumer_offsets-16 in /tmp/kafka-logs/__consumer_offsets-16 with properties {cleanup.policy=compact, compression.type="producer", segment.bytes=104857600} (kafka.log.LogManager)
kafka-2-1  | 2026-09-21T21:52:26.981061011Z [2026-09-21 21:52:26,980] INFO [Partition __consumer_offsets-16 broker=2] No checkpointed highwatermark is found for partition __consumer_offsets-16 (kafka.cluster.Partition)
kafka-2-1  | 2026-09-21T21:52:26.981133612Z [2026-09-21 21:52:26,981] INFO [Partition __consumer_offsets-16 broker=2] Log loaded for partition __consumer_offsets-16 with initial high watermark 0 (kafka.cluster.Partition)
kafka-2-1  | 2026-09-21T21:52:26.987134811Z [2026-09-21 21:52:26,986] INFO [LogLoader partition=__consumer_offsets-45, dir=/tmp/kafka-logs] Loading producer state till offset 0 with message format version 2 (kafka.log.UnifiedLog$)
kafka-2-1  | 2026-09-21T21:52:26.988946441Z [2026-09-21 21:52:26,988] INFO Created log for partition __consumer_offsets-45 in /tmp/kafka-logs/__consumer_offsets-45 with properties {cleanup.policy=compact, compression.type="producer", segment.bytes=104857600} (kafka.log.LogManager)
kafka-2-1  | 2026-09-21T21:52:26.989273746Z [2026-09-21 21:52:26,989] INFO [Partition __consumer_offsets-45 broker=2] No checkpointed highwatermark is found for partition __consumer_offsets-45 (kafka.cluster.Partition)
kafka-2-1  | 2026-09-21T21:52:26.989318247Z [2026-09-21 21:52:26,989] INFO [Partition __consumer_offsets-45 broker=2] Log loaded for partition __consumer_offsets-45 with initial high watermark 0 (kafka.cluster.Partition)
kafka-2-1  | 2026-09-21T21:52:26.993421015Z [2026-09-21 21:52:26,993] INFO [LogLoader partition=__consumer_offsets-43, dir=/tmp/kafka-logs] Loading producer state till offset 0 with message format version 2 (kafka.log.UnifiedLog$)
kafka-2-1  | 2026-09-21T21:52:26.994116927Z [2026-09-21 21:52:26,994] INFO Created log for partition __consumer_offsets-43 in /tmp/kafka-logs/__consumer_offsets-43 with properties {cleanup.policy=compact, compression.type="producer", segment.bytes=104857600} (kafka.log.LogManager)
kafka-2-1  | 2026-09-21T21:52:26.994208128Z [2026-09-21 21:52:26,994] INFO [Partition __consumer_offsets-43 broker=2] No checkpointed highwatermark is found for partition __consumer_offsets-43 (kafka.cluster.Partition)
kafka-2-1  | 2026-09-21T21:52:26.994278929Z [2026-09-21 21:52:26,994] INFO [Partition __consumer_offsets-43 broker=2] Log loaded for partition __consumer_offsets-43 with initial high watermark 0 (kafka.cluster.Partition)
kafka-2-1  | 2026-09-21T21:52:26.999192611Z [2026-09-21 21:52:26,999] INFO [LogLoader partition=__consumer_offsets-12, dir=/tmp/kafka-logs] Loading producer state till offset 0 with message format version 2 (kafka.log.UnifiedLog$)
kafka-2-1  | 2026-09-21T21:52:27.001145143Z [2026-09-21 21:52:27,000] INFO Created log for partition __consumer_offsets-12 in /tmp/kafka-logs/__consumer_offsets-12 with properties {cleanup.policy=compact, compression.type="producer", segment.bytes=104857600} (kafka.log.LogManager)
kafka-2-1  | 2026-09-21T21:52:27.002410064Z [2026-09-21 21:52:27,002] INFO [Partition __consumer_offsets-12 broker=2] No checkpointed highwatermark is found for partition __consumer_offsets-12 (kafka.cluster.Partition)
kafka-2-1  | 2026-09-21T21:52:27.003963890Z [2026-09-21 21:52:27,003] INFO [Partition __consumer_offsets-12 broker=2] Log loaded for partition __consumer_offsets-12 with initial high watermark 0 (kafka.cluster.Partition)
kafka-2-1  | 2026-09-21T21:52:27.009493181Z [2026-09-21 21:52:27,009] INFO [LogLoader partition=__consumer_offsets-24, dir=/tmp/kafka-logs] Loading producer state till offset 0 with message format version 2 (kafka.log.UnifiedLog$)
kafka-2-1  | 2026-09-21T21:52:27.010989006Z [2026-09-21 21:52:27,010] INFO Created log for partition __consumer_offsets-24 in /tmp/kafka-logs/__consumer_offsets-24 with properties {cleanup.policy=compact, compression.type="producer", segment.bytes=104857600} (kafka.log.LogManager)
kafka-2-1  | 2026-09-21T21:52:27.011056307Z [2026-09-21 21:52:27,011] INFO [Partition __consumer_offsets-24 broker=2] No checkpointed highwatermark is found for partition __consumer_offsets-24 (kafka.cluster.Partition)
kafka-2-1  | 2026-09-21T21:52:27.011122908Z [2026-09-21 21:52:27,011] INFO [Partition __consumer_offsets-24 broker=2] Log loaded for partition __consumer_offsets-24 with initial high watermark 0 (kafka.cluster.Partition)
kafka-2-1  | 2026-09-21T21:52:27.014968972Z [2026-09-21 21:52:27,014] INFO [LogLoader partition=__consumer_offsets-22, dir=/tmp/kafka-logs] Loading producer state till offset 0 with message format version 2 (kafka.log.UnifiedLog$)
kafka-2-1  | 2026-09-21T21:52:27.015514181Z [2026-09-21 21:52:27,015] INFO Created log for partition __consumer_offsets-22 in /tmp/kafka-logs/__consumer_offsets-22 with properties {cleanup.policy=compact, compression.type="producer", segment.bytes=104857600} (kafka.log.LogManager)
kafka-2-1  | 2026-09-21T21:52:27.015539881Z [2026-09-21 21:52:27,015] INFO [Partition __consumer_offsets-22 broker=2] No checkpointed highwatermark is found for partition __consumer_offsets-22 (kafka.cluster.Partition)
kafka-2-1  | 2026-09-21T21:52:27.015761685Z [2026-09-21 21:52:27,015] INFO [Partition __consumer_offsets-22 broker=2] Log loaded for partition __consumer_offsets-22 with initial high watermark 0 (kafka.cluster.Partition)
kafka-2-1  | 2026-09-21T21:52:27.021208875Z [2026-09-21 21:52:27,021] INFO [LogLoader partition=__consumer_offsets-49, dir=/tmp/kafka-logs] Loading producer state till offset 0 with message format version 2 (kafka.log.UnifiedLog$)
kafka-2-1  | 2026-09-21T21:52:27.022026689Z [2026-09-21 21:52:27,021] INFO Created log for partition __consumer_offsets-49 in /tmp/kafka-logs/__consumer_offsets-49 with properties {cleanup.policy=compact, compression.type="producer", segment.bytes=104857600} (kafka.log.LogManager)
kafka-2-1  | 2026-09-21T21:52:27.022043889Z [2026-09-21 21:52:27,021] INFO [Partition __consumer_offsets-49 broker=2] No checkpointed highwatermark is found for partition __consumer_offsets-49 (kafka.cluster.Partition)
kafka-2-1  | 2026-09-21T21:52:27.022046289Z [2026-09-21 21:52:27,021] INFO [Partition __consumer_offsets-49 broker=2] Log loaded for partition __consumer_offsets-49 with initial high watermark 0 (kafka.cluster.Partition)
kafka-2-1  | 2026-09-21T21:52:27.026337260Z [2026-09-21 21:52:27,026] INFO [LogLoader partition=__consumer_offsets-18, dir=/tmp/kafka-logs] Loading producer state till offset 0 with message format version 2 (kafka.log.UnifiedLog$)
kafka-2-1  | 2026-09-21T21:52:27.026947370Z [2026-09-21 21:52:27,026] INFO Created log for partition __consumer_offsets-18 in /tmp/kafka-logs/__consumer_offsets-18 with properties {cleanup.policy=compact, compression.type="producer", segment.bytes=104857600} (kafka.log.LogManager)
kafka-2-1  | 2026-09-21T21:52:27.027003071Z [2026-09-21 21:52:27,026] INFO [Partition __consumer_offsets-18 broker=2] No checkpointed highwatermark is found for partition __consumer_offsets-18 (kafka.cluster.Partition)
kafka-2-1  | 2026-09-21T21:52:27.027066372Z [2026-09-21 21:52:27,027] INFO [Partition __consumer_offsets-18 broker=2] Log loaded for partition __consumer_offsets-18 with initial high watermark 0 (kafka.cluster.Partition)
kafka-2-1  | 2026-09-21T21:52:27.033032671Z [2026-09-21 21:52:27,032] INFO [LogLoader partition=__consumer_offsets-31, dir=/tmp/kafka-logs] Loading producer state till offset 0 with message format version 2 (kafka.log.UnifiedLog$)
kafka-2-1  | 2026-09-21T21:52:27.033501479Z [2026-09-21 21:52:27,033] INFO Created log for partition __consumer_offsets-31 in /tmp/kafka-logs/__consumer_offsets-31 with properties {cleanup.policy=compact, compression.type="producer", segment.bytes=104857600} (kafka.log.LogManager)
kafka-2-1  | 2026-09-21T21:52:27.033656281Z [2026-09-21 21:52:27,033] INFO [Partition __consumer_offsets-31 broker=2] No checkpointed highwatermark is found for partition __consumer_offsets-31 (kafka.cluster.Partition)
kafka-2-1  | 2026-09-21T21:52:27.033734382Z [2026-09-21 21:52:27,033] INFO [Partition __consumer_offsets-31 broker=2] Log loaded for partition __consumer_offsets-31 with initial high watermark 0 (kafka.cluster.Partition)
kafka-2-1  | 2026-09-21T21:52:27.040214590Z [2026-09-21 21:52:27,039] INFO [LogLoader partition=__consumer_offsets-0, dir=/tmp/kafka-logs] Loading producer state till offset 0 with message format version 2 (kafka.log.UnifiedLog$)
kafka-2-1  | 2026-09-21T21:52:27.041259407Z [2026-09-21 21:52:27,041] INFO Created log for partition __consumer_offsets-0 in /tmp/kafka-logs/__consumer_offsets-0 with properties {cleanup.policy=compact, compression.type="producer", segment.bytes=104857600} (kafka.log.LogManager)
kafka-2-1  | 2026-09-21T21:52:27.041305008Z [2026-09-21 21:52:27,041] INFO [Partition __consumer_offsets-0 broker=2] No checkpointed highwatermark is found for partition __consumer_offsets-0 (kafka.cluster.Partition)
kafka-2-1  | 2026-09-21T21:52:27.041366809Z [2026-09-21 21:52:27,041] INFO [Partition __consumer_offsets-0 broker=2] Log loaded for partition __consumer_offsets-0 with initial high watermark 0 (kafka.cluster.Partition)
kafka-2-1  | 2026-09-21T21:52:27.045158972Z [2026-09-21 21:52:27,044] INFO [LogLoader partition=__consumer_offsets-29, dir=/tmp/kafka-logs] Loading producer state till offset 0 with message format version 2 (kafka.log.UnifiedLog$)
kafka-2-1  | 2026-09-21T21:52:27.046281790Z [2026-09-21 21:52:27,045] INFO Created log for partition __consumer_offsets-29 in /tmp/kafka-logs/__consumer_offsets-29 with properties {cleanup.policy=compact, compression.type="producer", segment.bytes=104857600} (kafka.log.LogManager)
kafka-2-1  | 2026-09-21T21:52:27.047698314Z [2026-09-21 21:52:27,046] INFO [Partition __consumer_offsets-29 broker=2] No checkpointed highwatermark is found for partition __consumer_offsets-29 (kafka.cluster.Partition)
kafka-2-1  | 2026-09-21T21:52:27.047720914Z [2026-09-21 21:52:27,046] INFO [Partition __consumer_offsets-29 broker=2] Log loaded for partition __consumer_offsets-29 with initial high watermark 0 (kafka.cluster.Partition)
kafka-2-1  | 2026-09-21T21:52:27.052926400Z [2026-09-21 21:52:27,050] INFO [LogLoader partition=__consumer_offsets-25, dir=/tmp/kafka-logs] Loading producer state till offset 0 with message format version 2 (kafka.log.UnifiedLog$)
kafka-2-1  | 2026-09-21T21:52:27.052946600Z [2026-09-21 21:52:27,051] INFO Created log for partition __consumer_offsets-25 in /tmp/kafka-logs/__consumer_offsets-25 with properties {cleanup.policy=compact, compression.type="producer", segment.bytes=104857600} (kafka.log.LogManager)
kafka-2-1  | 2026-09-21T21:52:27.052948900Z [2026-09-21 21:52:27,051] INFO [Partition __consumer_offsets-25 broker=2] No checkpointed highwatermark is found for partition __consumer_offsets-25 (kafka.cluster.Partition)
kafka-2-1  | 2026-09-21T21:52:27.052950401Z [2026-09-21 21:52:27,052] INFO [Partition __consumer_offsets-25 broker=2] Log loaded for partition __consumer_offsets-25 with initial high watermark 0 (kafka.cluster.Partition)
kafka-2-1  | 2026-09-21T21:52:27.059371507Z [2026-09-21 21:52:27,058] INFO [LogLoader partition=__consumer_offsets-39, dir=/tmp/kafka-logs] Loading producer state till offset 0 with message format version 2 (kafka.log.UnifiedLog$)
kafka-2-1  | 2026-09-21T21:52:27.060430124Z [2026-09-21 21:52:27,060] INFO Created log for partition __consumer_offsets-39 in /tmp/kafka-logs/__consumer_offsets-39 with properties {cleanup.policy=compact, compression.type="producer", segment.bytes=104857600} (kafka.log.LogManager)
kafka-2-1  | 2026-09-21T21:52:27.060447825Z [2026-09-21 21:52:27,060] INFO [Partition __consumer_offsets-39 broker=2] No checkpointed highwatermark is found for partition __consumer_offsets-39 (kafka.cluster.Partition)
kafka-2-1  | 2026-09-21T21:52:27.060454125Z [2026-09-21 21:52:27,060] INFO [Partition __consumer_offsets-39 broker=2] Log loaded for partition __consumer_offsets-39 with initial high watermark 0 (kafka.cluster.Partition)
kafka-2-1  | 2026-09-21T21:52:27.066241021Z [2026-09-21 21:52:27,065] INFO [LogLoader partition=__consumer_offsets-8, dir=/tmp/kafka-logs] Loading producer state till offset 0 with message format version 2 (kafka.log.UnifiedLog$)
kafka-2-1  | 2026-09-21T21:52:27.068626260Z [2026-09-21 21:52:27,066] INFO Created log for partition __consumer_offsets-8 in /tmp/kafka-logs/__consumer_offsets-8 with properties {cleanup.policy=compact, compression.type="producer", segment.bytes=104857600} (kafka.log.LogManager)
kafka-2-1  | 2026-09-21T21:52:27.068638460Z [2026-09-21 21:52:27,066] INFO [Partition __consumer_offsets-8 broker=2] No checkpointed highwatermark is found for partition __consumer_offsets-8 (kafka.cluster.Partition)
kafka-2-1  | 2026-09-21T21:52:27.068640260Z [2026-09-21 21:52:27,067] INFO [Partition __consumer_offsets-8 broker=2] Log loaded for partition __consumer_offsets-8 with initial high watermark 0 (kafka.cluster.Partition)
kafka-2-1  | 2026-09-21T21:52:27.071321405Z [2026-09-21 21:52:27,071] INFO [LogLoader partition=__consumer_offsets-6, dir=/tmp/kafka-logs] Loading producer state till offset 0 with message format version 2 (kafka.log.UnifiedLog$)
kafka-2-1  | 2026-09-21T21:52:27.072070517Z [2026-09-21 21:52:27,071] INFO Created log for partition __consumer_offsets-6 in /tmp/kafka-logs/__consumer_offsets-6 with properties {cleanup.policy=compact, compression.type="producer", segment.bytes=104857600} (kafka.log.LogManager)
kafka-2-1  | 2026-09-21T21:52:27.072544325Z [2026-09-21 21:52:27,072] INFO [Partition __consumer_offsets-6 broker=2] No checkpointed highwatermark is found for partition __consumer_offsets-6 (kafka.cluster.Partition)
kafka-2-1  | 2026-09-21T21:52:27.073341538Z [2026-09-21 21:52:27,073] INFO [Partition __consumer_offsets-6 broker=2] Log loaded for partition __consumer_offsets-6 with initial high watermark 0 (kafka.cluster.Partition)
kafka-2-1  | 2026-09-21T21:52:27.078334821Z [2026-09-21 21:52:27,078] INFO [LogLoader partition=__consumer_offsets-4, dir=/tmp/kafka-logs] Loading producer state till offset 0 with message format version 2 (kafka.log.UnifiedLog$)
kafka-2-1  | 2026-09-21T21:52:27.079208435Z [2026-09-21 21:52:27,079] INFO Created log for partition __consumer_offsets-4 in /tmp/kafka-logs/__consumer_offsets-4 with properties {cleanup.policy=compact, compression.type="producer", segment.bytes=104857600} (kafka.log.LogManager)
kafka-2-1  | 2026-09-21T21:52:27.079302137Z [2026-09-21 21:52:27,079] INFO [Partition __consumer_offsets-4 broker=2] No checkpointed highwatermark is found for partition __consumer_offsets-4 (kafka.cluster.Partition)
kafka-2-1  | 2026-09-21T21:52:27.079396538Z [2026-09-21 21:52:27,079] INFO [Partition __consumer_offsets-4 broker=2] Log loaded for partition __consumer_offsets-4 with initial high watermark 0 (kafka.cluster.Partition)
kafka-2-1  | 2026-09-21T21:52:27.097549739Z [2026-09-21 21:52:27,097] INFO [LogLoader partition=__consumer_offsets-33, dir=/tmp/kafka-logs] Loading producer state till offset 0 with message format version 2 (kafka.log.UnifiedLog$)
kafka-2-1  | 2026-09-21T21:52:27.098420553Z [2026-09-21 21:52:27,098] INFO Created log for partition __consumer_offsets-33 in /tmp/kafka-logs/__consumer_offsets-33 with properties {cleanup.policy=compact, compression.type="producer", segment.bytes=104857600} (kafka.log.LogManager)
kafka-2-1  | 2026-09-21T21:52:27.098541755Z [2026-09-21 21:52:27,098] INFO [Partition __consumer_offsets-33 broker=2] No checkpointed highwatermark is found for partition __consumer_offsets-33 (kafka.cluster.Partition)
kafka-2-1  | 2026-09-21T21:52:27.098887961Z [2026-09-21 21:52:27,098] INFO [Partition __consumer_offsets-33 broker=2] Log loaded for partition __consumer_offsets-33 with initial high watermark 0 (kafka.cluster.Partition)
kafka-2-1  | 2026-09-21T21:52:27.106384885Z [2026-09-21 21:52:27,105] INFO [LogLoader partition=__consumer_offsets-2, dir=/tmp/kafka-logs] Loading producer state till offset 0 with message format version 2 (kafka.log.UnifiedLog$)
kafka-2-1  | 2026-09-21T21:52:27.107027696Z [2026-09-21 21:52:27,106] INFO Created log for partition __consumer_offsets-2 in /tmp/kafka-logs/__consumer_offsets-2 with properties {cleanup.policy=compact, compression.type="producer", segment.bytes=104857600} (kafka.log.LogManager)
kafka-2-1  | 2026-09-21T21:52:27.107033796Z [2026-09-21 21:52:27,106] INFO [Partition __consumer_offsets-2 broker=2] No checkpointed highwatermark is found for partition __consumer_offsets-2 (kafka.cluster.Partition)
kafka-2-1  | 2026-09-21T21:52:27.107039596Z [2026-09-21 21:52:27,106] INFO [Partition __consumer_offsets-2 broker=2] Log loaded for partition __consumer_offsets-2 with initial high watermark 0 (kafka.cluster.Partition)
kafka-2-1  | 2026-09-21T21:52:27.107473103Z [2026-09-21 21:52:27,107] INFO [ReplicaFetcherManager on broker 2] Removed fetcher for partitions Set(__consumer_offsets-13, __consumer_offsets-11, __consumer_offsets-44, __consumer_offsets-9, __consumer_offsets-23, __consumer_offsets-19, __consumer_offsets-17, __consumer_offsets-32, __consumer_offsets-28, __consumer_offsets-40, __consumer_offsets-5, __consumer_offsets-38, __consumer_offsets-36, __consumer_offsets-34, __consumer_offsets-47, __consumer_offsets-16, __consumer_offsets-45, __consumer_offsets-43, __consumer_offsets-12, __consumer_offsets-24, __consumer_offsets-22, __consumer_offsets-49, __consumer_offsets-18, __consumer_offsets-31, __consumer_offsets-0, __consumer_offsets-29, __consumer_offsets-25, __consumer_offsets-39, __consumer_offsets-8, __consumer_offsets-6, __consumer_offsets-4, __consumer_offsets-33, __consumer_offsets-2) (kafka.server.ReplicaFetcherManager)
kafka-2-1  | 2026-09-21T21:52:27.109267033Z [2026-09-21 21:52:27,108] INFO [ReplicaFetcherManager on broker 2] Added fetcher to broker 1 for partitions HashMap(__consumer_offsets-47 -> InitialFetchState(Some(um97SpqTSEC74qR1Iu-qow),BrokerEndPoint(id=1, host=kafka-1:9092),0,0), __consumer_offsets-16 -> InitialFetchState(Some(um97SpqTSEC74qR1Iu-qow),BrokerEndPoint(id=1, host=kafka-1:9092),0,0), __consumer_offsets-44 -> InitialFetchState(Some(um97SpqTSEC74qR1Iu-qow),BrokerEndPoint(id=1, host=kafka-1:9092),0,0), __consumer_offsets-12 -> InitialFetchState(Some(um97SpqTSEC74qR1Iu-qow),BrokerEndPoint(id=1, host=kafka-1:9092),0,0), __consumer_offsets-9 -> InitialFetchState(Some(um97SpqTSEC74qR1Iu-qow),BrokerEndPoint(id=1, host=kafka-1:9092),0,0), __consumer_offsets-23 -> InitialFetchState(Some(um97SpqTSEC74qR1Iu-qow),BrokerEndPoint(id=1, host=kafka-1:9092),0,0), __consumer_offsets-24 -> InitialFetchState(Some(um97SpqTSEC74qR1Iu-qow),BrokerEndPoint(id=1, host=kafka-1:9092),0,0), __consumer_offsets-19 -> InitialFetchState(Some(um97SpqTSEC74qR1Iu-qow),BrokerEndPoint(id=1, host=kafka-1:9092),0,0), __consumer_offsets-32 -> InitialFetchState(Some(um97SpqTSEC74qR1Iu-qow),BrokerEndPoint(id=1, host=kafka-1:9092),0,0), __consumer_offsets-0 -> InitialFetchState(Some(um97SpqTSEC74qR1Iu-qow),BrokerEndPoint(id=1, host=kafka-1:9092),0,0), __consumer_offsets-28 -> InitialFetchState(Some(um97SpqTSEC74qR1Iu-qow),BrokerEndPoint(id=1, host=kafka-1:9092),0,0), __consumer_offsets-40 -> InitialFetchState(Some(um97SpqTSEC74qR1Iu-qow),BrokerEndPoint(id=1, host=kafka-1:9092),0,0), __consumer_offsets-8 -> InitialFetchState(Some(um97SpqTSEC74qR1Iu-qow),BrokerEndPoint(id=1, host=kafka-1:9092),0,0), __consumer_offsets-5 -> InitialFetchState(Some(um97SpqTSEC74qR1Iu-qow),BrokerEndPoint(id=1, host=kafka-1:9092),0,0), __consumer_offsets-36 -> InitialFetchState(Some(um97SpqTSEC74qR1Iu-qow),BrokerEndPoint(id=1, host=kafka-1:9092),0,0), __consumer_offsets-34 -> InitialFetchState(Some(um97SpqTSEC74qR1Iu-qow),BrokerEndPoint(id=1, host=kafka-1:9092),0,0)) (kafka.server.ReplicaFetcherManager)
kafka-2-1  | 2026-09-21T21:52:27.109883843Z [2026-09-21 21:52:27,109] INFO [ReplicaFetcherManager on broker 2] Added fetcher to broker 3 for partitions HashMap(__consumer_offsets-13 -> InitialFetchState(Some(um97SpqTSEC74qR1Iu-qow),BrokerEndPoint(id=3, host=kafka-3:9092),0,0), __consumer_offsets-45 -> InitialFetchState(Some(um97SpqTSEC74qR1Iu-qow),BrokerEndPoint(id=3, host=kafka-3:9092),0,0), __consumer_offsets-43 -> InitialFetchState(Some(um97SpqTSEC74qR1Iu-qow),BrokerEndPoint(id=3, host=kafka-3:9092),0,0), __consumer_offsets-11 -> InitialFetchState(Some(um97SpqTSEC74qR1Iu-qow),BrokerEndPoint(id=3, host=kafka-3:9092),0,0), __consumer_offsets-22 -> InitialFetchState(Some(um97SpqTSEC74qR1Iu-qow),BrokerEndPoint(id=3, host=kafka-3:9092),0,0), __consumer_offsets-17 -> InitialFetchState(Some(um97SpqTSEC74qR1Iu-qow),BrokerEndPoint(id=3, host=kafka-3:9092),0,0), __consumer_offsets-49 -> InitialFetchState(Some(um97SpqTSEC74qR1Iu-qow),BrokerEndPoint(id=3, host=kafka-3:9092),0,0), __consumer_offsets-18 -> InitialFetchState(Some(um97SpqTSEC74qR1Iu-qow),BrokerEndPoint(id=3, host=kafka-3:9092),0,0), __consumer_offsets-31 -> InitialFetchState(Some(um97SpqTSEC74qR1Iu-qow),BrokerEndPoint(id=3, host=kafka-3:9092),0,0), __consumer_offsets-29 -> InitialFetchState(Some(um97SpqTSEC74qR1Iu-qow),BrokerEndPoint(id=3, host=kafka-3:9092),0,0), __consumer_offsets-25 -> InitialFetchState(Some(um97SpqTSEC74qR1Iu-qow),BrokerEndPoint(id=3, host=kafka-3:9092),0,0), __consumer_offsets-39 -> InitialFetchState(Some(um97SpqTSEC74qR1Iu-qow),BrokerEndPoint(id=3, host=kafka-3:9092),0,0), __consumer_offsets-38 -> InitialFetchState(Some(um97SpqTSEC74qR1Iu-qow),BrokerEndPoint(id=3, host=kafka-3:9092),0,0), __consumer_offsets-6 -> InitialFetchState(Some(um97SpqTSEC74qR1Iu-qow),BrokerEndPoint(id=3, host=kafka-3:9092),0,0), __consumer_offsets-4 -> InitialFetchState(Some(um97SpqTSEC74qR1Iu-qow),BrokerEndPoint(id=3, host=kafka-3:9092),0,0), __consumer_offsets-33 -> InitialFetchState(Some(um97SpqTSEC74qR1Iu-qow),BrokerEndPoint(id=3, host=kafka-3:9092),0,0), __consumer_offsets-2 -> InitialFetchState(Some(um97SpqTSEC74qR1Iu-qow),BrokerEndPoint(id=3, host=kafka-3:9092),0,0)) (kafka.server.ReplicaFetcherManager)
kafka-2-1  | 2026-09-21T21:52:27.115808641Z [2026-09-21 21:52:27,113] INFO [GroupCoordinator 2]: Elected as the group coordinator for partition 15 in epoch 0 (kafka.coordinator.group.GroupCoordinator)
kafka-2-1  | 2026-09-21T21:52:27.115828241Z [2026-09-21 21:52:27,114] INFO [GroupMetadataManager brokerId=2] Scheduling loading of offsets and group metadata from __consumer_offsets-15 for epoch 0 (kafka.coordinator.group.GroupMetadataManager)
kafka-2-1  | 2026-09-21T21:52:27.115830841Z [2026-09-21 21:52:27,115] INFO [GroupCoordinator 2]: Elected as the group coordinator for partition 48 in epoch 0 (kafka.coordinator.group.GroupCoordinator)
kafka-2-1  | 2026-09-21T21:52:27.115832441Z [2026-09-21 21:52:27,115] INFO [GroupMetadataManager brokerId=2] Scheduling loading of offsets and group metadata from __consumer_offsets-48 for epoch 0 (kafka.coordinator.group.GroupMetadataManager)
kafka-2-1  | 2026-09-21T21:52:27.118459785Z [2026-09-21 21:52:27,115] INFO [GroupCoordinator 2]: Elected as the group coordinator for partition 14 in epoch 0 (kafka.coordinator.group.GroupCoordinator)
kafka-2-1  | 2026-09-21T21:52:27.118479685Z [2026-09-21 21:52:27,115] INFO [GroupMetadataManager brokerId=2] Scheduling loading of offsets and group metadata from __consumer_offsets-14 for epoch 0 (kafka.coordinator.group.GroupMetadataManager)
kafka-2-1  | 2026-09-21T21:52:27.118481985Z [2026-09-21 21:52:27,115] INFO [GroupCoordinator 2]: Elected as the group coordinator for partition 46 in epoch 0 (kafka.coordinator.group.GroupCoordinator)
kafka-2-1  | 2026-09-21T21:52:27.118483685Z [2026-09-21 21:52:27,115] INFO [GroupMetadataManager brokerId=2] Scheduling loading of offsets and group metadata from __consumer_offsets-46 for epoch 0 (kafka.coordinator.group.GroupMetadataManager)
kafka-2-1  | 2026-09-21T21:52:27.118493485Z [2026-09-21 21:52:27,115] INFO [GroupCoordinator 2]: Elected as the group coordinator for partition 41 in epoch 0 (kafka.coordinator.group.GroupCoordinator)
kafka-2-1  | 2026-09-21T21:52:27.118495085Z [2026-09-21 21:52:27,115] INFO [GroupMetadataManager brokerId=2] Scheduling loading of offsets and group metadata from __consumer_offsets-41 for epoch 0 (kafka.coordinator.group.GroupMetadataManager)
kafka-2-1  | 2026-09-21T21:52:27.118496586Z [2026-09-21 21:52:27,115] INFO [GroupCoordinator 2]: Elected as the group coordinator for partition 10 in epoch 0 (kafka.coordinator.group.GroupCoordinator)
kafka-2-1  | 2026-09-21T21:52:27.118498086Z [2026-09-21 21:52:27,115] INFO [GroupMetadataManager brokerId=2] Scheduling loading of offsets and group metadata from __consumer_offsets-10 for epoch 0 (kafka.coordinator.group.GroupMetadataManager)
kafka-2-1  | 2026-09-21T21:52:27.118499686Z [2026-09-21 21:52:27,115] INFO [GroupCoordinator 2]: Elected as the group coordinator for partition 42 in epoch 0 (kafka.coordinator.group.GroupCoordinator)
kafka-2-1  | 2026-09-21T21:52:27.118501086Z [2026-09-21 21:52:27,115] INFO [GroupMetadataManager brokerId=2] Scheduling loading of offsets and group metadata from __consumer_offsets-42 for epoch 0 (kafka.coordinator.group.GroupMetadataManager)
kafka-2-1  | 2026-09-21T21:52:27.118502586Z [2026-09-21 21:52:27,115] INFO [GroupCoordinator 2]: Elected as the group coordinator for partition 21 in epoch 0 (kafka.coordinator.group.GroupCoordinator)
kafka-2-1  | 2026-09-21T21:52:27.118505086Z [2026-09-21 21:52:27,115] INFO [GroupMetadataManager brokerId=2] Scheduling loading of offsets and group metadata from __consumer_offsets-21 for epoch 0 (kafka.coordinator.group.GroupMetadataManager)
kafka-2-1  | 2026-09-21T21:52:27.118506486Z [2026-09-21 21:52:27,115] INFO [GroupCoordinator 2]: Elected as the group coordinator for partition 20 in epoch 0 (kafka.coordinator.group.GroupCoordinator)
kafka-2-1  | 2026-09-21T21:52:27.118507986Z [2026-09-21 21:52:27,115] INFO [GroupMetadataManager brokerId=2] Scheduling loading of offsets and group metadata from __consumer_offsets-20 for epoch 0 (kafka.coordinator.group.GroupMetadataManager)
kafka-2-1  | 2026-09-21T21:52:27.118509386Z [2026-09-21 21:52:27,116] INFO [GroupCoordinator 2]: Elected as the group coordinator for partition 30 in epoch 0 (kafka.coordinator.group.GroupCoordinator)
kafka-2-1  | 2026-09-21T21:52:27.118510886Z [2026-09-21 21:52:27,116] INFO [GroupMetadataManager brokerId=2] Scheduling loading of offsets and group metadata from __consumer_offsets-30 for epoch 0 (kafka.coordinator.group.GroupMetadataManager)
kafka-2-1  | 2026-09-21T21:52:27.118512386Z [2026-09-21 21:52:27,116] INFO [GroupCoordinator 2]: Elected as the group coordinator for partition 27 in epoch 0 (kafka.coordinator.group.GroupCoordinator)
kafka-2-1  | 2026-09-21T21:52:27.118513786Z [2026-09-21 21:52:27,116] INFO [GroupMetadataManager brokerId=2] Scheduling loading of offsets and group metadata from __consumer_offsets-27 for epoch 0 (kafka.coordinator.group.GroupMetadataManager)
kafka-2-1  | 2026-09-21T21:52:27.118515286Z [2026-09-21 21:52:27,116] INFO [GroupCoordinator 2]: Elected as the group coordinator for partition 26 in epoch 0 (kafka.coordinator.group.GroupCoordinator)
kafka-2-1  | 2026-09-21T21:52:27.118516786Z [2026-09-21 21:52:27,116] INFO [GroupMetadataManager brokerId=2] Scheduling loading of offsets and group metadata from __consumer_offsets-26 for epoch 0 (kafka.coordinator.group.GroupMetadataManager)
kafka-2-1  | 2026-09-21T21:52:27.118518186Z [2026-09-21 21:52:27,116] INFO [GroupCoordinator 2]: Elected as the group coordinator for partition 7 in epoch 0 (kafka.coordinator.group.GroupCoordinator)
kafka-2-1  | 2026-09-21T21:52:27.118522486Z [2026-09-21 21:52:27,116] INFO [GroupMetadataManager brokerId=2] Scheduling loading of offsets and group metadata from __consumer_offsets-7 for epoch 0 (kafka.coordinator.group.GroupMetadataManager)
kafka-2-1  | 2026-09-21T21:52:27.118524186Z [2026-09-21 21:52:27,116] INFO [GroupCoordinator 2]: Elected as the group coordinator for partition 37 in epoch 0 (kafka.coordinator.group.GroupCoordinator)
kafka-2-1  | 2026-09-21T21:52:27.118525986Z [2026-09-21 21:52:27,116] INFO [GroupMetadataManager brokerId=2] Scheduling loading of offsets and group metadata from __consumer_offsets-37 for epoch 0 (kafka.coordinator.group.GroupMetadataManager)
kafka-2-1  | 2026-09-21T21:52:27.118527486Z [2026-09-21 21:52:27,116] INFO [GroupCoordinator 2]: Elected as the group coordinator for partition 3 in epoch 0 (kafka.coordinator.group.GroupCoordinator)
kafka-2-1  | 2026-09-21T21:52:27.118528986Z [2026-09-21 21:52:27,116] INFO [GroupMetadataManager brokerId=2] Scheduling loading of offsets and group metadata from __consumer_offsets-3 for epoch 0 (kafka.coordinator.group.GroupMetadataManager)
kafka-2-1  | 2026-09-21T21:52:27.118530486Z [2026-09-21 21:52:27,116] INFO [GroupCoordinator 2]: Elected as the group coordinator for partition 35 in epoch 0 (kafka.coordinator.group.GroupCoordinator)
kafka-2-1  | 2026-09-21T21:52:27.118531986Z [2026-09-21 21:52:27,116] INFO [GroupMetadataManager brokerId=2] Scheduling loading of offsets and group metadata from __consumer_offsets-35 for epoch 0 (kafka.coordinator.group.GroupMetadataManager)
kafka-2-1  | 2026-09-21T21:52:27.118533486Z [2026-09-21 21:52:27,116] INFO [GroupCoordinator 2]: Elected as the group coordinator for partition 1 in epoch 0 (kafka.coordinator.group.GroupCoordinator)
kafka-2-1  | 2026-09-21T21:52:27.118534886Z [2026-09-21 21:52:27,116] INFO [GroupMetadataManager brokerId=2] Scheduling loading of offsets and group metadata from __consumer_offsets-1 for epoch 0 (kafka.coordinator.group.GroupMetadataManager)
kafka-2-1  | 2026-09-21T21:52:27.118536386Z [2026-09-21 21:52:27,116] INFO [GroupCoordinator 2]: Resigned as the group coordinator for partition 13 in epoch OptionalInt[0] (kafka.coordinator.group.GroupCoordinator)
kafka-2-1  | 2026-09-21T21:52:27.118537886Z [2026-09-21 21:52:27,117] INFO [GroupMetadataManager brokerId=2] Scheduling unloading of offsets and group metadata from __consumer_offsets-13 (kafka.coordinator.group.GroupMetadataManager)
kafka-2-1  | 2026-09-21T21:52:27.120089412Z [2026-09-21 21:52:27,119] INFO [GroupCoordinator 2]: Resigned as the group coordinator for partition 11 in epoch OptionalInt[0] (kafka.coordinator.group.GroupCoordinator)
kafka-2-1  | 2026-09-21T21:52:27.120332316Z [2026-09-21 21:52:27,120] INFO [GroupMetadataManager brokerId=2] Scheduling unloading of offsets and group metadata from __consumer_offsets-11 (kafka.coordinator.group.GroupMetadataManager)
kafka-2-1  | 2026-09-21T21:52:27.120481918Z [2026-09-21 21:52:27,120] INFO [GroupCoordinator 2]: Resigned as the group coordinator for partition 44 in epoch OptionalInt[0] (kafka.coordinator.group.GroupCoordinator)
kafka-2-1  | 2026-09-21T21:52:27.120574020Z [2026-09-21 21:52:27,120] INFO [GroupMetadataManager brokerId=2] Scheduling unloading of offsets and group metadata from __consumer_offsets-44 (kafka.coordinator.group.GroupMetadataManager)
kafka-2-1  | 2026-09-21T21:52:27.120709522Z [2026-09-21 21:52:27,120] INFO [GroupCoordinator 2]: Resigned as the group coordinator for partition 9 in epoch OptionalInt[0] (kafka.coordinator.group.GroupCoordinator)
kafka-2-1  | 2026-09-21T21:52:27.120799624Z [2026-09-21 21:52:27,120] INFO [GroupMetadataManager brokerId=2] Scheduling unloading of offsets and group metadata from __consumer_offsets-9 (kafka.coordinator.group.GroupMetadataManager)
kafka-2-1  | 2026-09-21T21:52:27.120977027Z [2026-09-21 21:52:27,120] INFO [GroupCoordinator 2]: Resigned as the group coordinator for partition 23 in epoch OptionalInt[0] (kafka.coordinator.group.GroupCoordinator)
kafka-2-1  | 2026-09-21T21:52:27.121076428Z [2026-09-21 21:52:27,121] INFO [GroupMetadataManager brokerId=2] Scheduling unloading of offsets and group metadata from __consumer_offsets-23 (kafka.coordinator.group.GroupMetadataManager)
kafka-2-1  | 2026-09-21T21:52:27.121196530Z [2026-09-21 21:52:27,121] INFO [GroupCoordinator 2]: Resigned as the group coordinator for partition 19 in epoch OptionalInt[0] (kafka.coordinator.group.GroupCoordinator)
kafka-2-1  | 2026-09-21T21:52:27.121263631Z [2026-09-21 21:52:27,121] INFO [GroupMetadataManager brokerId=2] Scheduling unloading of offsets and group metadata from __consumer_offsets-19 (kafka.coordinator.group.GroupMetadataManager)
kafka-2-1  | 2026-09-21T21:52:27.121375333Z [2026-09-21 21:52:27,121] INFO [GroupCoordinator 2]: Resigned as the group coordinator for partition 17 in epoch OptionalInt[0] (kafka.coordinator.group.GroupCoordinator)
kafka-2-1  | 2026-09-21T21:52:27.121466535Z [2026-09-21 21:52:27,121] INFO [GroupMetadataManager brokerId=2] Scheduling unloading of offsets and group metadata from __consumer_offsets-17 (kafka.coordinator.group.GroupMetadataManager)
kafka-2-1  | 2026-09-21T21:52:27.121557736Z [2026-09-21 21:52:27,121] INFO [GroupCoordinator 2]: Resigned as the group coordinator for partition 32 in epoch OptionalInt[0] (kafka.coordinator.group.GroupCoordinator)
kafka-2-1  | 2026-09-21T21:52:27.121638138Z [2026-09-21 21:52:27,121] INFO [GroupMetadataManager brokerId=2] Scheduling unloading of offsets and group metadata from __consumer_offsets-32 (kafka.coordinator.group.GroupMetadataManager)
kafka-2-1  | 2026-09-21T21:52:27.121818641Z [2026-09-21 21:52:27,121] INFO [GroupCoordinator 2]: Resigned as the group coordinator for partition 28 in epoch OptionalInt[0] (kafka.coordinator.group.GroupCoordinator)
kafka-2-1  | 2026-09-21T21:52:27.121902742Z [2026-09-21 21:52:27,121] INFO [GroupMetadataManager brokerId=2] Scheduling unloading of offsets and group metadata from __consumer_offsets-28 (kafka.coordinator.group.GroupMetadataManager)
kafka-2-1  | 2026-09-21T21:52:27.122019544Z [2026-09-21 21:52:27,121] INFO [GroupCoordinator 2]: Resigned as the group coordinator for partition 40 in epoch OptionalInt[0] (kafka.coordinator.group.GroupCoordinator)
kafka-2-1  | 2026-09-21T21:52:27.122129346Z [2026-09-21 21:52:27,122] INFO [GroupMetadataManager brokerId=2] Scheduling unloading of offsets and group metadata from __consumer_offsets-40 (kafka.coordinator.group.GroupMetadataManager)
kafka-2-1  | 2026-09-21T21:52:27.122326349Z [2026-09-21 21:52:27,122] INFO [GroupCoordinator 2]: Resigned as the group coordinator for partition 5 in epoch OptionalInt[0] (kafka.coordinator.group.GroupCoordinator)
kafka-2-1  | 2026-09-21T21:52:27.122413450Z [2026-09-21 21:52:27,122] INFO [GroupMetadataManager brokerId=2] Scheduling unloading of offsets and group metadata from __consumer_offsets-5 (kafka.coordinator.group.GroupMetadataManager)
kafka-2-1  | 2026-09-21T21:52:27.122524552Z [2026-09-21 21:52:27,122] INFO [GroupCoordinator 2]: Resigned as the group coordinator for partition 38 in epoch OptionalInt[0] (kafka.coordinator.group.GroupCoordinator)
kafka-2-1  | 2026-09-21T21:52:27.122595453Z [2026-09-21 21:52:27,122] INFO [GroupMetadataManager brokerId=2] Scheduling unloading of offsets and group metadata from __consumer_offsets-38 (kafka.coordinator.group.GroupMetadataManager)
kafka-2-1  | 2026-09-21T21:52:27.122710855Z [2026-09-21 21:52:27,122] INFO [GroupCoordinator 2]: Resigned as the group coordinator for partition 36 in epoch OptionalInt[0] (kafka.coordinator.group.GroupCoordinator)
kafka-2-1  | 2026-09-21T21:52:27.122779456Z [2026-09-21 21:52:27,122] INFO [GroupMetadataManager brokerId=2] Scheduling unloading of offsets and group metadata from __consumer_offsets-36 (kafka.coordinator.group.GroupMetadataManager)
kafka-2-1  | 2026-09-21T21:52:27.122911559Z [2026-09-21 21:52:27,122] INFO [GroupCoordinator 2]: Resigned as the group coordinator for partition 34 in epoch OptionalInt[0] (kafka.coordinator.group.GroupCoordinator)
kafka-2-1  | 2026-09-21T21:52:27.123053161Z [2026-09-21 21:52:27,123] INFO [GroupMetadataManager brokerId=2] Scheduling unloading of offsets and group metadata from __consumer_offsets-34 (kafka.coordinator.group.GroupMetadataManager)
kafka-2-1  | 2026-09-21T21:52:27.123168663Z [2026-09-21 21:52:27,123] INFO [GroupCoordinator 2]: Resigned as the group coordinator for partition 47 in epoch OptionalInt[0] (kafka.coordinator.group.GroupCoordinator)
kafka-2-1  | 2026-09-21T21:52:27.123239564Z [2026-09-21 21:52:27,123] INFO [GroupMetadataManager brokerId=2] Scheduling unloading of offsets and group metadata from __consumer_offsets-47 (kafka.coordinator.group.GroupMetadataManager)
kafka-2-1  | 2026-09-21T21:52:27.123332166Z [2026-09-21 21:52:27,123] INFO [GroupCoordinator 2]: Resigned as the group coordinator for partition 16 in epoch OptionalInt[0] (kafka.coordinator.group.GroupCoordinator)
kafka-2-1  | 2026-09-21T21:52:27.123394467Z [2026-09-21 21:52:27,123] INFO [GroupMetadataManager brokerId=2] Scheduling unloading of offsets and group metadata from __consumer_offsets-16 (kafka.coordinator.group.GroupMetadataManager)
kafka-2-1  | 2026-09-21T21:52:27.123485268Z [2026-09-21 21:52:27,123] INFO [GroupCoordinator 2]: Resigned as the group coordinator for partition 45 in epoch OptionalInt[0] (kafka.coordinator.group.GroupCoordinator)
kafka-2-1  | 2026-09-21T21:52:27.123555369Z [2026-09-21 21:52:27,123] INFO [GroupMetadataManager brokerId=2] Scheduling unloading of offsets and group metadata from __consumer_offsets-45 (kafka.coordinator.group.GroupMetadataManager)
kafka-2-1  | 2026-09-21T21:52:27.123666071Z [2026-09-21 21:52:27,123] INFO [GroupCoordinator 2]: Resigned as the group coordinator for partition 43 in epoch OptionalInt[0] (kafka.coordinator.group.GroupCoordinator)
kafka-2-1  | 2026-09-21T21:52:27.123743172Z [2026-09-21 21:52:27,123] INFO [GroupMetadataManager brokerId=2] Scheduling unloading of offsets and group metadata from __consumer_offsets-43 (kafka.coordinator.group.GroupMetadataManager)
kafka-2-1  | 2026-09-21T21:52:27.123849674Z [2026-09-21 21:52:27,123] INFO [GroupCoordinator 2]: Resigned as the group coordinator for partition 12 in epoch OptionalInt[0] (kafka.coordinator.group.GroupCoordinator)
kafka-2-1  | 2026-09-21T21:52:27.123911975Z [2026-09-21 21:52:27,123] INFO [GroupMetadataManager brokerId=2] Scheduling unloading of offsets and group metadata from __consumer_offsets-12 (kafka.coordinator.group.GroupMetadataManager)
kafka-2-1  | 2026-09-21T21:52:27.124004477Z [2026-09-21 21:52:27,123] INFO [GroupCoordinator 2]: Resigned as the group coordinator for partition 24 in epoch OptionalInt[0] (kafka.coordinator.group.GroupCoordinator)
kafka-2-1  | 2026-09-21T21:52:27.124068678Z [2026-09-21 21:52:27,124] INFO [GroupMetadataManager brokerId=2] Scheduling unloading of offsets and group metadata from __consumer_offsets-24 (kafka.coordinator.group.GroupMetadataManager)
kafka-2-1  | 2026-09-21T21:52:27.124179880Z [2026-09-21 21:52:27,124] INFO [GroupCoordinator 2]: Resigned as the group coordinator for partition 22 in epoch OptionalInt[0] (kafka.coordinator.group.GroupCoordinator)
kafka-2-1  | 2026-09-21T21:52:27.124314282Z [2026-09-21 21:52:27,124] INFO [GroupMetadataManager brokerId=2] Scheduling unloading of offsets and group metadata from __consumer_offsets-22 (kafka.coordinator.group.GroupMetadataManager)
kafka-2-1  | 2026-09-21T21:52:27.124556786Z [2026-09-21 21:52:27,124] INFO [GroupCoordinator 2]: Resigned as the group coordinator for partition 49 in epoch OptionalInt[0] (kafka.coordinator.group.GroupCoordinator)
kafka-2-1  | 2026-09-21T21:52:27.124571686Z [2026-09-21 21:52:27,124] INFO [GroupMetadataManager brokerId=2] Scheduling unloading of offsets and group metadata from __consumer_offsets-49 (kafka.coordinator.group.GroupMetadataManager)
kafka-2-1  | 2026-09-21T21:52:27.124573986Z [2026-09-21 21:52:27,124] INFO [GroupCoordinator 2]: Resigned as the group coordinator for partition 18 in epoch OptionalInt[0] (kafka.coordinator.group.GroupCoordinator)
kafka-2-1  | 2026-09-21T21:52:27.124575486Z [2026-09-21 21:52:27,124] INFO [GroupMetadataManager brokerId=2] Scheduling unloading of offsets and group metadata from __consumer_offsets-18 (kafka.coordinator.group.GroupMetadataManager)
kafka-2-1  | 2026-09-21T21:52:27.124708288Z [2026-09-21 21:52:27,124] INFO [GroupCoordinator 2]: Resigned as the group coordinator for partition 31 in epoch OptionalInt[0] (kafka.coordinator.group.GroupCoordinator)
kafka-2-1  | 2026-09-21T21:52:27.124729489Z [2026-09-21 21:52:27,124] INFO [GroupMetadataManager brokerId=2] Scheduling unloading of offsets and group metadata from __consumer_offsets-31 (kafka.coordinator.group.GroupMetadataManager)
kafka-2-1  | 2026-09-21T21:52:27.124745489Z [2026-09-21 21:52:27,124] INFO [GroupCoordinator 2]: Resigned as the group coordinator for partition 0 in epoch OptionalInt[0] (kafka.coordinator.group.GroupCoordinator)
kafka-2-1  | 2026-09-21T21:52:27.124789390Z [2026-09-21 21:52:27,124] INFO [GroupMetadataManager brokerId=2] Scheduling unloading of offsets and group metadata from __consumer_offsets-0 (kafka.coordinator.group.GroupMetadataManager)
kafka-2-1  | 2026-09-21T21:52:27.124909292Z [2026-09-21 21:52:27,124] INFO [GroupCoordinator 2]: Resigned as the group coordinator for partition 29 in epoch OptionalInt[0] (kafka.coordinator.group.GroupCoordinator)
kafka-2-1  | 2026-09-21T21:52:27.124977493Z [2026-09-21 21:52:27,124] INFO [GroupMetadataManager brokerId=2] Scheduling unloading of offsets and group metadata from __consumer_offsets-29 (kafka.coordinator.group.GroupMetadataManager)
kafka-2-1  | 2026-09-21T21:52:27.125064394Z [2026-09-21 21:52:27,125] INFO [GroupCoordinator 2]: Resigned as the group coordinator for partition 25 in epoch OptionalInt[0] (kafka.coordinator.group.GroupCoordinator)
kafka-2-1  | 2026-09-21T21:52:27.125115195Z [2026-09-21 21:52:27,125] INFO [GroupMetadataManager brokerId=2] Scheduling unloading of offsets and group metadata from __consumer_offsets-25 (kafka.coordinator.group.GroupMetadataManager)
kafka-2-1  | 2026-09-21T21:52:27.125191896Z [2026-09-21 21:52:27,125] INFO [GroupCoordinator 2]: Resigned as the group coordinator for partition 39 in epoch OptionalInt[0] (kafka.coordinator.group.GroupCoordinator)
kafka-2-1  | 2026-09-21T21:52:27.125237597Z [2026-09-21 21:52:27,125] INFO [GroupMetadataManager brokerId=2] Scheduling unloading of offsets and group metadata from __consumer_offsets-39 (kafka.coordinator.group.GroupMetadataManager)
kafka-2-1  | 2026-09-21T21:52:27.125325399Z [2026-09-21 21:52:27,125] INFO [GroupCoordinator 2]: Resigned as the group coordinator for partition 8 in epoch OptionalInt[0] (kafka.coordinator.group.GroupCoordinator)
kafka-2-1  | 2026-09-21T21:52:27.125516702Z [2026-09-21 21:52:27,125] INFO [GroupMetadataManager brokerId=2] Scheduling unloading of offsets and group metadata from __consumer_offsets-8 (kafka.coordinator.group.GroupMetadataManager)
kafka-2-1  | 2026-09-21T21:52:27.125540102Z [2026-09-21 21:52:27,125] INFO [GroupCoordinator 2]: Resigned as the group coordinator for partition 6 in epoch OptionalInt[0] (kafka.coordinator.group.GroupCoordinator)
kafka-2-1  | 2026-09-21T21:52:27.125607703Z [2026-09-21 21:52:27,125] INFO [GroupMetadataManager brokerId=2] Scheduling unloading of offsets and group metadata from __consumer_offsets-6 (kafka.coordinator.group.GroupMetadataManager)
kafka-2-1  | 2026-09-21T21:52:27.127923742Z [2026-09-21 21:52:27,125] INFO [GroupCoordinator 2]: Resigned as the group coordinator for partition 4 in epoch OptionalInt[0] (kafka.coordinator.group.GroupCoordinator)
kafka-2-1  | 2026-09-21T21:52:27.127945042Z [2026-09-21 21:52:27,125] INFO [GroupMetadataManager brokerId=2] Scheduling unloading of offsets and group metadata from __consumer_offsets-4 (kafka.coordinator.group.GroupMetadataManager)
kafka-2-1  | 2026-09-21T21:52:27.127947342Z [2026-09-21 21:52:27,125] INFO [GroupCoordinator 2]: Resigned as the group coordinator for partition 33 in epoch OptionalInt[0] (kafka.coordinator.group.GroupCoordinator)
kafka-2-1  | 2026-09-21T21:52:27.127948942Z [2026-09-21 21:52:27,126] INFO [GroupMetadataManager brokerId=2] Scheduling unloading of offsets and group metadata from __consumer_offsets-33 (kafka.coordinator.group.GroupMetadataManager)
kafka-2-1  | 2026-09-21T21:52:27.127950242Z [2026-09-21 21:52:27,126] INFO [GroupCoordinator 2]: Resigned as the group coordinator for partition 2 in epoch OptionalInt[0] (kafka.coordinator.group.GroupCoordinator)
kafka-2-1  | 2026-09-21T21:52:27.127951542Z [2026-09-21 21:52:27,126] INFO [GroupMetadataManager brokerId=2] Scheduling unloading of offsets and group metadata from __consumer_offsets-2 (kafka.coordinator.group.GroupMetadataManager)
kafka-2-1  | 2026-09-21T21:52:27.127952942Z [2026-09-21 21:52:27,126] INFO [DynamicConfigPublisher broker id=2] Updating topic __consumer_offsets with new configuration : compression.type -> producer,cleanup.policy -> compact,segment.bytes -> 104857600 (kafka.server.metadata.DynamicConfigPublisher)
kafka-2-1  | 2026-09-21T21:52:27.136115077Z [2026-09-21 21:52:27,135] INFO [GroupMetadataManager brokerId=2] Finished loading offsets and group metadata from __consumer_offsets-15 in 12 milliseconds for epoch 0, of which 2 milliseconds was spent in the scheduler. (kafka.coordinator.group.GroupMetadataManager)
kafka-2-1  | 2026-09-21T21:52:27.137834006Z [2026-09-21 21:52:27,137] INFO [GroupMetadataManager brokerId=2] Finished loading offsets and group metadata from __consumer_offsets-48 in 22 milliseconds for epoch 0, of which 21 milliseconds was spent in the scheduler. (kafka.coordinator.group.GroupMetadataManager)
kafka-2-1  | 2026-09-21T21:52:27.138355114Z [2026-09-21 21:52:27,138] INFO [GroupMetadataManager brokerId=2] Finished loading offsets and group metadata from __consumer_offsets-14 in 23 milliseconds for epoch 0, of which 22 milliseconds was spent in the scheduler. (kafka.coordinator.group.GroupMetadataManager)
kafka-2-1  | 2026-09-21T21:52:27.139079826Z [2026-09-21 21:52:27,138] INFO [GroupMetadataManager brokerId=2] Finished loading offsets and group metadata from __consumer_offsets-46 in 23 milliseconds for epoch 0, of which 23 milliseconds was spent in the scheduler. (kafka.coordinator.group.GroupMetadataManager)
kafka-2-1  | 2026-09-21T21:52:27.139264429Z [2026-09-21 21:52:27,139] INFO [GroupMetadataManager brokerId=2] Finished loading offsets and group metadata from __consumer_offsets-41 in 24 milliseconds for epoch 0, of which 24 milliseconds was spent in the scheduler. (kafka.coordinator.group.GroupMetadataManager)
kafka-2-1  | 2026-09-21T21:52:27.139416932Z [2026-09-21 21:52:27,139] INFO [GroupMetadataManager brokerId=2] Finished loading offsets and group metadata from __consumer_offsets-10 in 24 milliseconds for epoch 0, of which 24 milliseconds was spent in the scheduler. (kafka.coordinator.group.GroupMetadataManager)
kafka-2-1  | 2026-09-21T21:52:27.139569034Z [2026-09-21 21:52:27,139] INFO [GroupMetadataManager brokerId=2] Finished loading offsets and group metadata from __consumer_offsets-42 in 24 milliseconds for epoch 0, of which 24 milliseconds was spent in the scheduler. (kafka.coordinator.group.GroupMetadataManager)
kafka-2-1  | 2026-09-21T21:52:27.140433349Z [2026-09-21 21:52:27,139] INFO [GroupMetadataManager brokerId=2] Finished loading offsets and group metadata from __consumer_offsets-21 in 24 milliseconds for epoch 0, of which 24 milliseconds was spent in the scheduler. (kafka.coordinator.group.GroupMetadataManager)
kafka-2-1  | 2026-09-21T21:52:27.140904456Z [2026-09-21 21:52:27,140] INFO [GroupMetadataManager brokerId=2] Finished loading offsets and group metadata from __consumer_offsets-20 in 25 milliseconds for epoch 0, of which 25 milliseconds was spent in the scheduler. (kafka.coordinator.group.GroupMetadataManager)
kafka-2-1  | 2026-09-21T21:52:27.141009258Z [2026-09-21 21:52:27,140] INFO [GroupMetadataManager brokerId=2] Finished loading offsets and group metadata from __consumer_offsets-30 in 24 milliseconds for epoch 0, of which 24 milliseconds was spent in the scheduler. (kafka.coordinator.group.GroupMetadataManager)
kafka-2-1  | 2026-09-21T21:52:27.141177761Z [2026-09-21 21:52:27,141] INFO [GroupMetadataManager brokerId=2] Finished loading offsets and group metadata from __consumer_offsets-27 in 25 milliseconds for epoch 0, of which 25 milliseconds was spent in the scheduler. (kafka.coordinator.group.GroupMetadataManager)
kafka-2-1  | 2026-09-21T21:52:27.141706570Z [2026-09-21 21:52:27,141] INFO [GroupMetadataManager brokerId=2] Finished loading offsets and group metadata from __consumer_offsets-26 in 25 milliseconds for epoch 0, of which 25 milliseconds was spent in the scheduler. (kafka.coordinator.group.GroupMetadataManager)
kafka-2-1  | 2026-09-21T21:52:27.142025675Z [2026-09-21 21:52:27,141] INFO [GroupMetadataManager brokerId=2] Finished loading offsets and group metadata from __consumer_offsets-7 in 25 milliseconds for epoch 0, of which 25 milliseconds was spent in the scheduler. (kafka.coordinator.group.GroupMetadataManager)
kafka-2-1  | 2026-09-21T21:52:27.143516600Z [2026-09-21 21:52:27,143] INFO [GroupMetadataManager brokerId=2] Finished loading offsets and group metadata from __consumer_offsets-37 in 27 milliseconds for epoch 0, of which 26 milliseconds was spent in the scheduler. (kafka.coordinator.group.GroupMetadataManager)
kafka-2-1  | 2026-09-21T21:52:27.143883106Z [2026-09-21 21:52:27,143] INFO [GroupMetadataManager brokerId=2] Finished loading offsets and group metadata from __consumer_offsets-3 in 27 milliseconds for epoch 0, of which 27 milliseconds was spent in the scheduler. (kafka.coordinator.group.GroupMetadataManager)
kafka-2-1  | 2026-09-21T21:52:27.144104909Z [2026-09-21 21:52:27,143] INFO [GroupMetadataManager brokerId=2] Finished loading offsets and group metadata from __consumer_offsets-35 in 27 milliseconds for epoch 0, of which 27 milliseconds was spent in the scheduler. (kafka.coordinator.group.GroupMetadataManager)
kafka-2-1  | 2026-09-21T21:52:27.144273412Z [2026-09-21 21:52:27,144] INFO [GroupMetadataManager brokerId=2] Finished loading offsets and group metadata from __consumer_offsets-1 in 28 milliseconds for epoch 0, of which 28 milliseconds was spent in the scheduler. (kafka.coordinator.group.GroupMetadataManager)
kafka-2-1  | 2026-09-21T21:52:27.145962940Z [2026-09-21 21:52:27,145] INFO [GroupMetadataManager brokerId=2] Finished unloading __consumer_offsets-13 for coordinator epoch OptionalInt[0]. Removed 0 cached offsets and 0 cached groups. (kafka.coordinator.group.GroupMetadataManager)
kafka-2-1  | 2026-09-21T21:52:27.146179044Z [2026-09-21 21:52:27,146] INFO [GroupMetadataManager brokerId=2] Finished unloading __consumer_offsets-11 for coordinator epoch OptionalInt[0]. Removed 0 cached offsets and 0 cached groups. (kafka.coordinator.group.GroupMetadataManager)
kafka-2-1  | 2026-09-21T21:52:27.146302546Z [2026-09-21 21:52:27,146] INFO [GroupMetadataManager brokerId=2] Finished unloading __consumer_offsets-44 for coordinator epoch OptionalInt[0]. Removed 0 cached offsets and 0 cached groups. (kafka.coordinator.group.GroupMetadataManager)
kafka-2-1  | 2026-09-21T21:52:27.146410948Z [2026-09-21 21:52:27,146] INFO [GroupMetadataManager brokerId=2] Finished unloading __consumer_offsets-9 for coordinator epoch OptionalInt[0]. Removed 0 cached offsets and 0 cached groups. (kafka.coordinator.group.GroupMetadataManager)
kafka-2-1  | 2026-09-21T21:52:27.146662252Z [2026-09-21 21:52:27,146] INFO [GroupMetadataManager brokerId=2] Finished unloading __consumer_offsets-23 for coordinator epoch OptionalInt[0]. Removed 0 cached offsets and 0 cached groups. (kafka.coordinator.group.GroupMetadataManager)
kafka-2-1  | 2026-09-21T21:52:27.146669452Z [2026-09-21 21:52:27,146] INFO [GroupMetadataManager brokerId=2] Finished unloading __consumer_offsets-19 for coordinator epoch OptionalInt[0]. Removed 0 cached offsets and 0 cached groups. (kafka.coordinator.group.GroupMetadataManager)
kafka-2-1  | 2026-09-21T21:52:27.146853955Z [2026-09-21 21:52:27,146] INFO [GroupMetadataManager brokerId=2] Finished unloading __consumer_offsets-17 for coordinator epoch OptionalInt[0]. Removed 0 cached offsets and 0 cached groups. (kafka.coordinator.group.GroupMetadataManager)
kafka-2-1  | 2026-09-21T21:52:27.146909556Z [2026-09-21 21:52:27,146] INFO [GroupMetadataManager brokerId=2] Finished unloading __consumer_offsets-32 for coordinator epoch OptionalInt[0]. Removed 0 cached offsets and 0 cached groups. (kafka.coordinator.group.GroupMetadataManager)
kafka-2-1  | 2026-09-21T21:52:27.147004357Z [2026-09-21 21:52:27,146] INFO [GroupMetadataManager brokerId=2] Finished unloading __consumer_offsets-28 for coordinator epoch OptionalInt[0]. Removed 0 cached offsets and 0 cached groups. (kafka.coordinator.group.GroupMetadataManager)
kafka-2-1  | 2026-09-21T21:52:27.147080759Z [2026-09-21 21:52:27,147] INFO [GroupMetadataManager brokerId=2] Finished unloading __consumer_offsets-40 for coordinator epoch OptionalInt[0]. Removed 0 cached offsets and 0 cached groups. (kafka.coordinator.group.GroupMetadataManager)
kafka-2-1  | 2026-09-21T21:52:27.147191861Z [2026-09-21 21:52:27,147] INFO [GroupMetadataManager brokerId=2] Finished unloading __consumer_offsets-5 for coordinator epoch OptionalInt[0]. Removed 0 cached offsets and 0 cached groups. (kafka.coordinator.group.GroupMetadataManager)
kafka-2-1  | 2026-09-21T21:52:27.147202661Z [2026-09-21 21:52:27,147] INFO [GroupMetadataManager brokerId=2] Finished unloading __consumer_offsets-38 for coordinator epoch OptionalInt[0]. Removed 0 cached offsets and 0 cached groups. (kafka.coordinator.group.GroupMetadataManager)
kafka-2-1  | 2026-09-21T21:52:27.147289362Z [2026-09-21 21:52:27,147] INFO [GroupMetadataManager brokerId=2] Finished unloading __consumer_offsets-36 for coordinator epoch OptionalInt[0]. Removed 0 cached offsets and 0 cached groups. (kafka.coordinator.group.GroupMetadataManager)
kafka-2-1  | 2026-09-21T21:52:27.147315863Z [2026-09-21 21:52:27,147] INFO [GroupMetadataManager brokerId=2] Finished unloading __consumer_offsets-34 for coordinator epoch OptionalInt[0]. Removed 0 cached offsets and 0 cached groups. (kafka.coordinator.group.GroupMetadataManager)
kafka-2-1  | 2026-09-21T21:52:27.147374664Z [2026-09-21 21:52:27,147] INFO [GroupMetadataManager brokerId=2] Finished unloading __consumer_offsets-47 for coordinator epoch OptionalInt[0]. Removed 0 cached offsets and 0 cached groups. (kafka.coordinator.group.GroupMetadataManager)
kafka-2-1  | 2026-09-21T21:52:27.147472065Z [2026-09-21 21:52:27,147] INFO [GroupMetadataManager brokerId=2] Finished unloading __consumer_offsets-16 for coordinator epoch OptionalInt[0]. Removed 0 cached offsets and 0 cached groups. (kafka.coordinator.group.GroupMetadataManager)
kafka-2-1  | 2026-09-21T21:52:27.147541766Z [2026-09-21 21:52:27,147] INFO [GroupMetadataManager brokerId=2] Finished unloading __consumer_offsets-45 for coordinator epoch OptionalInt[0]. Removed 0 cached offsets and 0 cached groups. (kafka.coordinator.group.GroupMetadataManager)
kafka-2-1  | 2026-09-21T21:52:27.147970473Z [2026-09-21 21:52:27,147] INFO [GroupMetadataManager brokerId=2] Finished unloading __consumer_offsets-43 for coordinator epoch OptionalInt[0]. Removed 0 cached offsets and 0 cached groups. (kafka.coordinator.group.GroupMetadataManager)
kafka-2-1  | 2026-09-21T21:52:27.147977474Z [2026-09-21 21:52:27,147] INFO [GroupMetadataManager brokerId=2] Finished unloading __consumer_offsets-12 for coordinator epoch OptionalInt[0]. Removed 0 cached offsets and 0 cached groups. (kafka.coordinator.group.GroupMetadataManager)
kafka-2-1  | 2026-09-21T21:52:27.147979474Z [2026-09-21 21:52:27,147] INFO [GroupMetadataManager brokerId=2] Finished unloading __consumer_offsets-24 for coordinator epoch OptionalInt[0]. Removed 0 cached offsets and 0 cached groups. (kafka.coordinator.group.GroupMetadataManager)
kafka-2-1  | 2026-09-21T21:52:27.147981574Z [2026-09-21 21:52:27,147] INFO [GroupMetadataManager brokerId=2] Finished unloading __consumer_offsets-22 for coordinator epoch OptionalInt[0]. Removed 0 cached offsets and 0 cached groups. (kafka.coordinator.group.GroupMetadataManager)
kafka-2-1  | 2026-09-21T21:52:27.147983174Z [2026-09-21 21:52:27,147] INFO [GroupMetadataManager brokerId=2] Finished unloading __consumer_offsets-49 for coordinator epoch OptionalInt[0]. Removed 0 cached offsets and 0 cached groups. (kafka.coordinator.group.GroupMetadataManager)
kafka-2-1  | 2026-09-21T21:52:27.147984674Z [2026-09-21 21:52:27,147] INFO [GroupMetadataManager brokerId=2] Finished unloading __consumer_offsets-18 for coordinator epoch OptionalInt[0]. Removed 0 cached offsets and 0 cached groups. (kafka.coordinator.group.GroupMetadataManager)
kafka-2-1  | 2026-09-21T21:52:27.148023974Z [2026-09-21 21:52:27,147] INFO [GroupMetadataManager brokerId=2] Finished unloading __consumer_offsets-31 for coordinator epoch OptionalInt[0]. Removed 0 cached offsets and 0 cached groups. (kafka.coordinator.group.GroupMetadataManager)
kafka-2-1  | 2026-09-21T21:52:27.148159077Z [2026-09-21 21:52:27,148] INFO [GroupMetadataManager brokerId=2] Finished unloading __consumer_offsets-0 for coordinator epoch OptionalInt[0]. Removed 0 cached offsets and 0 cached groups. (kafka.coordinator.group.GroupMetadataManager)
kafka-2-1  | 2026-09-21T21:52:27.149754003Z [2026-09-21 21:52:27,149] INFO [GroupMetadataManager brokerId=2] Finished unloading __consumer_offsets-29 for coordinator epoch OptionalInt[0]. Removed 0 cached offsets and 0 cached groups. (kafka.coordinator.group.GroupMetadataManager)
kafka-2-1  | 2026-09-21T21:52:27.150275312Z [2026-09-21 21:52:27,150] INFO [GroupMetadataManager brokerId=2] Finished unloading __consumer_offsets-25 for coordinator epoch OptionalInt[0]. Removed 0 cached offsets and 0 cached groups. (kafka.coordinator.group.GroupMetadataManager)
kafka-2-1  | 2026-09-21T21:52:27.150395414Z [2026-09-21 21:52:27,150] INFO [GroupMetadataManager brokerId=2] Finished unloading __consumer_offsets-39 for coordinator epoch OptionalInt[0]. Removed 0 cached offsets and 0 cached groups. (kafka.coordinator.group.GroupMetadataManager)
kafka-2-1  | 2026-09-21T21:52:27.150410314Z [2026-09-21 21:52:27,150] INFO [GroupMetadataManager brokerId=2] Finished unloading __consumer_offsets-8 for coordinator epoch OptionalInt[0]. Removed 0 cached offsets and 0 cached groups. (kafka.coordinator.group.GroupMetadataManager)
kafka-2-1  | 2026-09-21T21:52:27.150489815Z [2026-09-21 21:52:27,150] INFO [GroupMetadataManager brokerId=2] Finished unloading __consumer_offsets-6 for coordinator epoch OptionalInt[0]. Removed 0 cached offsets and 0 cached groups. (kafka.coordinator.group.GroupMetadataManager)
kafka-2-1  | 2026-09-21T21:52:27.150638018Z [2026-09-21 21:52:27,150] INFO [GroupMetadataManager brokerId=2] Finished unloading __consumer_offsets-4 for coordinator epoch OptionalInt[0]. Removed 0 cached offsets and 0 cached groups. (kafka.coordinator.group.GroupMetadataManager)
kafka-2-1  | 2026-09-21T21:52:27.150725719Z [2026-09-21 21:52:27,150] INFO [GroupMetadataManager brokerId=2] Finished unloading __consumer_offsets-33 for coordinator epoch OptionalInt[0]. Removed 0 cached offsets and 0 cached groups. (kafka.coordinator.group.GroupMetadataManager)
kafka-2-1  | 2026-09-21T21:52:27.150730319Z [2026-09-21 21:52:27,150] INFO [GroupMetadataManager brokerId=2] Finished unloading __consumer_offsets-2 for coordinator epoch OptionalInt[0]. Removed 0 cached offsets and 0 cached groups. (kafka.coordinator.group.GroupMetadataManager)
kafka-2-1  | 2026-09-21T21:52:27.164842753Z [2026-09-21 21:52:27,164] INFO [ReplicaFetcher replicaId=2, leaderId=1, fetcherId=0] Truncating partition __consumer_offsets-47 with TruncationState(offset=0, completed=true) due to local high watermark 0 (kafka.server.ReplicaFetcherThread)
kafka-2-1  | 2026-09-21T21:52:27.164967955Z [2026-09-21 21:52:27,164] INFO [UnifiedLog partition=__consumer_offsets-47, dir=/tmp/kafka-logs] Truncating to 0 has no effect as the largest offset in the log is -1 (kafka.log.UnifiedLog)
kafka-2-1  | 2026-09-21T21:52:27.165046856Z [2026-09-21 21:52:27,164] INFO [ReplicaFetcher replicaId=2, leaderId=1, fetcherId=0] Truncating partition __consumer_offsets-16 with TruncationState(offset=0, completed=true) due to local high watermark 0 (kafka.server.ReplicaFetcherThread)
kafka-2-1  | 2026-09-21T21:52:27.165236159Z [2026-09-21 21:52:27,165] INFO [UnifiedLog partition=__consumer_offsets-16, dir=/tmp/kafka-logs] Truncating to 0 has no effect as the largest offset in the log is -1 (kafka.log.UnifiedLog)
kafka-2-1  | 2026-09-21T21:52:27.165244659Z [2026-09-21 21:52:27,165] INFO [ReplicaFetcher replicaId=2, leaderId=1, fetcherId=0] Truncating partition __consumer_offsets-44 with TruncationState(offset=0, completed=true) due to local high watermark 0 (kafka.server.ReplicaFetcherThread)
kafka-2-1  | 2026-09-21T21:52:27.165274160Z [2026-09-21 21:52:27,165] INFO [UnifiedLog partition=__consumer_offsets-44, dir=/tmp/kafka-logs] Truncating to 0 has no effect as the largest offset in the log is -1 (kafka.log.UnifiedLog)
kafka-2-1  | 2026-09-21T21:52:27.165280160Z [2026-09-21 21:52:27,165] INFO [ReplicaFetcher replicaId=2, leaderId=1, fetcherId=0] Truncating partition __consumer_offsets-12 with TruncationState(offset=0, completed=true) due to local high watermark 0 (kafka.server.ReplicaFetcherThread)
kafka-2-1  | 2026-09-21T21:52:27.165308360Z [2026-09-21 21:52:27,165] INFO [UnifiedLog partition=__consumer_offsets-12, dir=/tmp/kafka-logs] Truncating to 0 has no effect as the largest offset in the log is -1 (kafka.log.UnifiedLog)
kafka-2-1  | 2026-09-21T21:52:27.165435763Z [2026-09-21 21:52:27,165] INFO [ReplicaFetcher replicaId=2, leaderId=1, fetcherId=0] Truncating partition __consumer_offsets-9 with TruncationState(offset=0, completed=true) due to local high watermark 0 (kafka.server.ReplicaFetcherThread)
kafka-2-1  | 2026-09-21T21:52:27.165505364Z [2026-09-21 21:52:27,165] INFO [UnifiedLog partition=__consumer_offsets-9, dir=/tmp/kafka-logs] Truncating to 0 has no effect as the largest offset in the log is -1 (kafka.log.UnifiedLog)
kafka-2-1  | 2026-09-21T21:52:27.165543464Z [2026-09-21 21:52:27,165] INFO [ReplicaFetcher replicaId=2, leaderId=1, fetcherId=0] Truncating partition __consumer_offsets-23 with TruncationState(offset=0, completed=true) due to local high watermark 0 (kafka.server.ReplicaFetcherThread)
kafka-2-1  | 2026-09-21T21:52:27.165594765Z [2026-09-21 21:52:27,165] INFO [UnifiedLog partition=__consumer_offsets-23, dir=/tmp/kafka-logs] Truncating to 0 has no effect as the largest offset in the log is -1 (kafka.log.UnifiedLog)
kafka-2-1  | 2026-09-21T21:52:27.165720667Z [2026-09-21 21:52:27,165] INFO [ReplicaFetcher replicaId=2, leaderId=1, fetcherId=0] Truncating partition __consumer_offsets-24 with TruncationState(offset=0, completed=true) due to local high watermark 0 (kafka.server.ReplicaFetcherThread)
kafka-2-1  | 2026-09-21T21:52:27.165811169Z [2026-09-21 21:52:27,165] INFO [UnifiedLog partition=__consumer_offsets-24, dir=/tmp/kafka-logs] Truncating to 0 has no effect as the largest offset in the log is -1 (kafka.log.UnifiedLog)
kafka-2-1  | 2026-09-21T21:52:27.166979288Z [2026-09-21 21:52:27,165] INFO [ReplicaFetcher replicaId=2, leaderId=1, fetcherId=0] Truncating partition __consumer_offsets-19 with TruncationState(offset=0, completed=true) due to local high watermark 0 (kafka.server.ReplicaFetcherThread)
kafka-2-1  | 2026-09-21T21:52:27.166998288Z [2026-09-21 21:52:27,165] INFO [UnifiedLog partition=__consumer_offsets-19, dir=/tmp/kafka-logs] Truncating to 0 has no effect as the largest offset in the log is -1 (kafka.log.UnifiedLog)
kafka-2-1  | 2026-09-21T21:52:27.167000488Z [2026-09-21 21:52:27,165] INFO [ReplicaFetcher replicaId=2, leaderId=1, fetcherId=0] Truncating partition __consumer_offsets-32 with TruncationState(offset=0, completed=true) due to local high watermark 0 (kafka.server.ReplicaFetcherThread)
kafka-2-1  | 2026-09-21T21:52:27.167002188Z [2026-09-21 21:52:27,166] INFO [UnifiedLog partition=__consumer_offsets-32, dir=/tmp/kafka-logs] Truncating to 0 has no effect as the largest offset in the log is -1 (kafka.log.UnifiedLog)
kafka-2-1  | 2026-09-21T21:52:27.167003588Z [2026-09-21 21:52:27,166] INFO [ReplicaFetcher replicaId=2, leaderId=1, fetcherId=0] Truncating partition __consumer_offsets-0 with TruncationState(offset=0, completed=true) due to local high watermark 0 (kafka.server.ReplicaFetcherThread)
kafka-2-1  | 2026-09-21T21:52:27.167005188Z [2026-09-21 21:52:27,166] INFO [UnifiedLog partition=__consumer_offsets-0, dir=/tmp/kafka-logs] Truncating to 0 has no effect as the largest offset in the log is -1 (kafka.log.UnifiedLog)
kafka-2-1  | 2026-09-21T21:52:27.167006589Z [2026-09-21 21:52:27,166] INFO [ReplicaFetcher replicaId=2, leaderId=1, fetcherId=0] Truncating partition __consumer_offsets-28 with TruncationState(offset=0, completed=true) due to local high watermark 0 (kafka.server.ReplicaFetcherThread)
kafka-2-1  | 2026-09-21T21:52:27.167016189Z [2026-09-21 21:52:27,166] INFO [UnifiedLog partition=__consumer_offsets-28, dir=/tmp/kafka-logs] Truncating to 0 has no effect as the largest offset in the log is -1 (kafka.log.UnifiedLog)
kafka-2-1  | 2026-09-21T21:52:27.167017789Z [2026-09-21 21:52:27,166] INFO [ReplicaFetcher replicaId=2, leaderId=1, fetcherId=0] Truncating partition __consumer_offsets-40 with TruncationState(offset=0, completed=true) due to local high watermark 0 (kafka.server.ReplicaFetcherThread)
kafka-2-1  | 2026-09-21T21:52:27.167019989Z [2026-09-21 21:52:27,166] INFO [UnifiedLog partition=__consumer_offsets-40, dir=/tmp/kafka-logs] Truncating to 0 has no effect as the largest offset in the log is -1 (kafka.log.UnifiedLog)
kafka-2-1  | 2026-09-21T21:52:27.167021389Z [2026-09-21 21:52:27,166] INFO [ReplicaFetcher replicaId=2, leaderId=1, fetcherId=0] Truncating partition __consumer_offsets-8 with TruncationState(offset=0, completed=true) due to local high watermark 0 (kafka.server.ReplicaFetcherThread)
kafka-2-1  | 2026-09-21T21:52:27.167022789Z [2026-09-21 21:52:27,166] INFO [UnifiedLog partition=__consumer_offsets-8, dir=/tmp/kafka-logs] Truncating to 0 has no effect as the largest offset in the log is -1 (kafka.log.UnifiedLog)
kafka-2-1  | 2026-09-21T21:52:27.167024189Z [2026-09-21 21:52:27,166] INFO [ReplicaFetcher replicaId=2, leaderId=1, fetcherId=0] Truncating partition __consumer_offsets-5 with TruncationState(offset=0, completed=true) due to local high watermark 0 (kafka.server.ReplicaFetcherThread)
kafka-2-1  | 2026-09-21T21:52:27.167025689Z [2026-09-21 21:52:27,166] INFO [UnifiedLog partition=__consumer_offsets-5, dir=/tmp/kafka-logs] Truncating to 0 has no effect as the largest offset in the log is -1 (kafka.log.UnifiedLog)
kafka-2-1  | 2026-09-21T21:52:27.167027089Z [2026-09-21 21:52:27,166] INFO [ReplicaFetcher replicaId=2, leaderId=1, fetcherId=0] Truncating partition __consumer_offsets-36 with TruncationState(offset=0, completed=true) due to local high watermark 0 (kafka.server.ReplicaFetcherThread)
kafka-2-1  | 2026-09-21T21:52:27.167487996Z [2026-09-21 21:52:27,167] INFO [UnifiedLog partition=__consumer_offsets-36, dir=/tmp/kafka-logs] Truncating to 0 has no effect as the largest offset in the log is -1 (kafka.log.UnifiedLog)
kafka-2-1  | 2026-09-21T21:52:27.168078606Z [2026-09-21 21:52:27,167] INFO [ReplicaFetcher replicaId=2, leaderId=1, fetcherId=0] Truncating partition __consumer_offsets-34 with TruncationState(offset=0, completed=true) due to local high watermark 0 (kafka.server.ReplicaFetcherThread)
kafka-2-1  | 2026-09-21T21:52:27.176101139Z [2026-09-21 21:52:27,175] INFO [UnifiedLog partition=__consumer_offsets-34, dir=/tmp/kafka-logs] Truncating to 0 has no effect as the largest offset in the log is -1 (kafka.log.UnifiedLog)
kafka-2-1  | 2026-09-21T21:52:27.428101010Z [2026-09-21 21:52:27,426] INFO [ReplicaFetcher replicaId=2, leaderId=3, fetcherId=0] Truncating partition __consumer_offsets-13 with TruncationState(offset=0, completed=true) due to local high watermark 0 (kafka.server.ReplicaFetcherThread)
kafka-2-1  | 2026-09-21T21:52:27.428160511Z [2026-09-21 21:52:27,426] INFO [UnifiedLog partition=__consumer_offsets-13, dir=/tmp/kafka-logs] Truncating to 0 has no effect as the largest offset in the log is -1 (kafka.log.UnifiedLog)
kafka-2-1  | 2026-09-21T21:52:27.428172212Z [2026-09-21 21:52:27,427] INFO [ReplicaFetcher replicaId=2, leaderId=3, fetcherId=0] Truncating partition __consumer_offsets-45 with TruncationState(offset=0, completed=true) due to local high watermark 0 (kafka.server.ReplicaFetcherThread)
kafka-2-1  | 2026-09-21T21:52:27.428212212Z [2026-09-21 21:52:27,427] INFO [UnifiedLog partition=__consumer_offsets-45, dir=/tmp/kafka-logs] Truncating to 0 has no effect as the largest offset in the log is -1 (kafka.log.UnifiedLog)
kafka-2-1  | 2026-09-21T21:52:27.428220412Z [2026-09-21 21:52:27,427] INFO [ReplicaFetcher replicaId=2, leaderId=3, fetcherId=0] Truncating partition __consumer_offsets-43 with TruncationState(offset=0, completed=true) due to local high watermark 0 (kafka.server.ReplicaFetcherThread)
kafka-2-1  | 2026-09-21T21:52:27.428227413Z [2026-09-21 21:52:27,427] INFO [UnifiedLog partition=__consumer_offsets-43, dir=/tmp/kafka-logs] Truncating to 0 has no effect as the largest offset in the log is -1 (kafka.log.UnifiedLog)
kafka-2-1  | 2026-09-21T21:52:27.428491117Z [2026-09-21 21:52:27,428] INFO [ReplicaFetcher replicaId=2, leaderId=3, fetcherId=0] Truncating partition __consumer_offsets-11 with TruncationState(offset=0, completed=true) due to local high watermark 0 (kafka.server.ReplicaFetcherThread)
kafka-2-1  | 2026-09-21T21:52:27.428554918Z [2026-09-21 21:52:27,428] INFO [UnifiedLog partition=__consumer_offsets-11, dir=/tmp/kafka-logs] Truncating to 0 has no effect as the largest offset in the log is -1 (kafka.log.UnifiedLog)
kafka-2-1  | 2026-09-21T21:52:27.431832672Z [2026-09-21 21:52:27,428] INFO [ReplicaFetcher replicaId=2, leaderId=3, fetcherId=0] Truncating partition __consumer_offsets-22 with TruncationState(offset=0, completed=true) due to local high watermark 0 (kafka.server.ReplicaFetcherThread)
kafka-2-1  | 2026-09-21T21:52:27.434563417Z [2026-09-21 21:52:27,428] INFO [UnifiedLog partition=__consumer_offsets-22, dir=/tmp/kafka-logs] Truncating to 0 has no effect as the largest offset in the log is -1 (kafka.log.UnifiedLog)
kafka-2-1  | 2026-09-21T21:52:27.434584618Z [2026-09-21 21:52:27,429] INFO [ReplicaFetcher replicaId=2, leaderId=3, fetcherId=0] Truncating partition __consumer_offsets-17 with TruncationState(offset=0, completed=true) due to local high watermark 0 (kafka.server.ReplicaFetcherThread)
kafka-2-1  | 2026-09-21T21:52:27.434590518Z [2026-09-21 21:52:27,431] INFO [UnifiedLog partition=__consumer_offsets-17, dir=/tmp/kafka-logs] Truncating to 0 has no effect as the largest offset in the log is -1 (kafka.log.UnifiedLog)
kafka-2-1  | 2026-09-21T21:52:27.434594918Z [2026-09-21 21:52:27,432] INFO [ReplicaFetcher replicaId=2, leaderId=3, fetcherId=0] Truncating partition __consumer_offsets-49 with TruncationState(offset=0, completed=true) due to local high watermark 0 (kafka.server.ReplicaFetcherThread)
kafka-2-1  | 2026-09-21T21:52:27.434599818Z [2026-09-21 21:52:27,432] INFO [UnifiedLog partition=__consumer_offsets-49, dir=/tmp/kafka-logs] Truncating to 0 has no effect as the largest offset in the log is -1 (kafka.log.UnifiedLog)
kafka-2-1  | 2026-09-21T21:52:27.434604218Z [2026-09-21 21:52:27,432] INFO [ReplicaFetcher replicaId=2, leaderId=3, fetcherId=0] Truncating partition __consumer_offsets-18 with TruncationState(offset=0, completed=true) due to local high watermark 0 (kafka.server.ReplicaFetcherThread)
kafka-2-1  | 2026-09-21T21:52:27.434608918Z [2026-09-21 21:52:27,432] INFO [UnifiedLog partition=__consumer_offsets-18, dir=/tmp/kafka-logs] Truncating to 0 has no effect as the largest offset in the log is -1 (kafka.log.UnifiedLog)
kafka-2-1  | 2026-09-21T21:52:27.434613418Z [2026-09-21 21:52:27,433] INFO [ReplicaFetcher replicaId=2, leaderId=3, fetcherId=0] Truncating partition __consumer_offsets-31 with TruncationState(offset=0, completed=true) due to local high watermark 0 (kafka.server.ReplicaFetcherThread)
kafka-2-1  | 2026-09-21T21:52:27.434618018Z [2026-09-21 21:52:27,433] INFO [UnifiedLog partition=__consumer_offsets-31, dir=/tmp/kafka-logs] Truncating to 0 has no effect as the largest offset in the log is -1 (kafka.log.UnifiedLog)
kafka-2-1  | 2026-09-21T21:52:27.434640419Z [2026-09-21 21:52:27,433] INFO [ReplicaFetcher replicaId=2, leaderId=3, fetcherId=0] Truncating partition __consumer_offsets-29 with TruncationState(offset=0, completed=true) due to local high watermark 0 (kafka.server.ReplicaFetcherThread)
kafka-2-1  | 2026-09-21T21:52:27.434645819Z [2026-09-21 21:52:27,433] INFO [UnifiedLog partition=__consumer_offsets-29, dir=/tmp/kafka-logs] Truncating to 0 has no effect as the largest offset in the log is -1 (kafka.log.UnifiedLog)
kafka-2-1  | 2026-09-21T21:52:27.434650319Z [2026-09-21 21:52:27,434] INFO [ReplicaFetcher replicaId=2, leaderId=3, fetcherId=0] Truncating partition __consumer_offsets-25 with TruncationState(offset=0, completed=true) due to local high watermark 0 (kafka.server.ReplicaFetcherThread)
kafka-2-1  | 2026-09-21T21:52:27.434654819Z [2026-09-21 21:52:27,434] INFO [UnifiedLog partition=__consumer_offsets-25, dir=/tmp/kafka-logs] Truncating to 0 has no effect as the largest offset in the log is -1 (kafka.log.UnifiedLog)
kafka-2-1  | 2026-09-21T21:52:27.437191961Z [2026-09-21 21:52:27,434] INFO [ReplicaFetcher replicaId=2, leaderId=3, fetcherId=0] Truncating partition __consumer_offsets-39 with TruncationState(offset=0, completed=true) due to local high watermark 0 (kafka.server.ReplicaFetcherThread)
kafka-2-1  | 2026-09-21T21:52:27.438066775Z [2026-09-21 21:52:27,437] INFO [UnifiedLog partition=__consumer_offsets-39, dir=/tmp/kafka-logs] Truncating to 0 has no effect as the largest offset in the log is -1 (kafka.log.UnifiedLog)
kafka-2-1  | 2026-09-21T21:52:27.439340596Z [2026-09-21 21:52:27,438] INFO [ReplicaFetcher replicaId=2, leaderId=3, fetcherId=0] Truncating partition __consumer_offsets-38 with TruncationState(offset=0, completed=true) due to local high watermark 0 (kafka.server.ReplicaFetcherThread)
kafka-2-1  | 2026-09-21T21:52:27.439365397Z [2026-09-21 21:52:27,438] INFO [UnifiedLog partition=__consumer_offsets-38, dir=/tmp/kafka-logs] Truncating to 0 has no effect as the largest offset in the log is -1 (kafka.log.UnifiedLog)
kafka-2-1  | 2026-09-21T21:52:27.439371397Z [2026-09-21 21:52:27,439] INFO [ReplicaFetcher replicaId=2, leaderId=3, fetcherId=0] Truncating partition __consumer_offsets-6 with TruncationState(offset=0, completed=true) due to local high watermark 0 (kafka.server.ReplicaFetcherThread)
kafka-2-1  | 2026-09-21T21:52:27.439739103Z [2026-09-21 21:52:27,439] INFO [UnifiedLog partition=__consumer_offsets-6, dir=/tmp/kafka-logs] Truncating to 0 has no effect as the largest offset in the log is -1 (kafka.log.UnifiedLog)
kafka-2-1  | 2026-09-21T21:52:27.440033508Z [2026-09-21 21:52:27,439] INFO [ReplicaFetcher replicaId=2, leaderId=3, fetcherId=0] Truncating partition __consumer_offsets-4 with TruncationState(offset=0, completed=true) due to local high watermark 0 (kafka.server.ReplicaFetcherThread)
kafka-2-1  | 2026-09-21T21:52:27.440824521Z [2026-09-21 21:52:27,439] INFO [UnifiedLog partition=__consumer_offsets-4, dir=/tmp/kafka-logs] Truncating to 0 has no effect as the largest offset in the log is -1 (kafka.log.UnifiedLog)
kafka-2-1  | 2026-09-21T21:52:27.440896022Z [2026-09-21 21:52:27,440] INFO [ReplicaFetcher replicaId=2, leaderId=3, fetcherId=0] Truncating partition __consumer_offsets-33 with TruncationState(offset=0, completed=true) due to local high watermark 0 (kafka.server.ReplicaFetcherThread)
kafka-2-1  | 2026-09-21T21:52:27.440924423Z [2026-09-21 21:52:27,440] INFO [UnifiedLog partition=__consumer_offsets-33, dir=/tmp/kafka-logs] Truncating to 0 has no effect as the largest offset in the log is -1 (kafka.log.UnifiedLog)
kafka-2-1  | 2026-09-21T21:52:27.440954623Z [2026-09-21 21:52:27,440] INFO [ReplicaFetcher replicaId=2, leaderId=3, fetcherId=0] Truncating partition __consumer_offsets-2 with TruncationState(offset=0, completed=true) due to local high watermark 0 (kafka.server.ReplicaFetcherThread)
kafka-2-1  | 2026-09-21T21:52:27.441319429Z [2026-09-21 21:52:27,440] INFO [UnifiedLog partition=__consumer_offsets-2, dir=/tmp/kafka-logs] Truncating to 0 has no effect as the largest offset in the log is -1 (kafka.log.UnifiedLog)
kafka-2-1  | 2026-09-21T21:59:32.925026162Z ===> User
kafka-2-1  | 2026-09-21T21:59:32.925947643Z uid=1000(appuser) gid=1000(appuser) groups=1000(appuser)
kafka-2-1  | 2026-09-21T21:59:32.926250869Z ===> Setting default values of environment variables if not already set.
kafka-2-1  | 2026-09-21T21:59:32.926526493Z ===> Configuring ...
kafka-2-1  | 2026-09-21T21:59:32.926692908Z Running in KRaft mode...
kafka-2-1  | 2026-09-21T21:59:32.927310662Z ===> Launching ... 
kafka-2-1  | 2026-09-21T21:59:32.929555559Z ===> Using provided cluster id 5L6g3nShT-eMCtK--X86sw ...
kafka-2-1  | 2026-09-21T21:59:34.143126411Z Log directory /tmp/kafka-logs is already formatted. Use --ignore-formatted to ignore this directory and format the others.
kafka-2-1  | 2026-09-21T21:59:34.872922146Z [2026-09-21 21:59:34,872] INFO Registered kafka:type=kafka.Log4jController MBean (kafka.utils.Log4jControllerRegistration$)
kafka-2-1  | 2026-09-21T21:59:34.940274591Z [2026-09-21 21:59:34,939] INFO Setting -D jdk.tls.rejectClientInitiatedRenegotiation=true to disable client-initiated TLS renegotiation (org.apache.zookeeper.common.X509Util)
kafka-2-1  | 2026-09-21T21:59:34.944463561Z [2026-09-21 21:59:34,944] INFO RemoteLogManagerConfig values: 
kafka-2-1  | 2026-09-21T21:59:34.944490163Z 	log.local.retention.bytes = -2
kafka-2-1  | 2026-09-21T21:59:34.944493064Z 	log.local.retention.ms = -2
kafka-2-1  | 2026-09-21T21:59:34.944494964Z 	remote.fetch.max.wait.ms = 500
kafka-2-1  | 2026-09-21T21:59:34.944496764Z 	remote.log.index.file.cache.total.size.bytes = 1073741824
kafka-2-1  | 2026-09-21T21:59:34.944498564Z 	remote.log.manager.copier.thread.pool.size = 10
kafka-2-1  | 2026-09-21T21:59:34.944500264Z 	remote.log.manager.copy.max.bytes.per.second = 9223372036854775807
kafka-2-1  | 2026-09-21T21:59:34.944502064Z 	remote.log.manager.copy.quota.window.num = 11
kafka-2-1  | 2026-09-21T21:59:34.944503765Z 	remote.log.manager.copy.quota.window.size.seconds = 1
kafka-2-1  | 2026-09-21T21:59:34.944505465Z 	remote.log.manager.expiration.thread.pool.size = 10
kafka-2-1  | 2026-09-21T21:59:34.944507165Z 	remote.log.manager.fetch.max.bytes.per.second = 9223372036854775807
kafka-2-1  | 2026-09-21T21:59:34.944508965Z 	remote.log.manager.fetch.quota.window.num = 11
kafka-2-1  | 2026-09-21T21:59:34.944510765Z 	remote.log.manager.fetch.quota.window.size.seconds = 1
kafka-2-1  | 2026-09-21T21:59:34.944512465Z 	remote.log.manager.task.interval.ms = 30000
kafka-2-1  | 2026-09-21T21:59:34.944514266Z 	remote.log.manager.task.retry.backoff.max.ms = 30000
kafka-2-1  | 2026-09-21T21:59:34.944515966Z 	remote.log.manager.task.retry.backoff.ms = 500
kafka-2-1  | 2026-09-21T21:59:34.944527367Z 	remote.log.manager.task.retry.jitter = 0.2
kafka-2-1  | 2026-09-21T21:59:34.944528867Z 	remote.log.manager.thread.pool.size = 10
kafka-2-1  | 2026-09-21T21:59:34.944530167Z 	remote.log.metadata.custom.metadata.max.bytes = 128
kafka-2-1  | 2026-09-21T21:59:34.944531467Z 	remote.log.metadata.manager.class.name = org.apache.kafka.server.log.remote.metadata.storage.TopicBasedRemoteLogMetadataManager
kafka-2-1  | 2026-09-21T21:59:34.944532967Z 	remote.log.metadata.manager.class.path = null
kafka-2-1  | 2026-09-21T21:59:34.944534167Z 	remote.log.metadata.manager.impl.prefix = rlmm.config.
kafka-2-1  | 2026-09-21T21:59:34.944539568Z 	remote.log.metadata.manager.listener.name = null
kafka-2-1  | 2026-09-21T21:59:34.944540968Z 	remote.log.reader.max.pending.tasks = 100
kafka-2-1  | 2026-09-21T21:59:34.944542168Z 	remote.log.reader.threads = 10
kafka-2-1  | 2026-09-21T21:59:34.944543368Z 	remote.log.storage.manager.class.name = null
kafka-2-1  | 2026-09-21T21:59:34.944544568Z 	remote.log.storage.manager.class.path = null
kafka-2-1  | 2026-09-21T21:59:34.944545768Z 	remote.log.storage.manager.impl.prefix = rsm.config.
kafka-2-1  | 2026-09-21T21:59:34.944547068Z 	remote.log.storage.system.enable = false
kafka-2-1  | 2026-09-21T21:59:34.944548369Z  (org.apache.kafka.server.log.remote.storage.RemoteLogManagerConfig)
kafka-2-1  | 2026-09-21T21:59:35.014954883Z [2026-09-21 21:59:35,014] INFO RemoteLogManagerConfig values: 
kafka-2-1  | 2026-09-21T21:59:35.014974685Z 	log.local.retention.bytes = -2
kafka-2-1  | 2026-09-21T21:59:35.014977085Z 	log.local.retention.ms = -2
kafka-2-1  | 2026-09-21T21:59:35.014978386Z 	remote.fetch.max.wait.ms = 500
kafka-2-1  | 2026-09-21T21:59:35.014979686Z 	remote.log.index.file.cache.total.size.bytes = 1073741824
kafka-2-1  | 2026-09-21T21:59:35.014980986Z 	remote.log.manager.copier.thread.pool.size = 10
kafka-2-1  | 2026-09-21T21:59:35.014982286Z 	remote.log.manager.copy.max.bytes.per.second = 9223372036854775807
kafka-2-1  | 2026-09-21T21:59:35.014983586Z 	remote.log.manager.copy.quota.window.num = 11
kafka-2-1  | 2026-09-21T21:59:35.014984786Z 	remote.log.manager.copy.quota.window.size.seconds = 1
kafka-2-1  | 2026-09-21T21:59:35.014985986Z 	remote.log.manager.expiration.thread.pool.size = 10
kafka-2-1  | 2026-09-21T21:59:35.014987086Z 	remote.log.manager.fetch.max.bytes.per.second = 9223372036854775807
kafka-2-1  | 2026-09-21T21:59:35.014988386Z 	remote.log.manager.fetch.quota.window.num = 11
kafka-2-1  | 2026-09-21T21:59:35.014989487Z 	remote.log.manager.fetch.quota.window.size.seconds = 1
kafka-2-1  | 2026-09-21T21:59:35.014990687Z 	remote.log.manager.task.interval.ms = 30000
kafka-2-1  | 2026-09-21T21:59:35.014992187Z 	remote.log.manager.task.retry.backoff.max.ms = 30000
kafka-2-1  | 2026-09-21T21:59:35.014993387Z 	remote.log.manager.task.retry.backoff.ms = 500
kafka-2-1  | 2026-09-21T21:59:35.014994587Z 	remote.log.manager.task.retry.jitter = 0.2
kafka-2-1  | 2026-09-21T21:59:35.014995787Z 	remote.log.manager.thread.pool.size = 10
kafka-2-1  | 2026-09-21T21:59:35.014996887Z 	remote.log.metadata.custom.metadata.max.bytes = 128
kafka-2-1  | 2026-09-21T21:59:35.015009388Z 	remote.log.metadata.manager.class.name = org.apache.kafka.server.log.remote.metadata.storage.TopicBasedRemoteLogMetadataManager
kafka-2-1  | 2026-09-21T21:59:35.015010988Z 	remote.log.metadata.manager.class.path = null
kafka-2-1  | 2026-09-21T21:59:35.015012189Z 	remote.log.metadata.manager.impl.prefix = rlmm.config.
kafka-2-1  | 2026-09-21T21:59:35.015013489Z 	remote.log.metadata.manager.listener.name = null
kafka-2-1  | 2026-09-21T21:59:35.015014589Z 	remote.log.reader.max.pending.tasks = 100
kafka-2-1  | 2026-09-21T21:59:35.015015789Z 	remote.log.reader.threads = 10
kafka-2-1  | 2026-09-21T21:59:35.015016989Z 	remote.log.storage.manager.class.name = null
kafka-2-1  | 2026-09-21T21:59:35.015018089Z 	remote.log.storage.manager.class.path = null
kafka-2-1  | 2026-09-21T21:59:35.015019389Z 	remote.log.storage.manager.impl.prefix = rsm.config.
kafka-2-1  | 2026-09-21T21:59:35.015020589Z 	remote.log.storage.system.enable = false
kafka-2-1  | 2026-09-21T21:59:35.015036891Z  (org.apache.kafka.server.log.remote.storage.RemoteLogManagerConfig)
kafka-2-1  | 2026-09-21T21:59:35.022049010Z [2026-09-21 21:59:35,021] INFO RemoteLogManagerConfig values: 
kafka-2-1  | 2026-09-21T21:59:35.022066711Z 	log.local.retention.bytes = -2
kafka-2-1  | 2026-09-21T21:59:35.022068911Z 	log.local.retention.ms = -2
kafka-2-1  | 2026-09-21T21:59:35.022070212Z 	remote.fetch.max.wait.ms = 500
kafka-2-1  | 2026-09-21T21:59:35.022071412Z 	remote.log.index.file.cache.total.size.bytes = 1073741824
kafka-2-1  | 2026-09-21T21:59:35.022072712Z 	remote.log.manager.copier.thread.pool.size = 10
kafka-2-1  | 2026-09-21T21:59:35.022073812Z 	remote.log.manager.copy.max.bytes.per.second = 9223372036854775807
kafka-2-1  | 2026-09-21T21:59:35.022075112Z 	remote.log.manager.copy.quota.window.num = 11
kafka-2-1  | 2026-09-21T21:59:35.022076212Z 	remote.log.manager.copy.quota.window.size.seconds = 1
kafka-2-1  | 2026-09-21T21:59:35.022077412Z 	remote.log.manager.expiration.thread.pool.size = 10
kafka-2-1  | 2026-09-21T21:59:35.022078612Z 	remote.log.manager.fetch.max.bytes.per.second = 9223372036854775807
kafka-2-1  | 2026-09-21T21:59:35.022079712Z 	remote.log.manager.fetch.quota.window.num = 11
kafka-2-1  | 2026-09-21T21:59:35.022080912Z 	remote.log.manager.fetch.quota.window.size.seconds = 1
kafka-2-1  | 2026-09-21T21:59:35.022082113Z 	remote.log.manager.task.interval.ms = 30000
kafka-2-1  | 2026-09-21T21:59:35.022083213Z 	remote.log.manager.task.retry.backoff.max.ms = 30000
kafka-2-1  | 2026-09-21T21:59:35.022084413Z 	remote.log.manager.task.retry.backoff.ms = 500
kafka-2-1  | 2026-09-21T21:59:35.022085513Z 	remote.log.manager.task.retry.jitter = 0.2
kafka-2-1  | 2026-09-21T21:59:35.022086713Z 	remote.log.manager.thread.pool.size = 10
kafka-2-1  | 2026-09-21T21:59:35.022087813Z 	remote.log.metadata.custom.metadata.max.bytes = 128
kafka-2-1  | 2026-09-21T21:59:35.022089013Z 	remote.log.metadata.manager.class.name = org.apache.kafka.server.log.remote.metadata.storage.TopicBasedRemoteLogMetadataManager
kafka-2-1  | 2026-09-21T21:59:35.022090313Z 	remote.log.metadata.manager.class.path = null
kafka-2-1  | 2026-09-21T21:59:35.022098314Z 	remote.log.metadata.manager.impl.prefix = rlmm.config.
kafka-2-1  | 2026-09-21T21:59:35.022099914Z 	remote.log.metadata.manager.listener.name = null
kafka-2-1  | 2026-09-21T21:59:35.022101014Z 	remote.log.reader.max.pending.tasks = 100
kafka-2-1  | 2026-09-21T21:59:35.022102214Z 	remote.log.reader.threads = 10
kafka-2-1  | 2026-09-21T21:59:35.022103314Z 	remote.log.storage.manager.class.name = null
kafka-2-1  | 2026-09-21T21:59:35.022104515Z 	remote.log.storage.manager.class.path = null
kafka-2-1  | 2026-09-21T21:59:35.022105615Z 	remote.log.storage.manager.impl.prefix = rsm.config.
kafka-2-1  | 2026-09-21T21:59:35.022106815Z 	remote.log.storage.system.enable = false
kafka-2-1  | 2026-09-21T21:59:35.022108015Z  (org.apache.kafka.server.log.remote.storage.RemoteLogManagerConfig)
kafka-2-1  | 2026-09-21T21:59:35.038407954Z [2026-09-21 21:59:35,038] INFO Registered signal handlers for TERM, INT, HUP (org.apache.kafka.common.utils.LoggingSignalHandler)
kafka-2-1  | 2026-09-21T21:59:35.040791564Z [2026-09-21 21:59:35,040] INFO [ControllerServer id=2] Starting controller (kafka.server.ControllerServer)
kafka-2-1  | 2026-09-21T21:59:35.043840533Z [2026-09-21 21:59:35,043] INFO RemoteLogManagerConfig values: 
kafka-2-1  | 2026-09-21T21:59:35.043859835Z 	log.local.retention.bytes = -2
kafka-2-1  | 2026-09-21T21:59:35.043862335Z 	log.local.retention.ms = -2
kafka-2-1  | 2026-09-21T21:59:35.043863635Z 	remote.fetch.max.wait.ms = 500
kafka-2-1  | 2026-09-21T21:59:35.043864935Z 	remote.log.index.file.cache.total.size.bytes = 1073741824
kafka-2-1  | 2026-09-21T21:59:35.043866135Z 	remote.log.manager.copier.thread.pool.size = 10
kafka-2-1  | 2026-09-21T21:59:35.043867436Z 	remote.log.manager.copy.max.bytes.per.second = 9223372036854775807
kafka-2-1  | 2026-09-21T21:59:35.043868736Z 	remote.log.manager.copy.quota.window.num = 11
kafka-2-1  | 2026-09-21T21:59:35.043869936Z 	remote.log.manager.copy.quota.window.size.seconds = 1
kafka-2-1  | 2026-09-21T21:59:35.043871236Z 	remote.log.manager.expiration.thread.pool.size = 10
kafka-2-1  | 2026-09-21T21:59:35.043872436Z 	remote.log.manager.fetch.max.bytes.per.second = 9223372036854775807
kafka-2-1  | 2026-09-21T21:59:35.043873636Z 	remote.log.manager.fetch.quota.window.num = 11
kafka-2-1  | 2026-09-21T21:59:35.043875236Z 	remote.log.manager.fetch.quota.window.size.seconds = 1
kafka-2-1  | 2026-09-21T21:59:35.043876536Z 	remote.log.manager.task.interval.ms = 30000
kafka-2-1  | 2026-09-21T21:59:35.043877837Z 	remote.log.manager.task.retry.backoff.max.ms = 30000
kafka-2-1  | 2026-09-21T21:59:35.043879037Z 	remote.log.manager.task.retry.backoff.ms = 500
kafka-2-1  | 2026-09-21T21:59:35.043880237Z 	remote.log.manager.task.retry.jitter = 0.2
kafka-2-1  | 2026-09-21T21:59:35.043881437Z 	remote.log.manager.thread.pool.size = 10
kafka-2-1  | 2026-09-21T21:59:35.043882637Z 	remote.log.metadata.custom.metadata.max.bytes = 128
kafka-2-1  | 2026-09-21T21:59:35.043883937Z 	remote.log.metadata.manager.class.name = org.apache.kafka.server.log.remote.metadata.storage.TopicBasedRemoteLogMetadataManager
kafka-2-1  | 2026-09-21T21:59:35.043896038Z 	remote.log.metadata.manager.class.path = null
kafka-2-1  | 2026-09-21T21:59:35.043897438Z 	remote.log.metadata.manager.impl.prefix = rlmm.config.
kafka-2-1  | 2026-09-21T21:59:35.043898738Z 	remote.log.metadata.manager.listener.name = null
kafka-2-1  | 2026-09-21T21:59:35.043899938Z 	remote.log.reader.max.pending.tasks = 100
kafka-2-1  | 2026-09-21T21:59:35.043901139Z 	remote.log.reader.threads = 10
kafka-2-1  | 2026-09-21T21:59:35.043902339Z 	remote.log.storage.manager.class.name = null
kafka-2-1  | 2026-09-21T21:59:35.043903539Z 	remote.log.storage.manager.class.path = null
kafka-2-1  | 2026-09-21T21:59:35.043904739Z 	remote.log.storage.manager.impl.prefix = rsm.config.
kafka-2-1  | 2026-09-21T21:59:35.043905939Z 	remote.log.storage.system.enable = false
kafka-2-1  | 2026-09-21T21:59:35.043907139Z  (org.apache.kafka.server.log.remote.storage.RemoteLogManagerConfig)
kafka-2-1  | 2026-09-21T21:59:35.198150054Z [2026-09-21 21:59:35,197] INFO Updated connection-accept-rate max connection creation rate to 2147483647 (kafka.network.ConnectionQuotas)
kafka-2-1  | 2026-09-21T21:59:35.216164845Z [2026-09-21 21:59:35,215] INFO [SocketServer listenerType=CONTROLLER, nodeId=2] Created data-plane acceptor and processors for endpoint : ListenerName(CONTROLLER) (kafka.network.SocketServer)
kafka-2-1  | 2026-09-21T21:59:35.220886461Z [2026-09-21 21:59:35,220] INFO authorizerStart completed for endpoint CONTROLLER. Endpoint is now READY. (org.apache.kafka.server.network.EndpointReadyFutures)
kafka-2-1  | 2026-09-21T21:59:35.221502516Z [2026-09-21 21:59:35,221] INFO [SharedServer id=2] Starting SharedServer (kafka.server.SharedServer)
kafka-2-1  | 2026-09-21T21:59:35.225933407Z [2026-09-21 21:59:35,223] INFO RemoteLogManagerConfig values: 
kafka-2-1  | 2026-09-21T21:59:35.225966310Z 	log.local.retention.bytes = -2
kafka-2-1  | 2026-09-21T21:59:35.225969010Z 	log.local.retention.ms = -2
kafka-2-1  | 2026-09-21T21:59:35.225970310Z 	remote.fetch.max.wait.ms = 500
kafka-2-1  | 2026-09-21T21:59:35.225971410Z 	remote.log.index.file.cache.total.size.bytes = 1073741824
kafka-2-1  | 2026-09-21T21:59:35.225972610Z 	remote.log.manager.copier.thread.pool.size = 10
kafka-2-1  | 2026-09-21T21:59:35.225973910Z 	remote.log.manager.copy.max.bytes.per.second = 9223372036854775807
kafka-2-1  | 2026-09-21T21:59:35.225975111Z 	remote.log.manager.copy.quota.window.num = 11
kafka-2-1  | 2026-09-21T21:59:35.225976311Z 	remote.log.manager.copy.quota.window.size.seconds = 1
kafka-2-1  | 2026-09-21T21:59:35.225977511Z 	remote.log.manager.expiration.thread.pool.size = 10
kafka-2-1  | 2026-09-21T21:59:35.225978711Z 	remote.log.manager.fetch.max.bytes.per.second = 9223372036854775807
kafka-2-1  | 2026-09-21T21:59:35.225979911Z 	remote.log.manager.fetch.quota.window.num = 11
kafka-2-1  | 2026-09-21T21:59:35.225981011Z 	remote.log.manager.fetch.quota.window.size.seconds = 1
kafka-2-1  | 2026-09-21T21:59:35.225982111Z 	remote.log.manager.task.interval.ms = 30000
kafka-2-1  | 2026-09-21T21:59:35.225983411Z 	remote.log.manager.task.retry.backoff.max.ms = 30000
kafka-2-1  | 2026-09-21T21:59:35.226663471Z 	remote.log.manager.task.retry.backoff.ms = 500
kafka-2-1  | 2026-09-21T21:59:35.226693374Z 	remote.log.manager.task.retry.jitter = 0.2
kafka-2-1  | 2026-09-21T21:59:35.226695574Z 	remote.log.manager.thread.pool.size = 10
kafka-2-1  | 2026-09-21T21:59:35.226696674Z 	remote.log.metadata.custom.metadata.max.bytes = 128
kafka-2-1  | 2026-09-21T21:59:35.226698174Z 	remote.log.metadata.manager.class.name = org.apache.kafka.server.log.remote.metadata.storage.TopicBasedRemoteLogMetadataManager
kafka-2-1  | 2026-09-21T21:59:35.226699474Z 	remote.log.metadata.manager.class.path = null
kafka-2-1  | 2026-09-21T21:59:35.226700575Z 	remote.log.metadata.manager.impl.prefix = rlmm.config.
kafka-2-1  | 2026-09-21T21:59:35.226701875Z 	remote.log.metadata.manager.listener.name = null
kafka-2-1  | 2026-09-21T21:59:35.226703175Z 	remote.log.reader.max.pending.tasks = 100
kafka-2-1  | 2026-09-21T21:59:35.226704375Z 	remote.log.reader.threads = 10
kafka-2-1  | 2026-09-21T21:59:35.226705575Z 	remote.log.storage.manager.class.name = null
kafka-2-1  | 2026-09-21T21:59:35.226706675Z 	remote.log.storage.manager.class.path = null
kafka-2-1  | 2026-09-21T21:59:35.226707875Z 	remote.log.storage.manager.impl.prefix = rsm.config.
kafka-2-1  | 2026-09-21T21:59:35.226709075Z 	remote.log.storage.system.enable = false
kafka-2-1  | 2026-09-21T21:59:35.226710275Z  (org.apache.kafka.server.log.remote.storage.RemoteLogManagerConfig)
kafka-2-1  | 2026-09-21T21:59:35.255121883Z [2026-09-21 21:59:35,254] INFO [LogLoader partition=__cluster_metadata-0, dir=/tmp/kafka-logs] Recovering unflushed segment 0. 0/1 recovered for __cluster_metadata-0. (kafka.log.LogLoader)
kafka-2-1  | 2026-09-21T21:59:35.256218480Z [2026-09-21 21:59:35,256] INFO [LogLoader partition=__cluster_metadata-0, dir=/tmp/kafka-logs] Loading producer state till offset 0 with message format version 2 (kafka.log.UnifiedLog$)
kafka-2-1  | 2026-09-21T21:59:35.256870238Z [2026-09-21 21:59:35,256] INFO [LogLoader partition=__cluster_metadata-0, dir=/tmp/kafka-logs] Reloading from producer snapshot and rebuilding producer state from offset 0 (kafka.log.UnifiedLog$)
kafka-2-1  | 2026-09-21T21:59:35.257313077Z [2026-09-21 21:59:35,256] INFO [LogLoader partition=__cluster_metadata-0, dir=/tmp/kafka-logs] Producer state recovery took 0ms for snapshot load and 0ms for segment recovery from offset 0 (kafka.log.UnifiedLog$)
kafka-2-1  | 2026-09-21T21:59:35.318007734Z [2026-09-21 21:59:35,317] INFO [ProducerStateManager partition=__cluster_metadata-0] Wrote producer snapshot at offset 870 with 0 producer ids in 7 ms. (org.apache.kafka.storage.internals.log.ProducerStateManager)
kafka-2-1  | 2026-09-21T21:59:35.325461392Z [2026-09-21 21:59:35,324] INFO [LogLoader partition=__cluster_metadata-0, dir=/tmp/kafka-logs] Loading producer state till offset 870 with message format version 2 (kafka.log.UnifiedLog$)
kafka-2-1  | 2026-09-21T21:59:35.326377573Z [2026-09-21 21:59:35,325] INFO [LogLoader partition=__cluster_metadata-0, dir=/tmp/kafka-logs] Reloading from producer snapshot and rebuilding producer state from offset 870 (kafka.log.UnifiedLog$)
kafka-2-1  | 2026-09-21T21:59:35.326389674Z [2026-09-21 21:59:35,325] INFO [ProducerStateManager partition=__cluster_metadata-0] Loading producer state from snapshot file 'SnapshotFile(offset=870, file=/tmp/kafka-logs/__cluster_metadata-0/00000000000000000870.snapshot)' (org.apache.kafka.storage.internals.log.ProducerStateManager)
kafka-2-1  | 2026-09-21T21:59:35.328389651Z [2026-09-21 21:59:35,327] INFO [LogLoader partition=__cluster_metadata-0, dir=/tmp/kafka-logs] Producer state recovery took 2ms for snapshot load and 0ms for segment recovery from offset 870 (kafka.log.UnifiedLog$)
kafka-2-1  | 2026-09-21T21:59:35.339239209Z [2026-09-21 21:59:35,338] INFO Initialized snapshots with IDs SortedSet() from /tmp/kafka-logs/__cluster_metadata-0 (kafka.raft.KafkaMetadataLog$)
kafka-2-1  | 2026-09-21T21:59:35.349078277Z [2026-09-21 21:59:35,348] INFO [raft-expiration-reaper]: Starting (kafka.raft.TimingWheelExpirationService$ExpiredOperationReaper)
kafka-2-1  | 2026-09-21T21:59:35.353353754Z [2026-09-21 21:59:35,352] INFO [RaftManager id=2] Reading KRaft snapshot and log as part of the initialization (org.apache.kafka.raft.KafkaRaftClient)
kafka-2-1  | 2026-09-21T21:59:35.385144561Z [2026-09-21 21:59:35,384] INFO [RaftManager id=2] Starting request manager with static voters: [kafka-1:9093 (id: 1 rack: null), kafka-2:9093 (id: 2 rack: null), kafka-3:9093 (id: 3 rack: null)] (org.apache.kafka.raft.KafkaRaftClient)
kafka-2-1  | 2026-09-21T21:59:35.421591578Z [2026-09-21 21:59:35,421] INFO [RaftManager id=2] Completed transition to ResignedState(localId=2, epoch=1, voters=[1, 2, 3], electionTimeoutMs=1084, unackedVoters=[1, 3], preferredSuccessors=[]) from null (org.apache.kafka.raft.QuorumState)
kafka-2-1  | 2026-09-21T21:59:35.422318242Z [2026-09-21 21:59:35,422] INFO [kafka-2-raft-outbound-request-thread]: Starting (org.apache.kafka.raft.KafkaNetworkChannel$SendThread)
kafka-2-1  | 2026-09-21T21:59:35.422449254Z [2026-09-21 21:59:35,422] INFO [kafka-2-raft-io-thread]: Starting (org.apache.kafka.raft.KafkaRaftClientDriver)
kafka-2-1  | 2026-09-21T21:59:35.431678268Z [2026-09-21 21:59:35,431] INFO [MetadataLoader id=2] initializeNewPublishers: the loader is still catching up because we still don't know the high water mark yet. (org.apache.kafka.image.loader.MetadataLoader)
kafka-2-1  | 2026-09-21T21:59:35.432039800Z [2026-09-21 21:59:35,431] INFO [ControllerServer id=2] Waiting for controller quorum voters future (kafka.server.ControllerServer)
kafka-2-1  | 2026-09-21T21:59:35.432169112Z [2026-09-21 21:59:35,432] INFO [ControllerServer id=2] Finished waiting for controller quorum voters future (kafka.server.ControllerServer)
kafka-2-1  | 2026-09-21T21:59:35.435057567Z [2026-09-21 21:59:35,434] INFO [RaftManager id=2] Registered the listener org.apache.kafka.image.loader.MetadataLoader@1882137651 (org.apache.kafka.raft.KafkaRaftClient)
kafka-2-1  | 2026-09-21T21:59:35.440994991Z [2026-09-21 21:59:35,440] INFO [RaftManager id=2] Registered the listener org.apache.kafka.controller.QuorumController$QuorumMetaLogListener@1645741966 (org.apache.kafka.raft.KafkaRaftClient)
kafka-2-1  | 2026-09-21T21:59:35.443661526Z [2026-09-21 21:59:35,443] INFO [controller-2-ThrottledChannelReaper-Fetch]: Starting (kafka.server.ClientQuotaManager$ThrottledChannelReaper)
kafka-2-1  | 2026-09-21T21:59:35.444296282Z [2026-09-21 21:59:35,443] INFO [controller-2-ThrottledChannelReaper-Produce]: Starting (kafka.server.ClientQuotaManager$ThrottledChannelReaper)
kafka-2-1  | 2026-09-21T21:59:35.444543104Z [2026-09-21 21:59:35,444] INFO [controller-2-ThrottledChannelReaper-Request]: Starting (kafka.server.ClientQuotaManager$ThrottledChannelReaper)
kafka-2-1  | 2026-09-21T21:59:35.447447860Z [2026-09-21 21:59:35,447] INFO [controller-2-ThrottledChannelReaper-ControllerMutation]: Starting (kafka.server.ClientQuotaManager$ThrottledChannelReaper)
kafka-2-1  | 2026-09-21T21:59:35.454863015Z [2026-09-21 21:59:35,454] INFO [ExpirationReaper-2-AlterAcls]: Starting (kafka.server.DelayedOperationPurgatory$ExpiredOperationReaper)
kafka-2-1  | 2026-09-21T21:59:35.460635824Z [2026-09-21 21:59:35,460] INFO [ControllerServer id=2] Waiting for the controller metadata publishers to be installed (kafka.server.ControllerServer)
kafka-2-1  | 2026-09-21T21:59:35.460904548Z [2026-09-21 21:59:35,460] INFO [ControllerServer id=2] Finished waiting for the controller metadata publishers to be installed (kafka.server.ControllerServer)
kafka-2-1  | 2026-09-21T21:59:35.461579808Z [2026-09-21 21:59:35,461] INFO [SocketServer listenerType=CONTROLLER, nodeId=2] Enabling request processing. (kafka.network.SocketServer)
kafka-2-1  | 2026-09-21T21:59:35.462754411Z [2026-09-21 21:59:35,460] INFO [MetadataLoader id=2] initializeNewPublishers: the loader is still catching up because we still don't know the high water mark yet. (org.apache.kafka.image.loader.MetadataLoader)
kafka-2-1  | 2026-09-21T21:59:35.463587085Z [2026-09-21 21:59:35,463] INFO Awaiting socket connections on 0.0.0.0:9093. (kafka.network.DataPlaneAcceptor)
kafka-2-1  | 2026-09-21T21:59:35.464362753Z [2026-09-21 21:59:35,464] INFO [RaftManager id=2] Completed transition to FollowerState(fetchTimeoutMs=2000, epoch=3, leader=kafka-3:9093 (id: 3 rack: null) voters=[1, 2, 3], highWatermark=Optional.empty, fetchingSnapshot=Optional.empty) from ResignedState(localId=2, epoch=1, voters=[1, 2, 3], electionTimeoutMs=1084, unackedVoters=[1, 3], preferredSuccessors=[]) (org.apache.kafka.raft.QuorumState)
kafka-2-1  | 2026-09-21T21:59:35.476544829Z [2026-09-21 21:59:35,475] INFO [controller-2-to-controller-registration-channel-manager]: Starting (kafka.server.NodeToControllerRequestThread)
kafka-2-1  | 2026-09-21T21:59:35.476585132Z [2026-09-21 21:59:35,476] INFO [ControllerServer id=2] Waiting for all of the authorizer futures to be completed (kafka.server.ControllerServer)
kafka-2-1  | 2026-09-21T21:59:35.476588933Z [2026-09-21 21:59:35,476] INFO [ControllerServer id=2] Finished waiting for all of the authorizer futures to be completed (kafka.server.ControllerServer)
kafka-2-1  | 2026-09-21T21:59:35.476607034Z [2026-09-21 21:59:35,476] INFO [ControllerServer id=2] Waiting for all of the SocketServer Acceptors to be started (kafka.server.ControllerServer)
kafka-2-1  | 2026-09-21T21:59:35.476608434Z [2026-09-21 21:59:35,476] INFO [ControllerServer id=2] Finished waiting for all of the SocketServer Acceptors to be started (kafka.server.ControllerServer)
kafka-2-1  | 2026-09-21T21:59:35.477138981Z [2026-09-21 21:59:35,477] INFO [controller-2-to-controller-registration-channel-manager]: Recorded new KRaft controller, from now on will use node kafka-3:9093 (id: 3 rack: null) (kafka.server.NodeToControllerRequestThread)
kafka-2-1  | 2026-09-21T21:59:35.477394004Z [2026-09-21 21:59:35,477] INFO [BrokerServer id=2] Transition from SHUTDOWN to STARTING (kafka.server.BrokerServer)
kafka-2-1  | 2026-09-21T21:59:35.477888847Z [2026-09-21 21:59:35,477] INFO [BrokerServer id=2] Starting broker (kafka.server.BrokerServer)
kafka-2-1  | 2026-09-21T21:59:35.478355789Z [2026-09-21 21:59:35,478] INFO [ControllerRegistrationManager id=2 incarnation=yyJa1ti8Tsy6o5sWd0VSQA] initialized channel manager. (kafka.server.ControllerRegistrationManager)
kafka-2-1  | 2026-09-21T21:59:35.478909137Z [2026-09-21 21:59:35,478] INFO [ControllerRegistrationManager id=2 incarnation=yyJa1ti8Tsy6o5sWd0VSQA] maybeSendControllerRegistration: cannot register yet because the metadata.version is still 3.0-IV1, which does not support KIP-919 controller registration. (kafka.server.ControllerRegistrationManager)
kafka-2-1  | 2026-09-21T21:59:35.483618053Z [2026-09-21 21:59:35,483] INFO RemoteLogManagerConfig values: 
kafka-2-1  | 2026-09-21T21:59:35.483646356Z 	log.local.retention.bytes = -2
kafka-2-1  | 2026-09-21T21:59:35.483648956Z 	log.local.retention.ms = -2
kafka-2-1  | 2026-09-21T21:59:35.483650256Z 	remote.fetch.max.wait.ms = 500
kafka-2-1  | 2026-09-21T21:59:35.483651456Z 	remote.log.index.file.cache.total.size.bytes = 1073741824
kafka-2-1  | 2026-09-21T21:59:35.483652656Z 	remote.log.manager.copier.thread.pool.size = 10
kafka-2-1  | 2026-09-21T21:59:35.483653956Z 	remote.log.manager.copy.max.bytes.per.second = 9223372036854775807
kafka-2-1  | 2026-09-21T21:59:35.483655156Z 	remote.log.manager.copy.quota.window.num = 11
kafka-2-1  | 2026-09-21T21:59:35.483656356Z 	remote.log.manager.copy.quota.window.size.seconds = 1
kafka-2-1  | 2026-09-21T21:59:35.483657557Z 	remote.log.manager.expiration.thread.pool.size = 10
kafka-2-1  | 2026-09-21T21:59:35.483658657Z 	remote.log.manager.fetch.max.bytes.per.second = 9223372036854775807
kafka-2-1  | 2026-09-21T21:59:35.483659957Z 	remote.log.manager.fetch.quota.window.num = 11
kafka-2-1  | 2026-09-21T21:59:35.483673958Z 	remote.log.manager.fetch.quota.window.size.seconds = 1
kafka-2-1  | 2026-09-21T21:59:35.483675858Z 	remote.log.manager.task.interval.ms = 30000
kafka-2-1  | 2026-09-21T21:59:35.483677158Z 	remote.log.manager.task.retry.backoff.max.ms = 30000
kafka-2-1  | 2026-09-21T21:59:35.483678258Z 	remote.log.manager.task.retry.backoff.ms = 500
kafka-2-1  | 2026-09-21T21:59:35.483679459Z 	remote.log.manager.task.retry.jitter = 0.2
kafka-2-1  | 2026-09-21T21:59:35.483680559Z 	remote.log.manager.thread.pool.size = 10
kafka-2-1  | 2026-09-21T21:59:35.483681759Z 	remote.log.metadata.custom.metadata.max.bytes = 128
kafka-2-1  | 2026-09-21T21:59:35.483682959Z 	remote.log.metadata.manager.class.name = org.apache.kafka.server.log.remote.metadata.storage.TopicBasedRemoteLogMetadataManager
kafka-2-1  | 2026-09-21T21:59:35.483684259Z 	remote.log.metadata.manager.class.path = null
kafka-2-1  | 2026-09-21T21:59:35.483685359Z 	remote.log.metadata.manager.impl.prefix = rlmm.config.
kafka-2-1  | 2026-09-21T21:59:35.483686659Z 	remote.log.metadata.manager.listener.name = null
kafka-2-1  | 2026-09-21T21:59:35.483687859Z 	remote.log.reader.max.pending.tasks = 100
kafka-2-1  | 2026-09-21T21:59:35.483689059Z 	remote.log.reader.threads = 10
kafka-2-1  | 2026-09-21T21:59:35.483690159Z 	remote.log.storage.manager.class.name = null
kafka-2-1  | 2026-09-21T21:59:35.483691360Z 	remote.log.storage.manager.class.path = null
kafka-2-1  | 2026-09-21T21:59:35.483692560Z 	remote.log.storage.manager.impl.prefix = rsm.config.
kafka-2-1  | 2026-09-21T21:59:35.483693660Z 	remote.log.storage.system.enable = false
kafka-2-1  | 2026-09-21T21:59:35.483694860Z  (org.apache.kafka.server.log.remote.storage.RemoteLogManagerConfig)
kafka-2-1  | 2026-09-21T21:59:35.484505731Z [2026-09-21 21:59:35,484] INFO [RaftManager id=2] High watermark set to Optional[LogOffsetMetadata(offset=1002, metadata=Optional.empty)] for the first time for epoch 3 (org.apache.kafka.raft.FollowerState)
kafka-2-1  | 2026-09-21T21:59:35.487042555Z [2026-09-21 21:59:35,486] INFO [broker-2-ThrottledChannelReaper-Fetch]: Starting (kafka.server.ClientQuotaManager$ThrottledChannelReaper)
kafka-2-1  | 2026-09-21T21:59:35.487619606Z [2026-09-21 21:59:35,487] INFO [broker-2-ThrottledChannelReaper-Produce]: Starting (kafka.server.ClientQuotaManager$ThrottledChannelReaper)
kafka-2-1  | 2026-09-21T21:59:35.488035443Z [2026-09-21 21:59:35,487] INFO [broker-2-ThrottledChannelReaper-Request]: Starting (kafka.server.ClientQuotaManager$ThrottledChannelReaper)
kafka-2-1  | 2026-09-21T21:59:35.488306967Z [2026-09-21 21:59:35,488] INFO [broker-2-ThrottledChannelReaper-ControllerMutation]: Starting (kafka.server.ClientQuotaManager$ThrottledChannelReaper)
kafka-2-1  | 2026-09-21T21:59:35.490007817Z [2026-09-21 21:59:35,489] INFO [MetadataLoader id=2] maybePublishMetadata(LOG_DELTA): The loader is still catching up because we have loaded up to offset 0, but the high water mark is 1002 (org.apache.kafka.image.loader.MetadataLoader)
kafka-2-1  | 2026-09-21T21:59:35.504372485Z [2026-09-21 21:59:35,504] INFO [BrokerServer id=2] Waiting for controller quorum voters future (kafka.server.BrokerServer)
kafka-2-1  | 2026-09-21T21:59:35.504452292Z [2026-09-21 21:59:35,504] INFO [BrokerServer id=2] Finished waiting for controller quorum voters future (kafka.server.BrokerServer)
kafka-2-1  | 2026-09-21T21:59:35.505953325Z [2026-09-21 21:59:35,505] INFO [broker-2-to-controller-forwarding-channel-manager]: Starting (kafka.server.NodeToControllerRequestThread)
kafka-2-1  | 2026-09-21T21:59:35.506225649Z [2026-09-21 21:59:35,506] INFO [broker-2-to-controller-forwarding-channel-manager]: Recorded new KRaft controller, from now on will use node kafka-3:9093 (id: 3 rack: null) (kafka.server.NodeToControllerRequestThread)
kafka-2-1  | 2026-09-21T21:59:35.507909397Z [2026-09-21 21:59:35,507] INFO [client-metrics-reaper]: Starting (org.apache.kafka.server.util.timer.SystemTimerReaper$Reaper)
kafka-2-1  | 2026-09-21T21:59:35.522206259Z [2026-09-21 21:59:35,522] INFO [MetadataLoader id=2] maybePublishMetadata(LOG_DELTA): The loader finished catching up to the current high water mark of 1002 (org.apache.kafka.image.loader.MetadataLoader)
kafka-2-1  | 2026-09-21T21:59:35.528013072Z [2026-09-21 21:59:35,527] INFO [MetadataLoader id=2] InitializeNewPublishers: initializing SnapshotGenerator with a snapshot at offset 1001 (org.apache.kafka.image.loader.MetadataLoader)
kafka-2-1  | 2026-09-21T21:59:35.528240492Z [2026-09-21 21:59:35,528] INFO [MetadataLoader id=2] InitializeNewPublishers: initializing KRaftMetadataCachePublisher with a snapshot at offset 1001 (org.apache.kafka.image.loader.MetadataLoader)
kafka-2-1  | 2026-09-21T21:59:35.528330200Z [2026-09-21 21:59:35,528] INFO [MetadataLoader id=2] InitializeNewPublishers: initializing FeaturesPublisher with a snapshot at offset 1001 (org.apache.kafka.image.loader.MetadataLoader)
kafka-2-1  | 2026-09-21T21:59:35.528487714Z [2026-09-21 21:59:35,528] INFO [ControllerServer id=2] Loaded new metadata Features(metadataVersion=3.8-IV0, finalizedFeatures={metadata.version=20}, finalizedFeaturesEpoch=1001). (org.apache.kafka.metadata.publisher.FeaturesPublisher)
kafka-2-1  | 2026-09-21T21:59:35.528563821Z [2026-09-21 21:59:35,528] INFO [MetadataLoader id=2] InitializeNewPublishers: initializing ControllerRegistrationsPublisher with a snapshot at offset 1001 (org.apache.kafka.image.loader.MetadataLoader)
kafka-2-1  | 2026-09-21T21:59:35.528690832Z [2026-09-21 21:59:35,528] INFO [MetadataLoader id=2] InitializeNewPublishers: initializing ControllerRegistrationManager with a snapshot at offset 1001 (org.apache.kafka.image.loader.MetadataLoader)
kafka-2-1  | 2026-09-21T21:59:35.528903451Z [2026-09-21 21:59:35,528] INFO [MetadataLoader id=2] InitializeNewPublishers: initializing DynamicConfigPublisher controller id=2 with a snapshot at offset 1001 (org.apache.kafka.image.loader.MetadataLoader)
kafka-2-1  | 2026-09-21T21:59:35.530418784Z [2026-09-21 21:59:35,530] INFO [ControllerRegistrationManager id=2 incarnation=yyJa1ti8Tsy6o5sWd0VSQA] Found registration for mv8AfcF-Sl-rY5DRJN8Tww instead of our incarnation. (kafka.server.ControllerRegistrationManager)
kafka-2-1  | 2026-09-21T21:59:35.531440974Z [2026-09-21 21:59:35,530] INFO [MetadataLoader id=2] InitializeNewPublishers: initializing DynamicClientQuotaPublisher controller id=2 with a snapshot at offset 1001 (org.apache.kafka.image.loader.MetadataLoader)
kafka-2-1  | 2026-09-21T21:59:35.534137613Z [2026-09-21 21:59:35,533] INFO [MetadataLoader id=2] InitializeNewPublishers: initializing ScramPublisher controller id=2 with a snapshot at offset 1001 (org.apache.kafka.image.loader.MetadataLoader)
kafka-2-1  | 2026-09-21T21:59:35.539950326Z [2026-09-21 21:59:35,539] INFO [MetadataLoader id=2] InitializeNewPublishers: initializing DelegationTokenPublisher controller id=2 with a snapshot at offset 1001 (org.apache.kafka.image.loader.MetadataLoader)
kafka-2-1  | 2026-09-21T21:59:35.540009731Z [2026-09-21 21:59:35,539] INFO [ControllerRegistrationManager id=2 incarnation=yyJa1ti8Tsy6o5sWd0VSQA] sendControllerRegistration: attempting to send ControllerRegistrationRequestData(controllerId=2, incarnationId=yyJa1ti8Tsy6o5sWd0VSQA, zkMigrationReady=false, listeners=[Listener(name='CONTROLLER', host='0.0.0.0', port=9093, securityProtocol=0)], features=[Feature(name='metadata.version', minSupportedVersion=1, maxSupportedVersion=20)]) (kafka.server.ControllerRegistrationManager)
kafka-2-1  | 2026-09-21T21:59:35.542594359Z [2026-09-21 21:59:35,542] INFO [MetadataLoader id=2] InitializeNewPublishers: initializing ControllerMetadataMetricsPublisher with a snapshot at offset 1001 (org.apache.kafka.image.loader.MetadataLoader)
kafka-2-1  | 2026-09-21T21:59:35.542908387Z [2026-09-21 21:59:35,542] INFO [MetadataLoader id=2] InitializeNewPublishers: initializing AclPublisher controller id=2 with a snapshot at offset 1001 (org.apache.kafka.image.loader.MetadataLoader)
kafka-2-1  | 2026-09-21T21:59:35.556112152Z [2026-09-21 21:59:35,555] INFO Updated connection-accept-rate max connection creation rate to 2147483647 (kafka.network.ConnectionQuotas)
kafka-2-1  | 2026-09-21T21:59:35.561139296Z [2026-09-21 21:59:35,560] INFO [SocketServer listenerType=BROKER, nodeId=2] Created data-plane acceptor and processors for endpoint : ListenerName(PLAINTEXT) (kafka.network.SocketServer)
kafka-2-1  | 2026-09-21T21:59:35.564110958Z [2026-09-21 21:59:35,563] INFO [broker-2-to-controller-alter-partition-channel-manager]: Starting (kafka.server.NodeToControllerRequestThread)
kafka-2-1  | 2026-09-21T21:59:35.564327177Z [2026-09-21 21:59:35,564] INFO [broker-2-to-controller-alter-partition-channel-manager]: Recorded new KRaft controller, from now on will use node kafka-3:9093 (id: 3 rack: null) (kafka.server.NodeToControllerRequestThread)
kafka-2-1  | 2026-09-21T21:59:35.568963087Z [2026-09-21 21:59:35,568] INFO [broker-2-to-controller-directory-assignments-channel-manager]: Starting (kafka.server.NodeToControllerRequestThread)
kafka-2-1  | 2026-09-21T21:59:35.568980888Z [2026-09-21 21:59:35,568] INFO [broker-2-to-controller-directory-assignments-channel-manager]: Recorded new KRaft controller, from now on will use node kafka-3:9093 (id: 3 rack: null) (kafka.server.NodeToControllerRequestThread)
kafka-2-1  | 2026-09-21T21:59:35.571376400Z [2026-09-21 21:59:35,571] INFO [ExpirationReaper-2-Produce]: Starting (kafka.server.DelayedOperationPurgatory$ExpiredOperationReaper)
kafka-2-1  | 2026-09-21T21:59:35.572632111Z [2026-09-21 21:59:35,572] INFO [ExpirationReaper-2-Fetch]: Starting (kafka.server.DelayedOperationPurgatory$ExpiredOperationReaper)
kafka-2-1  | 2026-09-21T21:59:35.573877120Z [2026-09-21 21:59:35,573] INFO [ExpirationReaper-2-DeleteRecords]: Starting (kafka.server.DelayedOperationPurgatory$ExpiredOperationReaper)
kafka-2-1  | 2026-09-21T21:59:35.576282333Z [2026-09-21 21:59:35,576] INFO [ExpirationReaper-2-ElectLeader]: Starting (kafka.server.DelayedOperationPurgatory$ExpiredOperationReaper)
kafka-2-1  | 2026-09-21T21:59:35.578631640Z [2026-09-21 21:59:35,578] INFO [ExpirationReaper-2-RemoteFetch]: Starting (kafka.server.DelayedOperationPurgatory$ExpiredOperationReaper)
kafka-2-1  | 2026-09-21T21:59:35.581450689Z [2026-09-21 21:59:35,581] INFO [ControllerRegistrationManager id=2 incarnation=yyJa1ti8Tsy6o5sWd0VSQA] RegistrationResponseHandler: controller acknowledged ControllerRegistrationRequest. (kafka.server.ControllerRegistrationManager)
kafka-2-1  | 2026-09-21T21:59:35.584564964Z [2026-09-21 21:59:35,584] INFO [ExpirationReaper-2-Heartbeat]: Starting (kafka.server.DelayedOperationPurgatory$ExpiredOperationReaper)
kafka-2-1  | 2026-09-21T21:59:35.585125113Z [2026-09-21 21:59:35,584] INFO [ExpirationReaper-2-Rebalance]: Starting (kafka.server.DelayedOperationPurgatory$ExpiredOperationReaper)
kafka-2-1  | 2026-09-21T21:59:35.593523855Z [2026-09-21 21:59:35,593] INFO Unable to read the broker epoch in /tmp/kafka-logs. (kafka.log.LogManager)
kafka-2-1  | 2026-09-21T21:59:35.594180113Z [2026-09-21 21:59:35,593] INFO [broker-2-to-controller-heartbeat-channel-manager]: Starting (kafka.server.NodeToControllerRequestThread)
kafka-2-1  | 2026-09-21T21:59:35.594190514Z [2026-09-21 21:59:35,594] INFO [broker-2-to-controller-heartbeat-channel-manager]: Recorded new KRaft controller, from now on will use node kafka-3:9093 (id: 3 rack: null) (kafka.server.NodeToControllerRequestThread)
kafka-2-1  | 2026-09-21T21:59:35.595492128Z [2026-09-21 21:59:35,595] INFO [BrokerLifecycleManager id=2] Incarnation _j-Pce-JSoGYMjupz2o1bw of broker 2 in cluster 5L6g3nShT-eMCtK--X86sw is now STARTING. (kafka.server.BrokerLifecycleManager)
kafka-2-1  | 2026-09-21T21:59:35.597790131Z [2026-09-21 21:59:35,597] INFO [ExpirationReaper-2-AlterAcls]: Starting (kafka.server.DelayedOperationPurgatory$ExpiredOperationReaper)
kafka-2-1  | 2026-09-21T21:59:35.610673168Z [2026-09-21 21:59:35,607] INFO [BrokerServer id=2] Waiting for the broker metadata publishers to be installed (kafka.server.BrokerServer)
kafka-2-1  | 2026-09-21T21:59:35.610696170Z [2026-09-21 21:59:35,607] INFO [BrokerServer id=2] Finished waiting for the broker metadata publishers to be installed (kafka.server.BrokerServer)
kafka-2-1  | 2026-09-21T21:59:35.610698271Z [2026-09-21 21:59:35,607] INFO [BrokerServer id=2] Waiting for the controller to acknowledge that we are caught up (kafka.server.BrokerServer)
kafka-2-1  | 2026-09-21T21:59:35.610699771Z [2026-09-21 21:59:35,609] INFO [MetadataLoader id=2] InitializeNewPublishers: initializing MetadataVersionPublisher(id=2) with a snapshot at offset 1001 (org.apache.kafka.image.loader.MetadataLoader)
kafka-2-1  | 2026-09-21T21:59:35.610701271Z [2026-09-21 21:59:35,609] INFO [MetadataLoader id=2] InitializeNewPublishers: initializing BrokerMetadataPublisher with a snapshot at offset 1001 (org.apache.kafka.image.loader.MetadataLoader)
kafka-2-1  | 2026-09-21T21:59:35.610702671Z [2026-09-21 21:59:35,609] INFO [BrokerMetadataPublisher id=2] Publishing initial metadata at offset OffsetAndEpoch(offset=1001, epoch=3) with metadata.version 3.8-IV0. (kafka.server.metadata.BrokerMetadataPublisher)
kafka-2-1  | 2026-09-21T21:59:35.612576036Z [2026-09-21 21:59:35,612] INFO Loading logs from log dirs ArrayBuffer(/tmp/kafka-logs) (kafka.log.LogManager)
kafka-2-1  | 2026-09-21T21:59:35.617268551Z [2026-09-21 21:59:35,617] INFO Recovering 56 logs from /tmp/kafka-logs since no clean shutdown file was found (kafka.log.LogManager)
kafka-2-1  | 2026-09-21T21:59:35.623749423Z [2026-09-21 21:59:35,623] INFO [LogLoader partition=__consumer_offsets-40, dir=/tmp/kafka-logs] Recovering unflushed segment 0. 0/1 recovered for __consumer_offsets-40. (kafka.log.LogLoader)
kafka-2-1  | 2026-09-21T21:59:35.623995344Z [2026-09-21 21:59:35,623] INFO [LogLoader partition=__consumer_offsets-40, dir=/tmp/kafka-logs] Loading producer state till offset 0 with message format version 2 (kafka.log.UnifiedLog$)
kafka-2-1  | 2026-09-21T21:59:35.624003345Z [2026-09-21 21:59:35,623] INFO [LogLoader partition=__consumer_offsets-40, dir=/tmp/kafka-logs] Reloading from producer snapshot and rebuilding producer state from offset 0 (kafka.log.UnifiedLog$)
kafka-2-1  | 2026-09-21T21:59:35.624091753Z [2026-09-21 21:59:35,623] INFO [LogLoader partition=__consumer_offsets-40, dir=/tmp/kafka-logs] Producer state recovery took 0ms for snapshot load and 0ms for segment recovery from offset 0 (kafka.log.UnifiedLog$)
kafka-2-1  | 2026-09-21T21:59:35.628612852Z [2026-09-21 21:59:35,628] INFO [LogLoader partition=__consumer_offsets-40, dir=/tmp/kafka-logs] Loading producer state till offset 0 with message format version 2 (kafka.log.UnifiedLog$)
kafka-2-1  | 2026-09-21T21:59:35.628708060Z [2026-09-21 21:59:35,628] INFO [LogLoader partition=__consumer_offsets-40, dir=/tmp/kafka-logs] Reloading from producer snapshot and rebuilding producer state from offset 0 (kafka.log.UnifiedLog$)
kafka-2-1  | 2026-09-21T21:59:35.628715761Z [2026-09-21 21:59:35,628] INFO [LogLoader partition=__consumer_offsets-40, dir=/tmp/kafka-logs] Producer state recovery took 0ms for snapshot load and 0ms for segment recovery from offset 0 (kafka.log.UnifiedLog$)
kafka-2-1  | 2026-09-21T21:59:35.632143864Z [2026-09-21 21:59:35,631] INFO [BrokerLifecycleManager id=2] Successfully registered broker 2 with broker epoch 1003 (kafka.server.BrokerLifecycleManager)
kafka-2-1  | 2026-09-21T21:59:35.632502495Z [2026-09-21 21:59:35,632] INFO Completed load of Log(dir=/tmp/kafka-logs/__consumer_offsets-40, topicId=um97SpqTSEC74qR1Iu-qow, topic=__consumer_offsets, partition=40, highWatermark=0, lastStableOffset=0, logStartOffset=0, logEndOffset=0) with 1 segments, local-log-start-offset 0 and log-end-offset 0 in 10ms (1/56 completed in /tmp/kafka-logs) (kafka.log.LogManager)
kafka-2-1  | 2026-09-21T21:59:35.634348758Z [2026-09-21 21:59:35,634] INFO [LogLoader partition=__consumer_offsets-20, dir=/tmp/kafka-logs] Recovering unflushed segment 0. 0/1 recovered for __consumer_offsets-20. (kafka.log.LogLoader)
kafka-2-1  | 2026-09-21T21:59:35.634647785Z [2026-09-21 21:59:35,634] INFO [LogLoader partition=__consumer_offsets-20, dir=/tmp/kafka-logs] Loading producer state till offset 0 with message format version 2 (kafka.log.UnifiedLog$)
kafka-2-1  | 2026-09-21T21:59:35.634660286Z [2026-09-21 21:59:35,634] INFO [LogLoader partition=__consumer_offsets-20, dir=/tmp/kafka-logs] Reloading from producer snapshot and rebuilding producer state from offset 0 (kafka.log.UnifiedLog$)
kafka-2-1  | 2026-09-21T21:59:35.634828701Z [2026-09-21 21:59:35,634] INFO [LogLoader partition=__consumer_offsets-20, dir=/tmp/kafka-logs] Producer state recovery took 0ms for snapshot load and 0ms for segment recovery from offset 0 (kafka.log.UnifiedLog$)
kafka-2-1  | 2026-09-21T21:59:35.638794351Z [2026-09-21 21:59:35,638] INFO [LogLoader partition=__consumer_offsets-20, dir=/tmp/kafka-logs] Loading producer state till offset 0 with message format version 2 (kafka.log.UnifiedLog$)
kafka-2-1  | 2026-09-21T21:59:35.638813652Z [2026-09-21 21:59:35,638] INFO [LogLoader partition=__consumer_offsets-20, dir=/tmp/kafka-logs] Reloading from producer snapshot and rebuilding producer state from offset 0 (kafka.log.UnifiedLog$)
kafka-2-1  | 2026-09-21T21:59:35.638821753Z [2026-09-21 21:59:35,638] INFO [LogLoader partition=__consumer_offsets-20, dir=/tmp/kafka-logs] Producer state recovery took 0ms for snapshot load and 0ms for segment recovery from offset 0 (kafka.log.UnifiedLog$)
kafka-2-1  | 2026-09-21T21:59:35.640162872Z [2026-09-21 21:59:35,639] INFO Completed load of Log(dir=/tmp/kafka-logs/__consumer_offsets-20, topicId=um97SpqTSEC74qR1Iu-qow, topic=__consumer_offsets, partition=20, highWatermark=0, lastStableOffset=0, logStartOffset=0, logEndOffset=0) with 1 segments, local-log-start-offset 0 and log-end-offset 0 in 7ms (2/56 completed in /tmp/kafka-logs) (kafka.log.LogManager)
kafka-2-1  | 2026-09-21T21:59:35.642374067Z [2026-09-21 21:59:35,642] INFO [LogLoader partition=__consumer_offsets-33, dir=/tmp/kafka-logs] Recovering unflushed segment 0. 0/1 recovered for __consumer_offsets-33. (kafka.log.LogLoader)
kafka-2-1  | 2026-09-21T21:59:35.642743099Z [2026-09-21 21:59:35,642] INFO [LogLoader partition=__consumer_offsets-33, dir=/tmp/kafka-logs] Loading producer state till offset 0 with message format version 2 (kafka.log.UnifiedLog$)
kafka-2-1  | 2026-09-21T21:59:35.642760101Z [2026-09-21 21:59:35,642] INFO [LogLoader partition=__consumer_offsets-33, dir=/tmp/kafka-logs] Reloading from producer snapshot and rebuilding producer state from offset 0 (kafka.log.UnifiedLog$)
kafka-2-1  | 2026-09-21T21:59:35.642987121Z [2026-09-21 21:59:35,642] INFO [LogLoader partition=__consumer_offsets-33, dir=/tmp/kafka-logs] Producer state recovery took 0ms for snapshot load and 0ms for segment recovery from offset 0 (kafka.log.UnifiedLog$)
kafka-2-1  | 2026-09-21T21:59:35.646961172Z [2026-09-21 21:59:35,646] INFO [LogLoader partition=__consumer_offsets-33, dir=/tmp/kafka-logs] Loading producer state till offset 0 with message format version 2 (kafka.log.UnifiedLog$)
kafka-2-1  | 2026-09-21T21:59:35.646977873Z [2026-09-21 21:59:35,646] INFO [LogLoader partition=__consumer_offsets-33, dir=/tmp/kafka-logs] Reloading from producer snapshot and rebuilding producer state from offset 0 (kafka.log.UnifiedLog$)
kafka-2-1  | 2026-09-21T21:59:35.647093083Z [2026-09-21 21:59:35,646] INFO [LogLoader partition=__consumer_offsets-33, dir=/tmp/kafka-logs] Producer state recovery took 0ms for snapshot load and 0ms for segment recovery from offset 0 (kafka.log.UnifiedLog$)
kafka-2-1  | 2026-09-21T21:59:35.648269087Z [2026-09-21 21:59:35,648] INFO Completed load of Log(dir=/tmp/kafka-logs/__consumer_offsets-33, topicId=um97SpqTSEC74qR1Iu-qow, topic=__consumer_offsets, partition=33, highWatermark=0, lastStableOffset=0, logStartOffset=0, logEndOffset=0) with 1 segments, local-log-start-offset 0 and log-end-offset 0 in 8ms (3/56 completed in /tmp/kafka-logs) (kafka.log.LogManager)
kafka-2-1  | 2026-09-21T21:59:35.651532775Z [2026-09-21 21:59:35,649] INFO [LogLoader partition=dados-sensores-1, dir=/tmp/kafka-logs] Recovering unflushed segment 0. 0/1 recovered for dados-sensores-1. (kafka.log.LogLoader)
kafka-2-1  | 2026-09-21T21:59:35.651556377Z [2026-09-21 21:59:35,649] INFO [LogLoader partition=dados-sensores-1, dir=/tmp/kafka-logs] Loading producer state till offset 0 with message format version 2 (kafka.log.UnifiedLog$)
kafka-2-1  | 2026-09-21T21:59:35.651558577Z [2026-09-21 21:59:35,650] INFO [LogLoader partition=dados-sensores-1, dir=/tmp/kafka-logs] Reloading from producer snapshot and rebuilding producer state from offset 0 (kafka.log.UnifiedLog$)
kafka-2-1  | 2026-09-21T21:59:35.651572979Z [2026-09-21 21:59:35,650] INFO [LogLoader partition=dados-sensores-1, dir=/tmp/kafka-logs] Producer state recovery took 0ms for snapshot load and 0ms for segment recovery from offset 0 (kafka.log.UnifiedLog$)
kafka-2-1  | 2026-09-21T21:59:35.654589345Z [2026-09-21 21:59:35,654] INFO [LogLoader partition=dados-sensores-1, dir=/tmp/kafka-logs] Loading producer state till offset 0 with message format version 2 (kafka.log.UnifiedLog$)
kafka-2-1  | 2026-09-21T21:59:35.654741658Z [2026-09-21 21:59:35,654] INFO [LogLoader partition=dados-sensores-1, dir=/tmp/kafka-logs] Reloading from producer snapshot and rebuilding producer state from offset 0 (kafka.log.UnifiedLog$)
kafka-2-1  | 2026-09-21T21:59:35.654816865Z [2026-09-21 21:59:35,654] INFO [LogLoader partition=dados-sensores-1, dir=/tmp/kafka-logs] Producer state recovery took 0ms for snapshot load and 0ms for segment recovery from offset 0 (kafka.log.UnifiedLog$)
kafka-2-1  | 2026-09-21T21:59:35.656021771Z [2026-09-21 21:59:35,655] INFO Completed load of Log(dir=/tmp/kafka-logs/dados-sensores-1, topicId=TOQUTEIYQC2WEzitbIedXg, topic=dados-sensores, partition=1, highWatermark=0, lastStableOffset=0, logStartOffset=0, logEndOffset=0) with 1 segments, local-log-start-offset 0 and log-end-offset 0 in 8ms (4/56 completed in /tmp/kafka-logs) (kafka.log.LogManager)
kafka-2-1  | 2026-09-21T21:59:35.657979844Z [2026-09-21 21:59:35,657] INFO [LogLoader partition=__consumer_offsets-38, dir=/tmp/kafka-logs] Recovering unflushed segment 0. 0/1 recovered for __consumer_offsets-38. (kafka.log.LogLoader)
kafka-2-1  | 2026-09-21T21:59:35.658678206Z [2026-09-21 21:59:35,658] INFO [LogLoader partition=__consumer_offsets-38, dir=/tmp/kafka-logs] Loading producer state till offset 0 with message format version 2 (kafka.log.UnifiedLog$)
kafka-2-1  | 2026-09-21T21:59:35.659061040Z [2026-09-21 21:59:35,658] INFO [LogLoader partition=__consumer_offsets-38, dir=/tmp/kafka-logs] Reloading from producer snapshot and rebuilding producer state from offset 0 (kafka.log.UnifiedLog$)
kafka-2-1  | 2026-09-21T21:59:35.659132046Z [2026-09-21 21:59:35,659] INFO [LogLoader partition=__consumer_offsets-38, dir=/tmp/kafka-logs] Producer state recovery took 1ms for snapshot load and 0ms for segment recovery from offset 0 (kafka.log.UnifiedLog$)
kafka-2-1  | 2026-09-21T21:59:35.662789869Z [2026-09-21 21:59:35,662] INFO [LogLoader partition=__consumer_offsets-38, dir=/tmp/kafka-logs] Loading producer state till offset 0 with message format version 2 (kafka.log.UnifiedLog$)
kafka-2-1  | 2026-09-21T21:59:35.662821772Z [2026-09-21 21:59:35,662] INFO [LogLoader partition=__consumer_offsets-38, dir=/tmp/kafka-logs] Reloading from producer snapshot and rebuilding producer state from offset 0 (kafka.log.UnifiedLog$)
kafka-2-1  | 2026-09-21T21:59:35.662910179Z [2026-09-21 21:59:35,662] INFO [LogLoader partition=__consumer_offsets-38, dir=/tmp/kafka-logs] Producer state recovery took 0ms for snapshot load and 0ms for segment recovery from offset 0 (kafka.log.UnifiedLog$)
kafka-2-1  | 2026-09-21T21:59:35.664240197Z [2026-09-21 21:59:35,663] INFO Completed load of Log(dir=/tmp/kafka-logs/__consumer_offsets-38, topicId=um97SpqTSEC74qR1Iu-qow, topic=__consumer_offsets, partition=38, highWatermark=0, lastStableOffset=0, logStartOffset=0, logEndOffset=0) with 1 segments, local-log-start-offset 0 and log-end-offset 0 in 8ms (5/56 completed in /tmp/kafka-logs) (kafka.log.LogManager)
kafka-2-1  | 2026-09-21T21:59:35.666017554Z [2026-09-21 21:59:35,665] INFO [LogLoader partition=__consumer_offsets-19, dir=/tmp/kafka-logs] Recovering unflushed segment 0. 0/1 recovered for __consumer_offsets-19. (kafka.log.LogLoader)
kafka-2-1  | 2026-09-21T21:59:35.666325281Z [2026-09-21 21:59:35,666] INFO [LogLoader partition=__consumer_offsets-19, dir=/tmp/kafka-logs] Loading producer state till offset 0 with message format version 2 (kafka.log.UnifiedLog$)
kafka-2-1  | 2026-09-21T21:59:35.666333382Z [2026-09-21 21:59:35,666] INFO [LogLoader partition=__consumer_offsets-19, dir=/tmp/kafka-logs] Reloading from producer snapshot and rebuilding producer state from offset 0 (kafka.log.UnifiedLog$)
kafka-2-1  | 2026-09-21T21:59:35.666338982Z [2026-09-21 21:59:35,666] INFO [LogLoader partition=__consumer_offsets-19, dir=/tmp/kafka-logs] Producer state recovery took 0ms for snapshot load and 0ms for segment recovery from offset 0 (kafka.log.UnifiedLog$)
kafka-2-1  | 2026-09-21T21:59:35.670347336Z [2026-09-21 21:59:35,670] INFO [LogLoader partition=__consumer_offsets-19, dir=/tmp/kafka-logs] Loading producer state till offset 0 with message format version 2 (kafka.log.UnifiedLog$)
kafka-2-1  | 2026-09-21T21:59:35.670363937Z [2026-09-21 21:59:35,670] INFO [LogLoader partition=__consumer_offsets-19, dir=/tmp/kafka-logs] Reloading from producer snapshot and rebuilding producer state from offset 0 (kafka.log.UnifiedLog$)
kafka-2-1  | 2026-09-21T21:59:35.670366038Z [2026-09-21 21:59:35,670] INFO [LogLoader partition=__consumer_offsets-19, dir=/tmp/kafka-logs] Producer state recovery took 0ms for snapshot load and 0ms for segment recovery from offset 0 (kafka.log.UnifiedLog$)
kafka-2-1  | 2026-09-21T21:59:35.671746459Z [2026-09-21 21:59:35,671] INFO Completed load of Log(dir=/tmp/kafka-logs/__consumer_offsets-19, topicId=um97SpqTSEC74qR1Iu-qow, topic=__consumer_offsets, partition=19, highWatermark=0, lastStableOffset=0, logStartOffset=0, logEndOffset=0) with 1 segments, local-log-start-offset 0 and log-end-offset 0 in 7ms (6/56 completed in /tmp/kafka-logs) (kafka.log.LogManager)
kafka-2-1  | 2026-09-21T21:59:35.673941253Z [2026-09-21 21:59:35,673] INFO [LogLoader partition=__consumer_offsets-41, dir=/tmp/kafka-logs] Recovering unflushed segment 0. 0/1 recovered for __consumer_offsets-41. (kafka.log.LogLoader)
kafka-2-1  | 2026-09-21T21:59:35.674208177Z [2026-09-21 21:59:35,674] INFO [LogLoader partition=__consumer_offsets-41, dir=/tmp/kafka-logs] Loading producer state till offset 0 with message format version 2 (kafka.log.UnifiedLog$)
kafka-2-1  | 2026-09-21T21:59:35.674215877Z [2026-09-21 21:59:35,674] INFO [LogLoader partition=__consumer_offsets-41, dir=/tmp/kafka-logs] Reloading from producer snapshot and rebuilding producer state from offset 0 (kafka.log.UnifiedLog$)
kafka-2-1  | 2026-09-21T21:59:35.674300885Z [2026-09-21 21:59:35,674] INFO [LogLoader partition=__consumer_offsets-41, dir=/tmp/kafka-logs] Producer state recovery took 0ms for snapshot load and 0ms for segment recovery from offset 0 (kafka.log.UnifiedLog$)
kafka-2-1  | 2026-09-21T21:59:35.684410077Z [2026-09-21 21:59:35,684] INFO [LogLoader partition=__consumer_offsets-41, dir=/tmp/kafka-logs] Loading producer state till offset 0 with message format version 2 (kafka.log.UnifiedLog$)
kafka-2-1  | 2026-09-21T21:59:35.684426779Z [2026-09-21 21:59:35,684] INFO [LogLoader partition=__consumer_offsets-41, dir=/tmp/kafka-logs] Reloading from producer snapshot and rebuilding producer state from offset 0 (kafka.log.UnifiedLog$)
kafka-2-1  | 2026-09-21T21:59:35.684431979Z [2026-09-21 21:59:35,684] INFO [LogLoader partition=__consumer_offsets-41, dir=/tmp/kafka-logs] Producer state recovery took 0ms for snapshot load and 0ms for segment recovery from offset 0 (kafka.log.UnifiedLog$)
kafka-2-1  | 2026-09-21T21:59:35.686079225Z [2026-09-21 21:59:35,685] INFO Completed load of Log(dir=/tmp/kafka-logs/__consumer_offsets-41, topicId=um97SpqTSEC74qR1Iu-qow, topic=__consumer_offsets, partition=41, highWatermark=0, lastStableOffset=0, logStartOffset=0, logEndOffset=0) with 1 segments, local-log-start-offset 0 and log-end-offset 0 in 14ms (7/56 completed in /tmp/kafka-logs) (kafka.log.LogManager)
kafka-2-1  | 2026-09-21T21:59:35.687723370Z [2026-09-21 21:59:35,687] INFO [LogLoader partition=__consumer_offsets-45, dir=/tmp/kafka-logs] Recovering unflushed segment 0. 0/1 recovered for __consumer_offsets-45. (kafka.log.LogLoader)
kafka-2-1  | 2026-09-21T21:59:35.687950390Z [2026-09-21 21:59:35,687] INFO [LogLoader partition=__consumer_offsets-45, dir=/tmp/kafka-logs] Loading producer state till offset 0 with message format version 2 (kafka.log.UnifiedLog$)
kafka-2-1  | 2026-09-21T21:59:35.687955690Z [2026-09-21 21:59:35,687] INFO [LogLoader partition=__consumer_offsets-45, dir=/tmp/kafka-logs] Reloading from producer snapshot and rebuilding producer state from offset 0 (kafka.log.UnifiedLog$)
kafka-2-1  | 2026-09-21T21:59:35.688043598Z [2026-09-21 21:59:35,687] INFO [LogLoader partition=__consumer_offsets-45, dir=/tmp/kafka-logs] Producer state recovery took 0ms for snapshot load and 0ms for segment recovery from offset 0 (kafka.log.UnifiedLog$)
kafka-2-1  | 2026-09-21T21:59:35.691371792Z [2026-09-21 21:59:35,691] INFO [LogLoader partition=__consumer_offsets-45, dir=/tmp/kafka-logs] Loading producer state till offset 0 with message format version 2 (kafka.log.UnifiedLog$)
kafka-2-1  | 2026-09-21T21:59:35.691394394Z [2026-09-21 21:59:35,691] INFO [LogLoader partition=__consumer_offsets-45, dir=/tmp/kafka-logs] Reloading from producer snapshot and rebuilding producer state from offset 0 (kafka.log.UnifiedLog$)
kafka-2-1  | 2026-09-21T21:59:35.691410395Z [2026-09-21 21:59:35,691] INFO [LogLoader partition=__consumer_offsets-45, dir=/tmp/kafka-logs] Producer state recovery took 0ms for snapshot load and 0ms for segment recovery from offset 0 (kafka.log.UnifiedLog$)
kafka-2-1  | 2026-09-21T21:59:35.693361968Z [2026-09-21 21:59:35,693] INFO Completed load of Log(dir=/tmp/kafka-logs/__consumer_offsets-45, topicId=um97SpqTSEC74qR1Iu-qow, topic=__consumer_offsets, partition=45, highWatermark=0, lastStableOffset=0, logStartOffset=0, logEndOffset=0) with 1 segments, local-log-start-offset 0 and log-end-offset 0 in 7ms (8/56 completed in /tmp/kafka-logs) (kafka.log.LogManager)
kafka-2-1  | 2026-09-21T21:59:35.695206230Z [2026-09-21 21:59:35,695] INFO [LogLoader partition=__consumer_offsets-12, dir=/tmp/kafka-logs] Recovering unflushed segment 0. 0/1 recovered for __consumer_offsets-12. (kafka.log.LogLoader)
kafka-2-1  | 2026-09-21T21:59:35.695384846Z [2026-09-21 21:59:35,695] INFO [LogLoader partition=__consumer_offsets-12, dir=/tmp/kafka-logs] Loading producer state till offset 0 with message format version 2 (kafka.log.UnifiedLog$)
kafka-2-1  | 2026-09-21T21:59:35.695411748Z [2026-09-21 21:59:35,695] INFO [LogLoader partition=__consumer_offsets-12, dir=/tmp/kafka-logs] Reloading from producer snapshot and rebuilding producer state from offset 0 (kafka.log.UnifiedLog$)
kafka-2-1  | 2026-09-21T21:59:35.695564062Z [2026-09-21 21:59:35,695] INFO [LogLoader partition=__consumer_offsets-12, dir=/tmp/kafka-logs] Producer state recovery took 0ms for snapshot load and 0ms for segment recovery from offset 0 (kafka.log.UnifiedLog$)
kafka-2-1  | 2026-09-21T21:59:35.698875554Z [2026-09-21 21:59:35,698] INFO [LogLoader partition=__consumer_offsets-12, dir=/tmp/kafka-logs] Loading producer state till offset 0 with message format version 2 (kafka.log.UnifiedLog$)
kafka-2-1  | 2026-09-21T21:59:35.698970063Z [2026-09-21 21:59:35,698] INFO [LogLoader partition=__consumer_offsets-12, dir=/tmp/kafka-logs] Reloading from producer snapshot and rebuilding producer state from offset 0 (kafka.log.UnifiedLog$)
kafka-2-1  | 2026-09-21T21:59:35.698974963Z [2026-09-21 21:59:35,698] INFO [LogLoader partition=__consumer_offsets-12, dir=/tmp/kafka-logs] Producer state recovery took 0ms for snapshot load and 0ms for segment recovery from offset 0 (kafka.log.UnifiedLog$)
kafka-2-1  | 2026-09-21T21:59:35.699859141Z [2026-09-21 21:59:35,699] INFO Completed load of Log(dir=/tmp/kafka-logs/__consumer_offsets-12, topicId=um97SpqTSEC74qR1Iu-qow, topic=__consumer_offsets, partition=12, highWatermark=0, lastStableOffset=0, logStartOffset=0, logEndOffset=0) with 1 segments, local-log-start-offset 0 and log-end-offset 0 in 7ms (9/56 completed in /tmp/kafka-logs) (kafka.log.LogManager)
kafka-2-1  | 2026-09-21T21:59:35.701292568Z [2026-09-21 21:59:35,701] INFO [LogLoader partition=__consumer_offsets-28, dir=/tmp/kafka-logs] Recovering unflushed segment 0. 0/1 recovered for __consumer_offsets-28. (kafka.log.LogLoader)
kafka-2-1  | 2026-09-21T21:59:35.701493685Z [2026-09-21 21:59:35,701] INFO [LogLoader partition=__consumer_offsets-28, dir=/tmp/kafka-logs] Loading producer state till offset 0 with message format version 2 (kafka.log.UnifiedLog$)
kafka-2-1  | 2026-09-21T21:59:35.701498486Z [2026-09-21 21:59:35,701] INFO [LogLoader partition=__consumer_offsets-28, dir=/tmp/kafka-logs] Reloading from producer snapshot and rebuilding producer state from offset 0 (kafka.log.UnifiedLog$)
kafka-2-1  | 2026-09-21T21:59:35.701562691Z [2026-09-21 21:59:35,701] INFO [LogLoader partition=__consumer_offsets-28, dir=/tmp/kafka-logs] Producer state recovery took 0ms for snapshot load and 0ms for segment recovery from offset 0 (kafka.log.UnifiedLog$)
kafka-2-1  | 2026-09-21T21:59:35.704707969Z [2026-09-21 21:59:35,704] INFO [LogLoader partition=__consumer_offsets-28, dir=/tmp/kafka-logs] Loading producer state till offset 0 with message format version 2 (kafka.log.UnifiedLog$)
kafka-2-1  | 2026-09-21T21:59:35.704726671Z [2026-09-21 21:59:35,704] INFO [LogLoader partition=__consumer_offsets-28, dir=/tmp/kafka-logs] Reloading from producer snapshot and rebuilding producer state from offset 0 (kafka.log.UnifiedLog$)
kafka-2-1  | 2026-09-21T21:59:35.704733771Z [2026-09-21 21:59:35,704] INFO [LogLoader partition=__consumer_offsets-28, dir=/tmp/kafka-logs] Producer state recovery took 0ms for snapshot load and 0ms for segment recovery from offset 0 (kafka.log.UnifiedLog$)
kafka-2-1  | 2026-09-21T21:59:35.705641151Z [2026-09-21 21:59:35,705] INFO Completed load of Log(dir=/tmp/kafka-logs/__consumer_offsets-28, topicId=um97SpqTSEC74qR1Iu-qow, topic=__consumer_offsets, partition=28, highWatermark=0, lastStableOffset=0, logStartOffset=0, logEndOffset=0) with 1 segments, local-log-start-offset 0 and log-end-offset 0 in 5ms (10/56 completed in /tmp/kafka-logs) (kafka.log.LogManager)
kafka-2-1  | 2026-09-21T21:59:35.707008972Z [2026-09-21 21:59:35,706] INFO [LogLoader partition=__consumer_offsets-18, dir=/tmp/kafka-logs] Recovering unflushed segment 0. 0/1 recovered for __consumer_offsets-18. (kafka.log.LogLoader)
kafka-2-1  | 2026-09-21T21:59:35.707177487Z [2026-09-21 21:59:35,707] INFO [LogLoader partition=__consumer_offsets-18, dir=/tmp/kafka-logs] Loading producer state till offset 0 with message format version 2 (kafka.log.UnifiedLog$)
kafka-2-1  | 2026-09-21T21:59:35.707181687Z [2026-09-21 21:59:35,707] INFO [LogLoader partition=__consumer_offsets-18, dir=/tmp/kafka-logs] Reloading from producer snapshot and rebuilding producer state from offset 0 (kafka.log.UnifiedLog$)
kafka-2-1  | 2026-09-21T21:59:35.707287697Z [2026-09-21 21:59:35,707] INFO [LogLoader partition=__consumer_offsets-18, dir=/tmp/kafka-logs] Producer state recovery took 0ms for snapshot load and 0ms for segment recovery from offset 0 (kafka.log.UnifiedLog$)
kafka-2-1  | 2026-09-21T21:59:35.711997813Z [2026-09-21 21:59:35,711] INFO [LogLoader partition=__consumer_offsets-18, dir=/tmp/kafka-logs] Loading producer state till offset 0 with message format version 2 (kafka.log.UnifiedLog$)
kafka-2-1  | 2026-09-21T21:59:35.712031015Z [2026-09-21 21:59:35,711] INFO [LogLoader partition=__consumer_offsets-18, dir=/tmp/kafka-logs] Reloading from producer snapshot and rebuilding producer state from offset 0 (kafka.log.UnifiedLog$)
kafka-2-1  | 2026-09-21T21:59:35.712033316Z [2026-09-21 21:59:35,711] INFO [LogLoader partition=__consumer_offsets-18, dir=/tmp/kafka-logs] Producer state recovery took 0ms for snapshot load and 0ms for segment recovery from offset 0 (kafka.log.UnifiedLog$)
kafka-2-1  | 2026-09-21T21:59:35.712959897Z [2026-09-21 21:59:35,712] INFO Completed load of Log(dir=/tmp/kafka-logs/__consumer_offsets-18, topicId=um97SpqTSEC74qR1Iu-qow, topic=__consumer_offsets, partition=18, highWatermark=0, lastStableOffset=0, logStartOffset=0, logEndOffset=0) with 1 segments, local-log-start-offset 0 and log-end-offset 0 in 7ms (11/56 completed in /tmp/kafka-logs) (kafka.log.LogManager)
kafka-2-1  | 2026-09-21T21:59:35.714517835Z [2026-09-21 21:59:35,714] INFO [LogLoader partition=__consumer_offsets-46, dir=/tmp/kafka-logs] Recovering unflushed segment 0. 0/1 recovered for __consumer_offsets-46. (kafka.log.LogLoader)
kafka-2-1  | 2026-09-21T21:59:35.714774758Z [2026-09-21 21:59:35,714] INFO [LogLoader partition=__consumer_offsets-46, dir=/tmp/kafka-logs] Loading producer state till offset 0 with message format version 2 (kafka.log.UnifiedLog$)
kafka-2-1  | 2026-09-21T21:59:35.714784058Z [2026-09-21 21:59:35,714] INFO [LogLoader partition=__consumer_offsets-46, dir=/tmp/kafka-logs] Reloading from producer snapshot and rebuilding producer state from offset 0 (kafka.log.UnifiedLog$)
kafka-2-1  | 2026-09-21T21:59:35.714807461Z [2026-09-21 21:59:35,714] INFO [LogLoader partition=__consumer_offsets-46, dir=/tmp/kafka-logs] Producer state recovery took 0ms for snapshot load and 0ms for segment recovery from offset 0 (kafka.log.UnifiedLog$)
kafka-2-1  | 2026-09-21T21:59:35.718747008Z [2026-09-21 21:59:35,718] INFO [LogLoader partition=__consumer_offsets-46, dir=/tmp/kafka-logs] Loading producer state till offset 0 with message format version 2 (kafka.log.UnifiedLog$)
kafka-2-1  | 2026-09-21T21:59:35.718764610Z [2026-09-21 21:59:35,718] INFO [LogLoader partition=__consumer_offsets-46, dir=/tmp/kafka-logs] Reloading from producer snapshot and rebuilding producer state from offset 0 (kafka.log.UnifiedLog$)
kafka-2-1  | 2026-09-21T21:59:35.718766510Z [2026-09-21 21:59:35,718] INFO [LogLoader partition=__consumer_offsets-46, dir=/tmp/kafka-logs] Producer state recovery took 0ms for snapshot load and 0ms for segment recovery from offset 0 (kafka.log.UnifiedLog$)
kafka-2-1  | 2026-09-21T21:59:35.719804402Z [2026-09-21 21:59:35,719] INFO Completed load of Log(dir=/tmp/kafka-logs/__consumer_offsets-46, topicId=um97SpqTSEC74qR1Iu-qow, topic=__consumer_offsets, partition=46, highWatermark=0, lastStableOffset=0, logStartOffset=0, logEndOffset=0) with 1 segments, local-log-start-offset 0 and log-end-offset 0 in 6ms (12/56 completed in /tmp/kafka-logs) (kafka.log.LogManager)
kafka-2-1  | 2026-09-21T21:59:35.721620462Z [2026-09-21 21:59:35,721] INFO [LogLoader partition=dados-sensores-3, dir=/tmp/kafka-logs] Recovering unflushed segment 0. 0/1 recovered for dados-sensores-3. (kafka.log.LogLoader)
kafka-2-1  | 2026-09-21T21:59:35.721876985Z [2026-09-21 21:59:35,721] INFO [LogLoader partition=dados-sensores-3, dir=/tmp/kafka-logs] Loading producer state till offset 0 with message format version 2 (kafka.log.UnifiedLog$)
kafka-2-1  | 2026-09-21T21:59:35.721883085Z [2026-09-21 21:59:35,721] INFO [LogLoader partition=dados-sensores-3, dir=/tmp/kafka-logs] Reloading from producer snapshot and rebuilding producer state from offset 0 (kafka.log.UnifiedLog$)
kafka-2-1  | 2026-09-21T21:59:35.722028798Z [2026-09-21 21:59:35,721] INFO [LogLoader partition=dados-sensores-3, dir=/tmp/kafka-logs] Producer state recovery took 0ms for snapshot load and 0ms for segment recovery from offset 0 (kafka.log.UnifiedLog$)
kafka-2-1  | 2026-09-21T21:59:35.745050630Z [2026-09-21 21:59:35,744] INFO [ProducerStateManager partition=dados-sensores-3] Wrote producer snapshot at offset 776 with 1 producer ids in 3 ms. (org.apache.kafka.storage.internals.log.ProducerStateManager)
kafka-2-1  | 2026-09-21T21:59:35.746047618Z [2026-09-21 21:59:35,745] INFO [LogLoader partition=dados-sensores-3, dir=/tmp/kafka-logs] Loading producer state till offset 776 with message format version 2 (kafka.log.UnifiedLog$)
kafka-2-1  | 2026-09-21T21:59:35.746061319Z [2026-09-21 21:59:35,745] INFO [LogLoader partition=dados-sensores-3, dir=/tmp/kafka-logs] Reloading from producer snapshot and rebuilding producer state from offset 776 (kafka.log.UnifiedLog$)
kafka-2-1  | 2026-09-21T21:59:35.746425352Z [2026-09-21 21:59:35,746] INFO [ProducerStateManager partition=dados-sensores-3] Loading producer state from snapshot file 'SnapshotFile(offset=776, file=/tmp/kafka-logs/dados-sensores-3/00000000000000000776.snapshot)' (org.apache.kafka.storage.internals.log.ProducerStateManager)
kafka-2-1  | 2026-09-21T21:59:35.747444041Z [2026-09-21 21:59:35,747] INFO [LogLoader partition=dados-sensores-3, dir=/tmp/kafka-logs] Producer state recovery took 1ms for snapshot load and 0ms for segment recovery from offset 776 (kafka.log.UnifiedLog$)
kafka-2-1  | 2026-09-21T21:59:35.748413127Z [2026-09-21 21:59:35,748] INFO Completed load of Log(dir=/tmp/kafka-logs/dados-sensores-3, topicId=TOQUTEIYQC2WEzitbIedXg, topic=dados-sensores, partition=3, highWatermark=0, lastStableOffset=0, logStartOffset=0, logEndOffset=776) with 1 segments, local-log-start-offset 0 and log-end-offset 776 in 28ms (13/56 completed in /tmp/kafka-logs) (kafka.log.LogManager)
kafka-2-1  | 2026-09-21T21:59:35.750047871Z [2026-09-21 21:59:35,749] INFO [LogLoader partition=__consumer_offsets-27, dir=/tmp/kafka-logs] Recovering unflushed segment 0. 0/1 recovered for __consumer_offsets-27. (kafka.log.LogLoader)
kafka-2-1  | 2026-09-21T21:59:35.750264390Z [2026-09-21 21:59:35,750] INFO [LogLoader partition=__consumer_offsets-27, dir=/tmp/kafka-logs] Loading producer state till offset 0 with message format version 2 (kafka.log.UnifiedLog$)
kafka-2-1  | 2026-09-21T21:59:35.750272691Z [2026-09-21 21:59:35,750] INFO [LogLoader partition=__consumer_offsets-27, dir=/tmp/kafka-logs] Reloading from producer snapshot and rebuilding producer state from offset 0 (kafka.log.UnifiedLog$)
kafka-2-1  | 2026-09-21T21:59:35.750274991Z [2026-09-21 21:59:35,750] INFO [LogLoader partition=__consumer_offsets-27, dir=/tmp/kafka-logs] Producer state recovery took 0ms for snapshot load and 0ms for segment recovery from offset 0 (kafka.log.UnifiedLog$)
kafka-2-1  | 2026-09-21T21:59:35.754166035Z [2026-09-21 21:59:35,753] INFO [LogLoader partition=__consumer_offsets-27, dir=/tmp/kafka-logs] Loading producer state till offset 0 with message format version 2 (kafka.log.UnifiedLog$)
kafka-2-1  | 2026-09-21T21:59:35.754182336Z [2026-09-21 21:59:35,754] INFO [LogLoader partition=__consumer_offsets-27, dir=/tmp/kafka-logs] Reloading from producer snapshot and rebuilding producer state from offset 0 (kafka.log.UnifiedLog$)
kafka-2-1  | 2026-09-21T21:59:35.754190637Z [2026-09-21 21:59:35,754] INFO [LogLoader partition=__consumer_offsets-27, dir=/tmp/kafka-logs] Producer state recovery took 0ms for snapshot load and 0ms for segment recovery from offset 0 (kafka.log.UnifiedLog$)
kafka-2-1  | 2026-09-21T21:59:35.754890799Z [2026-09-21 21:59:35,754] INFO Completed load of Log(dir=/tmp/kafka-logs/__consumer_offsets-27, topicId=um97SpqTSEC74qR1Iu-qow, topic=__consumer_offsets, partition=27, highWatermark=0, lastStableOffset=0, logStartOffset=0, logEndOffset=0) with 1 segments, local-log-start-offset 0 and log-end-offset 0 in 7ms (14/56 completed in /tmp/kafka-logs) (kafka.log.LogManager)
kafka-2-1  | 2026-09-21T21:59:35.756503241Z [2026-09-21 21:59:35,756] INFO [LogLoader partition=__consumer_offsets-4, dir=/tmp/kafka-logs] Recovering unflushed segment 0. 0/1 recovered for __consumer_offsets-4. (kafka.log.LogLoader)
kafka-2-1  | 2026-09-21T21:59:35.756705859Z [2026-09-21 21:59:35,756] INFO [LogLoader partition=__consumer_offsets-4, dir=/tmp/kafka-logs] Loading producer state till offset 0 with message format version 2 (kafka.log.UnifiedLog$)
kafka-2-1  | 2026-09-21T21:59:35.756713960Z [2026-09-21 21:59:35,756] INFO [LogLoader partition=__consumer_offsets-4, dir=/tmp/kafka-logs] Reloading from producer snapshot and rebuilding producer state from offset 0 (kafka.log.UnifiedLog$)
kafka-2-1  | 2026-09-21T21:59:35.756819269Z [2026-09-21 21:59:35,756] INFO [LogLoader partition=__consumer_offsets-4, dir=/tmp/kafka-logs] Producer state recovery took 0ms for snapshot load and 0ms for segment recovery from offset 0 (kafka.log.UnifiedLog$)
kafka-2-1  | 2026-09-21T21:59:35.760716813Z [2026-09-21 21:59:35,760] INFO [LogLoader partition=__consumer_offsets-4, dir=/tmp/kafka-logs] Loading producer state till offset 0 with message format version 2 (kafka.log.UnifiedLog$)
kafka-2-1  | 2026-09-21T21:59:35.760734915Z [2026-09-21 21:59:35,760] INFO [LogLoader partition=__consumer_offsets-4, dir=/tmp/kafka-logs] Reloading from producer snapshot and rebuilding producer state from offset 0 (kafka.log.UnifiedLog$)
kafka-2-1  | 2026-09-21T21:59:35.760737015Z [2026-09-21 21:59:35,760] INFO [LogLoader partition=__consumer_offsets-4, dir=/tmp/kafka-logs] Producer state recovery took 0ms for snapshot load and 0ms for segment recovery from offset 0 (kafka.log.UnifiedLog$)
kafka-2-1  | 2026-09-21T21:59:35.761406974Z [2026-09-21 21:59:35,761] INFO Completed load of Log(dir=/tmp/kafka-logs/__consumer_offsets-4, topicId=um97SpqTSEC74qR1Iu-qow, topic=__consumer_offsets, partition=4, highWatermark=0, lastStableOffset=0, logStartOffset=0, logEndOffset=0) with 1 segments, local-log-start-offset 0 and log-end-offset 0 in 6ms (15/56 completed in /tmp/kafka-logs) (kafka.log.LogManager)
kafka-2-1  | 2026-09-21T21:59:35.762748792Z [2026-09-21 21:59:35,762] INFO [LogLoader partition=dados-sensores-2, dir=/tmp/kafka-logs] Recovering unflushed segment 0. 0/1 recovered for dados-sensores-2. (kafka.log.LogLoader)
kafka-2-1  | 2026-09-21T21:59:35.762944810Z [2026-09-21 21:59:35,762] INFO [LogLoader partition=dados-sensores-2, dir=/tmp/kafka-logs] Loading producer state till offset 0 with message format version 2 (kafka.log.UnifiedLog$)
kafka-2-1  | 2026-09-21T21:59:35.762951110Z [2026-09-21 21:59:35,762] INFO [LogLoader partition=dados-sensores-2, dir=/tmp/kafka-logs] Reloading from producer snapshot and rebuilding producer state from offset 0 (kafka.log.UnifiedLog$)
kafka-2-1  | 2026-09-21T21:59:35.762952710Z [2026-09-21 21:59:35,762] INFO [LogLoader partition=dados-sensores-2, dir=/tmp/kafka-logs] Producer state recovery took 0ms for snapshot load and 0ms for segment recovery from offset 0 (kafka.log.UnifiedLog$)
kafka-2-1  | 2026-09-21T21:59:35.766001079Z [2026-09-21 21:59:35,765] INFO [LogLoader partition=dados-sensores-2, dir=/tmp/kafka-logs] Loading producer state till offset 0 with message format version 2 (kafka.log.UnifiedLog$)
kafka-2-1  | 2026-09-21T21:59:35.766018981Z [2026-09-21 21:59:35,765] INFO [LogLoader partition=dados-sensores-2, dir=/tmp/kafka-logs] Reloading from producer snapshot and rebuilding producer state from offset 0 (kafka.log.UnifiedLog$)
kafka-2-1  | 2026-09-21T21:59:35.766021281Z [2026-09-21 21:59:35,765] INFO [LogLoader partition=dados-sensores-2, dir=/tmp/kafka-logs] Producer state recovery took 0ms for snapshot load and 0ms for segment recovery from offset 0 (kafka.log.UnifiedLog$)
kafka-2-1  | 2026-09-21T21:59:35.767033371Z [2026-09-21 21:59:35,766] INFO Completed load of Log(dir=/tmp/kafka-logs/dados-sensores-2, topicId=TOQUTEIYQC2WEzitbIedXg, topic=dados-sensores, partition=2, highWatermark=0, lastStableOffset=0, logStartOffset=0, logEndOffset=0) with 1 segments, local-log-start-offset 0 and log-end-offset 0 in 5ms (16/56 completed in /tmp/kafka-logs) (kafka.log.LogManager)
kafka-2-1  | 2026-09-21T21:59:35.768511801Z [2026-09-21 21:59:35,768] INFO [LogLoader partition=__consumer_offsets-11, dir=/tmp/kafka-logs] Recovering unflushed segment 0. 0/1 recovered for __consumer_offsets-11. (kafka.log.LogLoader)
kafka-2-1  | 2026-09-21T21:59:35.768706618Z [2026-09-21 21:59:35,768] INFO [LogLoader partition=__consumer_offsets-11, dir=/tmp/kafka-logs] Loading producer state till offset 0 with message format version 2 (kafka.log.UnifiedLog$)
kafka-2-1  | 2026-09-21T21:59:35.768714119Z [2026-09-21 21:59:35,768] INFO [LogLoader partition=__consumer_offsets-11, dir=/tmp/kafka-logs] Reloading from producer snapshot and rebuilding producer state from offset 0 (kafka.log.UnifiedLog$)
kafka-2-1  | 2026-09-21T21:59:35.768716119Z [2026-09-21 21:59:35,768] INFO [LogLoader partition=__consumer_offsets-11, dir=/tmp/kafka-logs] Producer state recovery took 0ms for snapshot load and 0ms for segment recovery from offset 0 (kafka.log.UnifiedLog$)
kafka-2-1  | 2026-09-21T21:59:35.771715584Z [2026-09-21 21:59:35,771] INFO [LogLoader partition=__consumer_offsets-11, dir=/tmp/kafka-logs] Loading producer state till offset 0 with message format version 2 (kafka.log.UnifiedLog$)
kafka-2-1  | 2026-09-21T21:59:35.771734186Z [2026-09-21 21:59:35,771] INFO [LogLoader partition=__consumer_offsets-11, dir=/tmp/kafka-logs] Reloading from producer snapshot and rebuilding producer state from offset 0 (kafka.log.UnifiedLog$)
kafka-2-1  | 2026-09-21T21:59:35.771736486Z [2026-09-21 21:59:35,771] INFO [LogLoader partition=__consumer_offsets-11, dir=/tmp/kafka-logs] Producer state recovery took 0ms for snapshot load and 0ms for segment recovery from offset 0 (kafka.log.UnifiedLog$)
kafka-2-1  | 2026-09-21T21:59:35.772399144Z [2026-09-21 21:59:35,772] INFO Completed load of Log(dir=/tmp/kafka-logs/__consumer_offsets-11, topicId=um97SpqTSEC74qR1Iu-qow, topic=__consumer_offsets, partition=11, highWatermark=0, lastStableOffset=0, logStartOffset=0, logEndOffset=0) with 1 segments, local-log-start-offset 0 and log-end-offset 0 in 5ms (17/56 completed in /tmp/kafka-logs) (kafka.log.LogManager)
kafka-2-1  | 2026-09-21T21:59:35.773593950Z [2026-09-21 21:59:35,773] INFO [LogLoader partition=__consumer_offsets-44, dir=/tmp/kafka-logs] Recovering unflushed segment 0. 0/1 recovered for __consumer_offsets-44. (kafka.log.LogLoader)
kafka-2-1  | 2026-09-21T21:59:35.773811069Z [2026-09-21 21:59:35,773] INFO [LogLoader partition=__consumer_offsets-44, dir=/tmp/kafka-logs] Loading producer state till offset 0 with message format version 2 (kafka.log.UnifiedLog$)
kafka-2-1  | 2026-09-21T21:59:35.773828270Z [2026-09-21 21:59:35,773] INFO [LogLoader partition=__consumer_offsets-44, dir=/tmp/kafka-logs] Reloading from producer snapshot and rebuilding producer state from offset 0 (kafka.log.UnifiedLog$)
kafka-2-1  | 2026-09-21T21:59:35.773830671Z [2026-09-21 21:59:35,773] INFO [LogLoader partition=__consumer_offsets-44, dir=/tmp/kafka-logs] Producer state recovery took 0ms for snapshot load and 0ms for segment recovery from offset 0 (kafka.log.UnifiedLog$)
kafka-2-1  | 2026-09-21T21:59:35.777521796Z [2026-09-21 21:59:35,777] INFO [LogLoader partition=__consumer_offsets-44, dir=/tmp/kafka-logs] Loading producer state till offset 0 with message format version 2 (kafka.log.UnifiedLog$)
kafka-2-1  | 2026-09-21T21:59:35.777544498Z [2026-09-21 21:59:35,777] INFO [LogLoader partition=__consumer_offsets-44, dir=/tmp/kafka-logs] Reloading from producer snapshot and rebuilding producer state from offset 0 (kafka.log.UnifiedLog$)
kafka-2-1  | 2026-09-21T21:59:35.777548099Z [2026-09-21 21:59:35,777] INFO [LogLoader partition=__consumer_offsets-44, dir=/tmp/kafka-logs] Producer state recovery took 0ms for snapshot load and 0ms for segment recovery from offset 0 (kafka.log.UnifiedLog$)
kafka-2-1  | 2026-09-21T21:59:35.778277063Z [2026-09-21 21:59:35,778] INFO Completed load of Log(dir=/tmp/kafka-logs/__consumer_offsets-44, topicId=um97SpqTSEC74qR1Iu-qow, topic=__consumer_offsets, partition=44, highWatermark=0, lastStableOffset=0, logStartOffset=0, logEndOffset=0) with 1 segments, local-log-start-offset 0 and log-end-offset 0 in 6ms (18/56 completed in /tmp/kafka-logs) (kafka.log.LogManager)
kafka-2-1  | 2026-09-21T21:59:35.779643884Z [2026-09-21 21:59:35,779] INFO [LogLoader partition=__consumer_offsets-2, dir=/tmp/kafka-logs] Recovering unflushed segment 0. 0/1 recovered for __consumer_offsets-2. (kafka.log.LogLoader)
kafka-2-1  | 2026-09-21T21:59:35.779842201Z [2026-09-21 21:59:35,779] INFO [LogLoader partition=__consumer_offsets-2, dir=/tmp/kafka-logs] Loading producer state till offset 0 with message format version 2 (kafka.log.UnifiedLog$)
kafka-2-1  | 2026-09-21T21:59:35.779849902Z [2026-09-21 21:59:35,779] INFO [LogLoader partition=__consumer_offsets-2, dir=/tmp/kafka-logs] Reloading from producer snapshot and rebuilding producer state from offset 0 (kafka.log.UnifiedLog$)
kafka-2-1  | 2026-09-21T21:59:35.779851902Z [2026-09-21 21:59:35,779] INFO [LogLoader partition=__consumer_offsets-2, dir=/tmp/kafka-logs] Producer state recovery took 0ms for snapshot load and 0ms for segment recovery from offset 0 (kafka.log.UnifiedLog$)
kafka-2-1  | 2026-09-21T21:59:35.782918673Z [2026-09-21 21:59:35,782] INFO [LogLoader partition=__consumer_offsets-2, dir=/tmp/kafka-logs] Loading producer state till offset 0 with message format version 2 (kafka.log.UnifiedLog$)
kafka-2-1  | 2026-09-21T21:59:35.782934574Z [2026-09-21 21:59:35,782] INFO [LogLoader partition=__consumer_offsets-2, dir=/tmp/kafka-logs] Reloading from producer snapshot and rebuilding producer state from offset 0 (kafka.log.UnifiedLog$)
kafka-2-1  | 2026-09-21T21:59:35.782936674Z [2026-09-21 21:59:35,782] INFO [LogLoader partition=__consumer_offsets-2, dir=/tmp/kafka-logs] Producer state recovery took 0ms for snapshot load and 0ms for segment recovery from offset 0 (kafka.log.UnifiedLog$)
kafka-2-1  | 2026-09-21T21:59:35.783668339Z [2026-09-21 21:59:35,783] INFO Completed load of Log(dir=/tmp/kafka-logs/__consumer_offsets-2, topicId=um97SpqTSEC74qR1Iu-qow, topic=__consumer_offsets, partition=2, highWatermark=0, lastStableOffset=0, logStartOffset=0, logEndOffset=0) with 1 segments, local-log-start-offset 0 and log-end-offset 0 in 5ms (19/56 completed in /tmp/kafka-logs) (kafka.log.LogManager)
kafka-2-1  | 2026-09-21T21:59:35.785495300Z [2026-09-21 21:59:35,785] INFO [LogLoader partition=__consumer_offsets-34, dir=/tmp/kafka-logs] Recovering unflushed segment 0. 0/1 recovered for __consumer_offsets-34. (kafka.log.LogLoader)
kafka-2-1  | 2026-09-21T21:59:35.785721820Z [2026-09-21 21:59:35,785] INFO [LogLoader partition=__consumer_offsets-34, dir=/tmp/kafka-logs] Loading producer state till offset 0 with message format version 2 (kafka.log.UnifiedLog$)
kafka-2-1  | 2026-09-21T21:59:35.785730021Z [2026-09-21 21:59:35,785] INFO [LogLoader partition=__consumer_offsets-34, dir=/tmp/kafka-logs] Reloading from producer snapshot and rebuilding producer state from offset 0 (kafka.log.UnifiedLog$)
kafka-2-1  | 2026-09-21T21:59:35.785748023Z [2026-09-21 21:59:35,785] INFO [LogLoader partition=__consumer_offsets-34, dir=/tmp/kafka-logs] Producer state recovery took 0ms for snapshot load and 0ms for segment recovery from offset 0 (kafka.log.UnifiedLog$)
kafka-2-1  | 2026-09-21T21:59:35.788843896Z [2026-09-21 21:59:35,788] INFO [LogLoader partition=__consumer_offsets-34, dir=/tmp/kafka-logs] Loading producer state till offset 0 with message format version 2 (kafka.log.UnifiedLog$)
kafka-2-1  | 2026-09-21T21:59:35.788861497Z [2026-09-21 21:59:35,788] INFO [LogLoader partition=__consumer_offsets-34, dir=/tmp/kafka-logs] Reloading from producer snapshot and rebuilding producer state from offset 0 (kafka.log.UnifiedLog$)
kafka-2-1  | 2026-09-21T21:59:35.788863798Z [2026-09-21 21:59:35,788] INFO [LogLoader partition=__consumer_offsets-34, dir=/tmp/kafka-logs] Producer state recovery took 0ms for snapshot load and 0ms for segment recovery from offset 0 (kafka.log.UnifiedLog$)
kafka-2-1  | 2026-09-21T21:59:35.789604763Z [2026-09-21 21:59:35,789] INFO Completed load of Log(dir=/tmp/kafka-logs/__consumer_offsets-34, topicId=um97SpqTSEC74qR1Iu-qow, topic=__consumer_offsets, partition=34, highWatermark=0, lastStableOffset=0, logStartOffset=0, logEndOffset=0) with 1 segments, local-log-start-offset 0 and log-end-offset 0 in 5ms (20/56 completed in /tmp/kafka-logs) (kafka.log.LogManager)
kafka-2-1  | 2026-09-21T21:59:35.791107996Z [2026-09-21 21:59:35,790] INFO [LogLoader partition=__consumer_offsets-48, dir=/tmp/kafka-logs] Recovering unflushed segment 0. 0/1 recovered for __consumer_offsets-48. (kafka.log.LogLoader)
kafka-2-1  | 2026-09-21T21:59:35.791278311Z [2026-09-21 21:59:35,791] INFO [LogLoader partition=__consumer_offsets-48, dir=/tmp/kafka-logs] Loading producer state till offset 0 with message format version 2 (kafka.log.UnifiedLog$)
kafka-2-1  | 2026-09-21T21:59:35.791286511Z [2026-09-21 21:59:35,791] INFO [LogLoader partition=__consumer_offsets-48, dir=/tmp/kafka-logs] Reloading from producer snapshot and rebuilding producer state from offset 0 (kafka.log.UnifiedLog$)
kafka-2-1  | 2026-09-21T21:59:35.791406822Z [2026-09-21 21:59:35,791] INFO [LogLoader partition=__consumer_offsets-48, dir=/tmp/kafka-logs] Producer state recovery took 0ms for snapshot load and 0ms for segment recovery from offset 0 (kafka.log.UnifiedLog$)
kafka-2-1  | 2026-09-21T21:59:35.795519285Z [2026-09-21 21:59:35,795] INFO [LogLoader partition=__consumer_offsets-48, dir=/tmp/kafka-logs] Loading producer state till offset 0 with message format version 2 (kafka.log.UnifiedLog$)
kafka-2-1  | 2026-09-21T21:59:35.795539587Z [2026-09-21 21:59:35,795] INFO [LogLoader partition=__consumer_offsets-48, dir=/tmp/kafka-logs] Reloading from producer snapshot and rebuilding producer state from offset 0 (kafka.log.UnifiedLog$)
kafka-2-1  | 2026-09-21T21:59:35.795669398Z [2026-09-21 21:59:35,795] INFO [LogLoader partition=__consumer_offsets-48, dir=/tmp/kafka-logs] Producer state recovery took 0ms for snapshot load and 0ms for segment recovery from offset 0 (kafka.log.UnifiedLog$)
kafka-2-1  | 2026-09-21T21:59:35.796509072Z [2026-09-21 21:59:35,796] INFO Completed load of Log(dir=/tmp/kafka-logs/__consumer_offsets-48, topicId=um97SpqTSEC74qR1Iu-qow, topic=__consumer_offsets, partition=48, highWatermark=0, lastStableOffset=0, logStartOffset=0, logEndOffset=0) with 1 segments, local-log-start-offset 0 and log-end-offset 0 in 6ms (21/56 completed in /tmp/kafka-logs) (kafka.log.LogManager)
kafka-2-1  | 2026-09-21T21:59:35.797865992Z [2026-09-21 21:59:35,797] INFO [LogLoader partition=__consumer_offsets-30, dir=/tmp/kafka-logs] Recovering unflushed segment 0. 0/1 recovered for __consumer_offsets-30. (kafka.log.LogLoader)
kafka-2-1  | 2026-09-21T21:59:35.798082511Z [2026-09-21 21:59:35,797] INFO [LogLoader partition=__consumer_offsets-30, dir=/tmp/kafka-logs] Loading producer state till offset 0 with message format version 2 (kafka.log.UnifiedLog$)
kafka-2-1  | 2026-09-21T21:59:35.798090412Z [2026-09-21 21:59:35,797] INFO [LogLoader partition=__consumer_offsets-30, dir=/tmp/kafka-logs] Reloading from producer snapshot and rebuilding producer state from offset 0 (kafka.log.UnifiedLog$)
kafka-2-1  | 2026-09-21T21:59:35.798092312Z [2026-09-21 21:59:35,797] INFO [LogLoader partition=__consumer_offsets-30, dir=/tmp/kafka-logs] Producer state recovery took 0ms for snapshot load and 0ms for segment recovery from offset 0 (kafka.log.UnifiedLog$)
kafka-2-1  | 2026-09-21T21:59:35.801524015Z [2026-09-21 21:59:35,801] INFO [LogLoader partition=__consumer_offsets-30, dir=/tmp/kafka-logs] Loading producer state till offset 0 with message format version 2 (kafka.log.UnifiedLog$)
kafka-2-1  | 2026-09-21T21:59:35.801543317Z [2026-09-21 21:59:35,801] INFO [LogLoader partition=__consumer_offsets-30, dir=/tmp/kafka-logs] Reloading from producer snapshot and rebuilding producer state from offset 0 (kafka.log.UnifiedLog$)
kafka-2-1  | 2026-09-21T21:59:35.801545617Z [2026-09-21 21:59:35,801] INFO [LogLoader partition=__consumer_offsets-30, dir=/tmp/kafka-logs] Producer state recovery took 0ms for snapshot load and 0ms for segment recovery from offset 0 (kafka.log.UnifiedLog$)
kafka-2-1  | 2026-09-21T21:59:35.802184773Z [2026-09-21 21:59:35,802] INFO Completed load of Log(dir=/tmp/kafka-logs/__consumer_offsets-30, topicId=um97SpqTSEC74qR1Iu-qow, topic=__consumer_offsets, partition=30, highWatermark=0, lastStableOffset=0, logStartOffset=0, logEndOffset=0) with 1 segments, local-log-start-offset 0 and log-end-offset 0 in 6ms (22/56 completed in /tmp/kafka-logs) (kafka.log.LogManager)
kafka-2-1  | 2026-09-21T21:59:35.803535793Z [2026-09-21 21:59:35,803] INFO [LogLoader partition=__consumer_offsets-9, dir=/tmp/kafka-logs] Recovering unflushed segment 0. 0/1 recovered for __consumer_offsets-9. (kafka.log.LogLoader)
kafka-2-1  | 2026-09-21T21:59:35.803704808Z [2026-09-21 21:59:35,803] INFO [LogLoader partition=__consumer_offsets-9, dir=/tmp/kafka-logs] Loading producer state till offset 0 with message format version 2 (kafka.log.UnifiedLog$)
kafka-2-1  | 2026-09-21T21:59:35.803713608Z [2026-09-21 21:59:35,803] INFO [LogLoader partition=__consumer_offsets-9, dir=/tmp/kafka-logs] Reloading from producer snapshot and rebuilding producer state from offset 0 (kafka.log.UnifiedLog$)
kafka-2-1  | 2026-09-21T21:59:35.803715609Z [2026-09-21 21:59:35,803] INFO [LogLoader partition=__consumer_offsets-9, dir=/tmp/kafka-logs] Producer state recovery took 0ms for snapshot load and 0ms for segment recovery from offset 0 (kafka.log.UnifiedLog$)
kafka-2-1  | 2026-09-21T21:59:35.806759077Z [2026-09-21 21:59:35,806] INFO [LogLoader partition=__consumer_offsets-9, dir=/tmp/kafka-logs] Loading producer state till offset 0 with message format version 2 (kafka.log.UnifiedLog$)
kafka-2-1  | 2026-09-21T21:59:35.806782879Z [2026-09-21 21:59:35,806] INFO [LogLoader partition=__consumer_offsets-9, dir=/tmp/kafka-logs] Reloading from producer snapshot and rebuilding producer state from offset 0 (kafka.log.UnifiedLog$)
kafka-2-1  | 2026-09-21T21:59:35.806785080Z [2026-09-21 21:59:35,806] INFO [LogLoader partition=__consumer_offsets-9, dir=/tmp/kafka-logs] Producer state recovery took 0ms for snapshot load and 0ms for segment recovery from offset 0 (kafka.log.UnifiedLog$)
kafka-2-1  | 2026-09-21T21:59:35.807628354Z [2026-09-21 21:59:35,807] INFO Completed load of Log(dir=/tmp/kafka-logs/__consumer_offsets-9, topicId=um97SpqTSEC74qR1Iu-qow, topic=__consumer_offsets, partition=9, highWatermark=0, lastStableOffset=0, logStartOffset=0, logEndOffset=0) with 1 segments, local-log-start-offset 0 and log-end-offset 0 in 5ms (23/56 completed in /tmp/kafka-logs) (kafka.log.LogManager)
kafka-2-1  | 2026-09-21T21:59:35.809772943Z [2026-09-21 21:59:35,809] INFO [LogLoader partition=__consumer_offsets-25, dir=/tmp/kafka-logs] Recovering unflushed segment 0. 0/1 recovered for __consumer_offsets-25. (kafka.log.LogLoader)
kafka-2-1  | 2026-09-21T21:59:35.810108073Z [2026-09-21 21:59:35,809] INFO [LogLoader partition=__consumer_offsets-25, dir=/tmp/kafka-logs] Loading producer state till offset 0 with message format version 2 (kafka.log.UnifiedLog$)
kafka-2-1  | 2026-09-21T21:59:35.810116174Z [2026-09-21 21:59:35,810] INFO [LogLoader partition=__consumer_offsets-25, dir=/tmp/kafka-logs] Reloading from producer snapshot and rebuilding producer state from offset 0 (kafka.log.UnifiedLog$)
kafka-2-1  | 2026-09-21T21:59:35.810118274Z [2026-09-21 21:59:35,810] INFO [LogLoader partition=__consumer_offsets-25, dir=/tmp/kafka-logs] Producer state recovery took 0ms for snapshot load and 0ms for segment recovery from offset 0 (kafka.log.UnifiedLog$)
kafka-2-1  | 2026-09-21T21:59:35.813739693Z [2026-09-21 21:59:35,813] INFO [LogLoader partition=__consumer_offsets-25, dir=/tmp/kafka-logs] Loading producer state till offset 0 with message format version 2 (kafka.log.UnifiedLog$)
kafka-2-1  | 2026-09-21T21:59:35.813763296Z [2026-09-21 21:59:35,813] INFO [LogLoader partition=__consumer_offsets-25, dir=/tmp/kafka-logs] Reloading from producer snapshot and rebuilding producer state from offset 0 (kafka.log.UnifiedLog$)
kafka-2-1  | 2026-09-21T21:59:35.813765696Z [2026-09-21 21:59:35,813] INFO [LogLoader partition=__consumer_offsets-25, dir=/tmp/kafka-logs] Producer state recovery took 0ms for snapshot load and 0ms for segment recovery from offset 0 (kafka.log.UnifiedLog$)
kafka-2-1  | 2026-09-21T21:59:35.814595169Z [2026-09-21 21:59:35,814] INFO Completed load of Log(dir=/tmp/kafka-logs/__consumer_offsets-25, topicId=um97SpqTSEC74qR1Iu-qow, topic=__consumer_offsets, partition=25, highWatermark=0, lastStableOffset=0, logStartOffset=0, logEndOffset=0) with 1 segments, local-log-start-offset 0 and log-end-offset 0 in 6ms (24/56 completed in /tmp/kafka-logs) (kafka.log.LogManager)
kafka-2-1  | 2026-09-21T21:59:35.816023295Z [2026-09-21 21:59:35,815] INFO [LogLoader partition=__consumer_offsets-23, dir=/tmp/kafka-logs] Recovering unflushed segment 0. 0/1 recovered for __consumer_offsets-23. (kafka.log.LogLoader)
kafka-2-1  | 2026-09-21T21:59:35.816211012Z [2026-09-21 21:59:35,816] INFO [LogLoader partition=__consumer_offsets-23, dir=/tmp/kafka-logs] Loading producer state till offset 0 with message format version 2 (kafka.log.UnifiedLog$)
kafka-2-1  | 2026-09-21T21:59:35.816220012Z [2026-09-21 21:59:35,816] INFO [LogLoader partition=__consumer_offsets-23, dir=/tmp/kafka-logs] Reloading from producer snapshot and rebuilding producer state from offset 0 (kafka.log.UnifiedLog$)
kafka-2-1  | 2026-09-21T21:59:35.816276517Z [2026-09-21 21:59:35,816] INFO [LogLoader partition=__consumer_offsets-23, dir=/tmp/kafka-logs] Producer state recovery took 0ms for snapshot load and 0ms for segment recovery from offset 0 (kafka.log.UnifiedLog$)
kafka-2-1  | 2026-09-21T21:59:35.819728122Z [2026-09-21 21:59:35,819] INFO [LogLoader partition=__consumer_offsets-23, dir=/tmp/kafka-logs] Loading producer state till offset 0 with message format version 2 (kafka.log.UnifiedLog$)
kafka-2-1  | 2026-09-21T21:59:35.819746824Z [2026-09-21 21:59:35,819] INFO [LogLoader partition=__consumer_offsets-23, dir=/tmp/kafka-logs] Reloading from producer snapshot and rebuilding producer state from offset 0 (kafka.log.UnifiedLog$)
kafka-2-1  | 2026-09-21T21:59:35.819749124Z [2026-09-21 21:59:35,819] INFO [LogLoader partition=__consumer_offsets-23, dir=/tmp/kafka-logs] Producer state recovery took 0ms for snapshot load and 0ms for segment recovery from offset 0 (kafka.log.UnifiedLog$)
kafka-2-1  | 2026-09-21T21:59:35.820721610Z [2026-09-21 21:59:35,820] INFO Completed load of Log(dir=/tmp/kafka-logs/__consumer_offsets-23, topicId=um97SpqTSEC74qR1Iu-qow, topic=__consumer_offsets, partition=23, highWatermark=0, lastStableOffset=0, logStartOffset=0, logEndOffset=0) with 1 segments, local-log-start-offset 0 and log-end-offset 0 in 6ms (25/56 completed in /tmp/kafka-logs) (kafka.log.LogManager)
kafka-2-1  | 2026-09-21T21:59:35.822059828Z [2026-09-21 21:59:35,821] INFO [LogLoader partition=__consumer_offsets-36, dir=/tmp/kafka-logs] Recovering unflushed segment 0. 0/1 recovered for __consumer_offsets-36. (kafka.log.LogLoader)
kafka-2-1  | 2026-09-21T21:59:35.822291748Z [2026-09-21 21:59:35,822] INFO [LogLoader partition=__consumer_offsets-36, dir=/tmp/kafka-logs] Loading producer state till offset 0 with message format version 2 (kafka.log.UnifiedLog$)
kafka-2-1  | 2026-09-21T21:59:35.822299549Z [2026-09-21 21:59:35,822] INFO [LogLoader partition=__consumer_offsets-36, dir=/tmp/kafka-logs] Reloading from producer snapshot and rebuilding producer state from offset 0 (kafka.log.UnifiedLog$)
kafka-2-1  | 2026-09-21T21:59:35.823124422Z [2026-09-21 21:59:35,822] INFO [LogLoader partition=__consumer_offsets-36, dir=/tmp/kafka-logs] Producer state recovery took 0ms for snapshot load and 0ms for segment recovery from offset 0 (kafka.log.UnifiedLog$)
kafka-2-1  | 2026-09-21T21:59:35.826430014Z [2026-09-21 21:59:35,826] INFO [LogLoader partition=__consumer_offsets-36, dir=/tmp/kafka-logs] Loading producer state till offset 0 with message format version 2 (kafka.log.UnifiedLog$)
kafka-2-1  | 2026-09-21T21:59:35.826448615Z [2026-09-21 21:59:35,826] INFO [LogLoader partition=__consumer_offsets-36, dir=/tmp/kafka-logs] Reloading from producer snapshot and rebuilding producer state from offset 0 (kafka.log.UnifiedLog$)
kafka-2-1  | 2026-09-21T21:59:35.826451116Z [2026-09-21 21:59:35,826] INFO [LogLoader partition=__consumer_offsets-36, dir=/tmp/kafka-logs] Producer state recovery took 0ms for snapshot load and 0ms for segment recovery from offset 0 (kafka.log.UnifiedLog$)
kafka-2-1  | 2026-09-21T21:59:35.827437603Z [2026-09-21 21:59:35,827] INFO Completed load of Log(dir=/tmp/kafka-logs/__consumer_offsets-36, topicId=um97SpqTSEC74qR1Iu-qow, topic=__consumer_offsets, partition=36, highWatermark=0, lastStableOffset=0, logStartOffset=0, logEndOffset=0) with 1 segments, local-log-start-offset 0 and log-end-offset 0 in 6ms (26/56 completed in /tmp/kafka-logs) (kafka.log.LogManager)
kafka-2-1  | 2026-09-21T21:59:35.828901332Z [2026-09-21 21:59:35,828] INFO [LogLoader partition=__consumer_offsets-10, dir=/tmp/kafka-logs] Recovering unflushed segment 0. 0/1 recovered for __consumer_offsets-10. (kafka.log.LogLoader)
kafka-2-1  | 2026-09-21T21:59:35.829085648Z [2026-09-21 21:59:35,828] INFO [LogLoader partition=__consumer_offsets-10, dir=/tmp/kafka-logs] Loading producer state till offset 0 with message format version 2 (kafka.log.UnifiedLog$)
kafka-2-1  | 2026-09-21T21:59:35.829093449Z [2026-09-21 21:59:35,829] INFO [LogLoader partition=__consumer_offsets-10, dir=/tmp/kafka-logs] Reloading from producer snapshot and rebuilding producer state from offset 0 (kafka.log.UnifiedLog$)
kafka-2-1  | 2026-09-21T21:59:35.829095349Z [2026-09-21 21:59:35,829] INFO [LogLoader partition=__consumer_offsets-10, dir=/tmp/kafka-logs] Producer state recovery took 0ms for snapshot load and 0ms for segment recovery from offset 0 (kafka.log.UnifiedLog$)
kafka-2-1  | 2026-09-21T21:59:35.832915886Z [2026-09-21 21:59:35,832] INFO [LogLoader partition=__consumer_offsets-10, dir=/tmp/kafka-logs] Loading producer state till offset 0 with message format version 2 (kafka.log.UnifiedLog$)
kafka-2-1  | 2026-09-21T21:59:35.832932188Z [2026-09-21 21:59:35,832] INFO [LogLoader partition=__consumer_offsets-10, dir=/tmp/kafka-logs] Reloading from producer snapshot and rebuilding producer state from offset 0 (kafka.log.UnifiedLog$)
kafka-2-1  | 2026-09-21T21:59:35.833034497Z [2026-09-21 21:59:35,832] INFO [LogLoader partition=__consumer_offsets-10, dir=/tmp/kafka-logs] Producer state recovery took 0ms for snapshot load and 0ms for segment recovery from offset 0 (kafka.log.UnifiedLog$)
kafka-2-1  | 2026-09-21T21:59:35.833832467Z [2026-09-21 21:59:35,833] INFO Completed load of Log(dir=/tmp/kafka-logs/__consumer_offsets-10, topicId=um97SpqTSEC74qR1Iu-qow, topic=__consumer_offsets, partition=10, highWatermark=0, lastStableOffset=0, logStartOffset=0, logEndOffset=0) with 1 segments, local-log-start-offset 0 and log-end-offset 0 in 7ms (27/56 completed in /tmp/kafka-logs) (kafka.log.LogManager)
kafka-2-1  | 2026-09-21T21:59:35.835401006Z [2026-09-21 21:59:35,835] INFO [LogLoader partition=__consumer_offsets-16, dir=/tmp/kafka-logs] Recovering unflushed segment 0. 0/1 recovered for __consumer_offsets-16. (kafka.log.LogLoader)
kafka-2-1  | 2026-09-21T21:59:35.835795040Z [2026-09-21 21:59:35,835] INFO [LogLoader partition=__consumer_offsets-16, dir=/tmp/kafka-logs] Loading producer state till offset 0 with message format version 2 (kafka.log.UnifiedLog$)
kafka-2-1  | 2026-09-21T21:59:35.835803441Z [2026-09-21 21:59:35,835] INFO [LogLoader partition=__consumer_offsets-16, dir=/tmp/kafka-logs] Reloading from producer snapshot and rebuilding producer state from offset 0 (kafka.log.UnifiedLog$)
kafka-2-1  | 2026-09-21T21:59:35.835805641Z [2026-09-21 21:59:35,835] INFO [LogLoader partition=__consumer_offsets-16, dir=/tmp/kafka-logs] Producer state recovery took 0ms for snapshot load and 0ms for segment recovery from offset 0 (kafka.log.UnifiedLog$)
kafka-2-1  | 2026-09-21T21:59:35.839602876Z [2026-09-21 21:59:35,839] INFO [LogLoader partition=__consumer_offsets-16, dir=/tmp/kafka-logs] Loading producer state till offset 0 with message format version 2 (kafka.log.UnifiedLog$)
kafka-2-1  | 2026-09-21T21:59:35.839621578Z [2026-09-21 21:59:35,839] INFO [LogLoader partition=__consumer_offsets-16, dir=/tmp/kafka-logs] Reloading from producer snapshot and rebuilding producer state from offset 0 (kafka.log.UnifiedLog$)
kafka-2-1  | 2026-09-21T21:59:35.839657581Z [2026-09-21 21:59:35,839] INFO [LogLoader partition=__consumer_offsets-16, dir=/tmp/kafka-logs] Producer state recovery took 0ms for snapshot load and 0ms for segment recovery from offset 0 (kafka.log.UnifiedLog$)
kafka-2-1  | 2026-09-21T21:59:35.840769479Z [2026-09-21 21:59:35,840] INFO Completed load of Log(dir=/tmp/kafka-logs/__consumer_offsets-16, topicId=um97SpqTSEC74qR1Iu-qow, topic=__consumer_offsets, partition=16, highWatermark=0, lastStableOffset=0, logStartOffset=0, logEndOffset=0) with 1 segments, local-log-start-offset 0 and log-end-offset 0 in 6ms (28/56 completed in /tmp/kafka-logs) (kafka.log.LogManager)
kafka-2-1  | 2026-09-21T21:59:35.843453816Z [2026-09-21 21:59:35,843] INFO [LogLoader partition=__consumer_offsets-42, dir=/tmp/kafka-logs] Recovering unflushed segment 0. 0/1 recovered for __consumer_offsets-42. (kafka.log.LogLoader)
kafka-2-1  | 2026-09-21T21:59:35.843648634Z [2026-09-21 21:59:35,843] INFO [LogLoader partition=__consumer_offsets-42, dir=/tmp/kafka-logs] Loading producer state till offset 0 with message format version 2 (kafka.log.UnifiedLog$)
kafka-2-1  | 2026-09-21T21:59:35.843654134Z [2026-09-21 21:59:35,843] INFO [LogLoader partition=__consumer_offsets-42, dir=/tmp/kafka-logs] Reloading from producer snapshot and rebuilding producer state from offset 0 (kafka.log.UnifiedLog$)
kafka-2-1  | 2026-09-21T21:59:35.843656134Z [2026-09-21 21:59:35,843] INFO [LogLoader partition=__consumer_offsets-42, dir=/tmp/kafka-logs] Producer state recovery took 0ms for snapshot load and 0ms for segment recovery from offset 0 (kafka.log.UnifiedLog$)
kafka-2-1  | 2026-09-21T21:59:35.847700191Z [2026-09-21 21:59:35,847] INFO [LogLoader partition=__consumer_offsets-42, dir=/tmp/kafka-logs] Loading producer state till offset 0 with message format version 2 (kafka.log.UnifiedLog$)
kafka-2-1  | 2026-09-21T21:59:35.847717393Z [2026-09-21 21:59:35,847] INFO [LogLoader partition=__consumer_offsets-42, dir=/tmp/kafka-logs] Reloading from producer snapshot and rebuilding producer state from offset 0 (kafka.log.UnifiedLog$)
kafka-2-1  | 2026-09-21T21:59:35.847719593Z [2026-09-21 21:59:35,847] INFO [LogLoader partition=__consumer_offsets-42, dir=/tmp/kafka-logs] Producer state recovery took 0ms for snapshot load and 0ms for segment recovery from offset 0 (kafka.log.UnifiedLog$)
kafka-2-1  | 2026-09-21T21:59:35.848546766Z [2026-09-21 21:59:35,848] INFO Completed load of Log(dir=/tmp/kafka-logs/__consumer_offsets-42, topicId=um97SpqTSEC74qR1Iu-qow, topic=__consumer_offsets, partition=42, highWatermark=0, lastStableOffset=0, logStartOffset=0, logEndOffset=0) with 1 segments, local-log-start-offset 0 and log-end-offset 0 in 7ms (29/56 completed in /tmp/kafka-logs) (kafka.log.LogManager)
kafka-2-1  | 2026-09-21T21:59:35.850170109Z [2026-09-21 21:59:35,849] INFO [LogLoader partition=__consumer_offsets-32, dir=/tmp/kafka-logs] Recovering unflushed segment 0. 0/1 recovered for __consumer_offsets-32. (kafka.log.LogLoader)
kafka-2-1  | 2026-09-21T21:59:35.850523040Z [2026-09-21 21:59:35,850] INFO [LogLoader partition=__consumer_offsets-32, dir=/tmp/kafka-logs] Loading producer state till offset 0 with message format version 2 (kafka.log.UnifiedLog$)
kafka-2-1  | 2026-09-21T21:59:35.850546742Z [2026-09-21 21:59:35,850] INFO [LogLoader partition=__consumer_offsets-32, dir=/tmp/kafka-logs] Reloading from producer snapshot and rebuilding producer state from offset 0 (kafka.log.UnifiedLog$)
kafka-2-1  | 2026-09-21T21:59:35.850548943Z [2026-09-21 21:59:35,850] INFO [LogLoader partition=__consumer_offsets-32, dir=/tmp/kafka-logs] Producer state recovery took 0ms for snapshot load and 0ms for segment recovery from offset 0 (kafka.log.UnifiedLog$)
kafka-2-1  | 2026-09-21T21:59:35.855208554Z [2026-09-21 21:59:35,854] INFO [LogLoader partition=__consumer_offsets-32, dir=/tmp/kafka-logs] Loading producer state till offset 0 with message format version 2 (kafka.log.UnifiedLog$)
kafka-2-1  | 2026-09-21T21:59:35.855239557Z [2026-09-21 21:59:35,855] INFO [LogLoader partition=__consumer_offsets-32, dir=/tmp/kafka-logs] Reloading from producer snapshot and rebuilding producer state from offset 0 (kafka.log.UnifiedLog$)
kafka-2-1  | 2026-09-21T21:59:35.855242057Z [2026-09-21 21:59:35,855] INFO [LogLoader partition=__consumer_offsets-32, dir=/tmp/kafka-logs] Producer state recovery took 0ms for snapshot load and 0ms for segment recovery from offset 0 (kafka.log.UnifiedLog$)
kafka-2-1  | 2026-09-21T21:59:35.856119734Z [2026-09-21 21:59:35,855] INFO Completed load of Log(dir=/tmp/kafka-logs/__consumer_offsets-32, topicId=um97SpqTSEC74qR1Iu-qow, topic=__consumer_offsets, partition=32, highWatermark=0, lastStableOffset=0, logStartOffset=0, logEndOffset=0) with 1 segments, local-log-start-offset 0 and log-end-offset 0 in 8ms (30/56 completed in /tmp/kafka-logs) (kafka.log.LogManager)
kafka-2-1  | 2026-09-21T21:59:35.857561262Z [2026-09-21 21:59:35,857] INFO [LogLoader partition=__consumer_offsets-31, dir=/tmp/kafka-logs] Recovering unflushed segment 0. 0/1 recovered for __consumer_offsets-31. (kafka.log.LogLoader)
kafka-2-1  | 2026-09-21T21:59:35.857677172Z [2026-09-21 21:59:35,857] INFO [LogLoader partition=__consumer_offsets-31, dir=/tmp/kafka-logs] Loading producer state till offset 0 with message format version 2 (kafka.log.UnifiedLog$)
kafka-2-1  | 2026-09-21T21:59:35.857686373Z [2026-09-21 21:59:35,857] INFO [LogLoader partition=__consumer_offsets-31, dir=/tmp/kafka-logs] Reloading from producer snapshot and rebuilding producer state from offset 0 (kafka.log.UnifiedLog$)
kafka-2-1  | 2026-09-21T21:59:35.857893891Z [2026-09-21 21:59:35,857] INFO [LogLoader partition=__consumer_offsets-31, dir=/tmp/kafka-logs] Producer state recovery took 0ms for snapshot load and 0ms for segment recovery from offset 0 (kafka.log.UnifiedLog$)
kafka-2-1  | 2026-09-21T21:59:35.862293879Z [2026-09-21 21:59:35,862] INFO [LogLoader partition=__consumer_offsets-31, dir=/tmp/kafka-logs] Loading producer state till offset 0 with message format version 2 (kafka.log.UnifiedLog$)
kafka-2-1  | 2026-09-21T21:59:35.862314281Z [2026-09-21 21:59:35,862] INFO [LogLoader partition=__consumer_offsets-31, dir=/tmp/kafka-logs] Reloading from producer snapshot and rebuilding producer state from offset 0 (kafka.log.UnifiedLog$)
kafka-2-1  | 2026-09-21T21:59:35.862316581Z [2026-09-21 21:59:35,862] INFO [LogLoader partition=__consumer_offsets-31, dir=/tmp/kafka-logs] Producer state recovery took 0ms for snapshot load and 0ms for segment recovery from offset 0 (kafka.log.UnifiedLog$)
kafka-2-1  | 2026-09-21T21:59:35.863131453Z [2026-09-21 21:59:35,862] INFO Completed load of Log(dir=/tmp/kafka-logs/__consumer_offsets-31, topicId=um97SpqTSEC74qR1Iu-qow, topic=__consumer_offsets, partition=31, highWatermark=0, lastStableOffset=0, logStartOffset=0, logEndOffset=0) with 1 segments, local-log-start-offset 0 and log-end-offset 0 in 7ms (31/56 completed in /tmp/kafka-logs) (kafka.log.LogManager)
kafka-2-1  | 2026-09-21T21:59:35.864378263Z [2026-09-21 21:59:35,864] INFO [LogLoader partition=__consumer_offsets-39, dir=/tmp/kafka-logs] Recovering unflushed segment 0. 0/1 recovered for __consumer_offsets-39. (kafka.log.LogLoader)
kafka-2-1  | 2026-09-21T21:59:35.864547178Z [2026-09-21 21:59:35,864] INFO [LogLoader partition=__consumer_offsets-39, dir=/tmp/kafka-logs] Loading producer state till offset 0 with message format version 2 (kafka.log.UnifiedLog$)
kafka-2-1  | 2026-09-21T21:59:35.864569280Z [2026-09-21 21:59:35,864] INFO [LogLoader partition=__consumer_offsets-39, dir=/tmp/kafka-logs] Reloading from producer snapshot and rebuilding producer state from offset 0 (kafka.log.UnifiedLog$)
kafka-2-1  | 2026-09-21T21:59:35.864571981Z [2026-09-21 21:59:35,864] INFO [LogLoader partition=__consumer_offsets-39, dir=/tmp/kafka-logs] Producer state recovery took 0ms for snapshot load and 0ms for segment recovery from offset 0 (kafka.log.UnifiedLog$)
kafka-2-1  | 2026-09-21T21:59:35.867743760Z [2026-09-21 21:59:35,867] INFO [LogLoader partition=__consumer_offsets-39, dir=/tmp/kafka-logs] Loading producer state till offset 0 with message format version 2 (kafka.log.UnifiedLog$)
kafka-2-1  | 2026-09-21T21:59:35.867761362Z [2026-09-21 21:59:35,867] INFO [LogLoader partition=__consumer_offsets-39, dir=/tmp/kafka-logs] Reloading from producer snapshot and rebuilding producer state from offset 0 (kafka.log.UnifiedLog$)
kafka-2-1  | 2026-09-21T21:59:35.867763262Z [2026-09-21 21:59:35,867] INFO [LogLoader partition=__consumer_offsets-39, dir=/tmp/kafka-logs] Producer state recovery took 0ms for snapshot load and 0ms for segment recovery from offset 0 (kafka.log.UnifiedLog$)
kafka-2-1  | 2026-09-21T21:59:35.868519429Z [2026-09-21 21:59:35,868] INFO Completed load of Log(dir=/tmp/kafka-logs/__consumer_offsets-39, topicId=um97SpqTSEC74qR1Iu-qow, topic=__consumer_offsets, partition=39, highWatermark=0, lastStableOffset=0, logStartOffset=0, logEndOffset=0) with 1 segments, local-log-start-offset 0 and log-end-offset 0 in 5ms (32/56 completed in /tmp/kafka-logs) (kafka.log.LogManager)
kafka-2-1  | 2026-09-21T21:59:35.869784641Z [2026-09-21 21:59:35,869] INFO [LogLoader partition=__consumer_offsets-3, dir=/tmp/kafka-logs] Recovering unflushed segment 0. 0/1 recovered for __consumer_offsets-3. (kafka.log.LogLoader)
kafka-2-1  | 2026-09-21T21:59:35.869955756Z [2026-09-21 21:59:35,869] INFO [LogLoader partition=__consumer_offsets-3, dir=/tmp/kafka-logs] Loading producer state till offset 0 with message format version 2 (kafka.log.UnifiedLog$)
kafka-2-1  | 2026-09-21T21:59:35.869963456Z [2026-09-21 21:59:35,869] INFO [LogLoader partition=__consumer_offsets-3, dir=/tmp/kafka-logs] Reloading from producer snapshot and rebuilding producer state from offset 0 (kafka.log.UnifiedLog$)
kafka-2-1  | 2026-09-21T21:59:35.869965457Z [2026-09-21 21:59:35,869] INFO [LogLoader partition=__consumer_offsets-3, dir=/tmp/kafka-logs] Producer state recovery took 0ms for snapshot load and 0ms for segment recovery from offset 0 (kafka.log.UnifiedLog$)
kafka-2-1  | 2026-09-21T21:59:35.873446464Z [2026-09-21 21:59:35,873] INFO [LogLoader partition=__consumer_offsets-3, dir=/tmp/kafka-logs] Loading producer state till offset 0 with message format version 2 (kafka.log.UnifiedLog$)
kafka-2-1  | 2026-09-21T21:59:35.873465666Z [2026-09-21 21:59:35,873] INFO [LogLoader partition=__consumer_offsets-3, dir=/tmp/kafka-logs] Reloading from producer snapshot and rebuilding producer state from offset 0 (kafka.log.UnifiedLog$)
kafka-2-1  | 2026-09-21T21:59:35.873467866Z [2026-09-21 21:59:35,873] INFO [LogLoader partition=__consumer_offsets-3, dir=/tmp/kafka-logs] Producer state recovery took 0ms for snapshot load and 0ms for segment recovery from offset 0 (kafka.log.UnifiedLog$)
kafka-2-1  | 2026-09-21T21:59:35.874389547Z [2026-09-21 21:59:35,874] INFO Completed load of Log(dir=/tmp/kafka-logs/__consumer_offsets-3, topicId=um97SpqTSEC74qR1Iu-qow, topic=__consumer_offsets, partition=3, highWatermark=0, lastStableOffset=0, logStartOffset=0, logEndOffset=0) with 1 segments, local-log-start-offset 0 and log-end-offset 0 in 6ms (33/56 completed in /tmp/kafka-logs) (kafka.log.LogManager)
kafka-2-1  | 2026-09-21T21:59:35.876741955Z [2026-09-21 21:59:35,876] INFO [LogLoader partition=__consumer_offsets-13, dir=/tmp/kafka-logs] Recovering unflushed segment 0. 0/1 recovered for __consumer_offsets-13. (kafka.log.LogLoader)
kafka-2-1  | 2026-09-21T21:59:35.876889668Z [2026-09-21 21:59:35,876] INFO [LogLoader partition=__consumer_offsets-13, dir=/tmp/kafka-logs] Loading producer state till offset 0 with message format version 2 (kafka.log.UnifiedLog$)
kafka-2-1  | 2026-09-21T21:59:35.876907469Z [2026-09-21 21:59:35,876] INFO [LogLoader partition=__consumer_offsets-13, dir=/tmp/kafka-logs] Reloading from producer snapshot and rebuilding producer state from offset 0 (kafka.log.UnifiedLog$)
kafka-2-1  | 2026-09-21T21:59:35.877024680Z [2026-09-21 21:59:35,876] INFO [LogLoader partition=__consumer_offsets-13, dir=/tmp/kafka-logs] Producer state recovery took 0ms for snapshot load and 0ms for segment recovery from offset 0 (kafka.log.UnifiedLog$)
kafka-2-1  | 2026-09-21T21:59:35.881155144Z [2026-09-21 21:59:35,880] INFO [LogLoader partition=__consumer_offsets-13, dir=/tmp/kafka-logs] Loading producer state till offset 0 with message format version 2 (kafka.log.UnifiedLog$)
kafka-2-1  | 2026-09-21T21:59:35.881175046Z [2026-09-21 21:59:35,880] INFO [LogLoader partition=__consumer_offsets-13, dir=/tmp/kafka-logs] Reloading from producer snapshot and rebuilding producer state from offset 0 (kafka.log.UnifiedLog$)
kafka-2-1  | 2026-09-21T21:59:35.881177046Z [2026-09-21 21:59:35,880] INFO [LogLoader partition=__consumer_offsets-13, dir=/tmp/kafka-logs] Producer state recovery took 0ms for snapshot load and 0ms for segment recovery from offset 0 (kafka.log.UnifiedLog$)
kafka-2-1  | 2026-09-21T21:59:35.881867007Z [2026-09-21 21:59:35,881] INFO Completed load of Log(dir=/tmp/kafka-logs/__consumer_offsets-13, topicId=um97SpqTSEC74qR1Iu-qow, topic=__consumer_offsets, partition=13, highWatermark=0, lastStableOffset=0, logStartOffset=0, logEndOffset=0) with 1 segments, local-log-start-offset 0 and log-end-offset 0 in 8ms (34/56 completed in /tmp/kafka-logs) (kafka.log.LogManager)
kafka-2-1  | 2026-09-21T21:59:35.883280132Z [2026-09-21 21:59:35,883] INFO [LogLoader partition=__consumer_offsets-8, dir=/tmp/kafka-logs] Recovering unflushed segment 0. 0/1 recovered for __consumer_offsets-8. (kafka.log.LogLoader)
kafka-2-1  | 2026-09-21T21:59:35.883448447Z [2026-09-21 21:59:35,883] INFO [LogLoader partition=__consumer_offsets-8, dir=/tmp/kafka-logs] Loading producer state till offset 0 with message format version 2 (kafka.log.UnifiedLog$)
kafka-2-1  | 2026-09-21T21:59:35.883455847Z [2026-09-21 21:59:35,883] INFO [LogLoader partition=__consumer_offsets-8, dir=/tmp/kafka-logs] Reloading from producer snapshot and rebuilding producer state from offset 0 (kafka.log.UnifiedLog$)
kafka-2-1  | 2026-09-21T21:59:35.883457548Z [2026-09-21 21:59:35,883] INFO [LogLoader partition=__consumer_offsets-8, dir=/tmp/kafka-logs] Producer state recovery took 0ms for snapshot load and 0ms for segment recovery from offset 0 (kafka.log.UnifiedLog$)
kafka-2-1  | 2026-09-21T21:59:35.888214867Z [2026-09-21 21:59:35,887] INFO [LogLoader partition=__consumer_offsets-8, dir=/tmp/kafka-logs] Loading producer state till offset 0 with message format version 2 (kafka.log.UnifiedLog$)
kafka-2-1  | 2026-09-21T21:59:35.888233769Z [2026-09-21 21:59:35,888] INFO [LogLoader partition=__consumer_offsets-8, dir=/tmp/kafka-logs] Reloading from producer snapshot and rebuilding producer state from offset 0 (kafka.log.UnifiedLog$)
kafka-2-1  | 2026-09-21T21:59:35.888235969Z [2026-09-21 21:59:35,888] INFO [LogLoader partition=__consumer_offsets-8, dir=/tmp/kafka-logs] Producer state recovery took 0ms for snapshot load and 0ms for segment recovery from offset 0 (kafka.log.UnifiedLog$)
kafka-2-1  | 2026-09-21T21:59:35.889299763Z [2026-09-21 21:59:35,889] INFO Completed load of Log(dir=/tmp/kafka-logs/__consumer_offsets-8, topicId=um97SpqTSEC74qR1Iu-qow, topic=__consumer_offsets, partition=8, highWatermark=0, lastStableOffset=0, logStartOffset=0, logEndOffset=0) with 1 segments, local-log-start-offset 0 and log-end-offset 0 in 7ms (35/56 completed in /tmp/kafka-logs) (kafka.log.LogManager)
kafka-2-1  | 2026-09-21T21:59:35.890886003Z [2026-09-21 21:59:35,890] INFO [LogLoader partition=__consumer_offsets-49, dir=/tmp/kafka-logs] Recovering unflushed segment 0. 0/1 recovered for __consumer_offsets-49. (kafka.log.LogLoader)
kafka-2-1  | 2026-09-21T21:59:35.891026216Z [2026-09-21 21:59:35,890] INFO [LogLoader partition=__consumer_offsets-49, dir=/tmp/kafka-logs] Loading producer state till offset 0 with message format version 2 (kafka.log.UnifiedLog$)
kafka-2-1  | 2026-09-21T21:59:35.891031916Z [2026-09-21 21:59:35,890] INFO [LogLoader partition=__consumer_offsets-49, dir=/tmp/kafka-logs] Reloading from producer snapshot and rebuilding producer state from offset 0 (kafka.log.UnifiedLog$)
kafka-2-1  | 2026-09-21T21:59:35.891179829Z [2026-09-21 21:59:35,891] INFO [LogLoader partition=__consumer_offsets-49, dir=/tmp/kafka-logs] Producer state recovery took 0ms for snapshot load and 0ms for segment recovery from offset 0 (kafka.log.UnifiedLog$)
kafka-2-1  | 2026-09-21T21:59:35.895795337Z [2026-09-21 21:59:35,895] INFO [LogLoader partition=__consumer_offsets-49, dir=/tmp/kafka-logs] Loading producer state till offset 0 with message format version 2 (kafka.log.UnifiedLog$)
kafka-2-1  | 2026-09-21T21:59:35.895814138Z [2026-09-21 21:59:35,895] INFO [LogLoader partition=__consumer_offsets-49, dir=/tmp/kafka-logs] Reloading from producer snapshot and rebuilding producer state from offset 0 (kafka.log.UnifiedLog$)
kafka-2-1  | 2026-09-21T21:59:35.895816138Z [2026-09-21 21:59:35,895] INFO [LogLoader partition=__consumer_offsets-49, dir=/tmp/kafka-logs] Producer state recovery took 0ms for snapshot load and 0ms for segment recovery from offset 0 (kafka.log.UnifiedLog$)
kafka-2-1  | 2026-09-21T21:59:35.896543303Z [2026-09-21 21:59:35,896] INFO Completed load of Log(dir=/tmp/kafka-logs/__consumer_offsets-49, topicId=um97SpqTSEC74qR1Iu-qow, topic=__consumer_offsets, partition=49, highWatermark=0, lastStableOffset=0, logStartOffset=0, logEndOffset=0) with 1 segments, local-log-start-offset 0 and log-end-offset 0 in 7ms (36/56 completed in /tmp/kafka-logs) (kafka.log.LogManager)
kafka-2-1  | 2026-09-21T21:59:35.897908823Z [2026-09-21 21:59:35,897] INFO [LogLoader partition=__consumer_offsets-17, dir=/tmp/kafka-logs] Recovering unflushed segment 0. 0/1 recovered for __consumer_offsets-17. (kafka.log.LogLoader)
kafka-2-1  | 2026-09-21T21:59:35.898020733Z [2026-09-21 21:59:35,897] INFO [LogLoader partition=__consumer_offsets-17, dir=/tmp/kafka-logs] Loading producer state till offset 0 with message format version 2 (kafka.log.UnifiedLog$)
kafka-2-1  | 2026-09-21T21:59:35.898026234Z [2026-09-21 21:59:35,897] INFO [LogLoader partition=__consumer_offsets-17, dir=/tmp/kafka-logs] Reloading from producer snapshot and rebuilding producer state from offset 0 (kafka.log.UnifiedLog$)
kafka-2-1  | 2026-09-21T21:59:35.898043135Z [2026-09-21 21:59:35,898] INFO [LogLoader partition=__consumer_offsets-17, dir=/tmp/kafka-logs] Producer state recovery took 1ms for snapshot load and 0ms for segment recovery from offset 0 (kafka.log.UnifiedLog$)
kafka-2-1  | 2026-09-21T21:59:35.901687557Z [2026-09-21 21:59:35,901] INFO [LogLoader partition=__consumer_offsets-17, dir=/tmp/kafka-logs] Loading producer state till offset 0 with message format version 2 (kafka.log.UnifiedLog$)
kafka-2-1  | 2026-09-21T21:59:35.901729660Z [2026-09-21 21:59:35,901] INFO [LogLoader partition=__consumer_offsets-17, dir=/tmp/kafka-logs] Reloading from producer snapshot and rebuilding producer state from offset 0 (kafka.log.UnifiedLog$)
kafka-2-1  | 2026-09-21T21:59:35.901742362Z [2026-09-21 21:59:35,901] INFO [LogLoader partition=__consumer_offsets-17, dir=/tmp/kafka-logs] Producer state recovery took 0ms for snapshot load and 0ms for segment recovery from offset 0 (kafka.log.UnifiedLog$)
kafka-2-1  | 2026-09-21T21:59:35.902830058Z [2026-09-21 21:59:35,902] INFO Completed load of Log(dir=/tmp/kafka-logs/__consumer_offsets-17, topicId=um97SpqTSEC74qR1Iu-qow, topic=__consumer_offsets, partition=17, highWatermark=0, lastStableOffset=0, logStartOffset=0, logEndOffset=0) with 1 segments, local-log-start-offset 0 and log-end-offset 0 in 6ms (37/56 completed in /tmp/kafka-logs) (kafka.log.LogManager)
kafka-2-1  | 2026-09-21T21:59:35.904122172Z [2026-09-21 21:59:35,903] INFO [LogLoader partition=__consumer_offsets-14, dir=/tmp/kafka-logs] Recovering unflushed segment 0. 0/1 recovered for __consumer_offsets-14. (kafka.log.LogLoader)
kafka-2-1  | 2026-09-21T21:59:35.904248483Z [2026-09-21 21:59:35,904] INFO [LogLoader partition=__consumer_offsets-14, dir=/tmp/kafka-logs] Loading producer state till offset 0 with message format version 2 (kafka.log.UnifiedLog$)
kafka-2-1  | 2026-09-21T21:59:35.904254883Z [2026-09-21 21:59:35,904] INFO [LogLoader partition=__consumer_offsets-14, dir=/tmp/kafka-logs] Reloading from producer snapshot and rebuilding producer state from offset 0 (kafka.log.UnifiedLog$)
kafka-2-1  | 2026-09-21T21:59:35.904256484Z [2026-09-21 21:59:35,904] INFO [LogLoader partition=__consumer_offsets-14, dir=/tmp/kafka-logs] Producer state recovery took 0ms for snapshot load and 0ms for segment recovery from offset 0 (kafka.log.UnifiedLog$)
kafka-2-1  | 2026-09-21T21:59:35.907772094Z [2026-09-21 21:59:35,907] INFO [LogLoader partition=__consumer_offsets-14, dir=/tmp/kafka-logs] Loading producer state till offset 0 with message format version 2 (kafka.log.UnifiedLog$)
kafka-2-1  | 2026-09-21T21:59:35.907788895Z [2026-09-21 21:59:35,907] INFO [LogLoader partition=__consumer_offsets-14, dir=/tmp/kafka-logs] Reloading from producer snapshot and rebuilding producer state from offset 0 (kafka.log.UnifiedLog$)
kafka-2-1  | 2026-09-21T21:59:35.907790996Z [2026-09-21 21:59:35,907] INFO [LogLoader partition=__consumer_offsets-14, dir=/tmp/kafka-logs] Producer state recovery took 0ms for snapshot load and 0ms for segment recovery from offset 0 (kafka.log.UnifiedLog$)
kafka-2-1  | 2026-09-21T21:59:35.908909394Z [2026-09-21 21:59:35,908] INFO Completed load of Log(dir=/tmp/kafka-logs/__consumer_offsets-14, topicId=um97SpqTSEC74qR1Iu-qow, topic=__consumer_offsets, partition=14, highWatermark=0, lastStableOffset=0, logStartOffset=0, logEndOffset=0) with 1 segments, local-log-start-offset 0 and log-end-offset 0 in 5ms (38/56 completed in /tmp/kafka-logs) (kafka.log.LogManager)
kafka-2-1  | 2026-09-21T21:59:35.910848965Z [2026-09-21 21:59:35,910] INFO [LogLoader partition=__consumer_offsets-35, dir=/tmp/kafka-logs] Recovering unflushed segment 0. 0/1 recovered for __consumer_offsets-35. (kafka.log.LogLoader)
kafka-2-1  | 2026-09-21T21:59:35.911231099Z [2026-09-21 21:59:35,911] INFO [LogLoader partition=__consumer_offsets-35, dir=/tmp/kafka-logs] Loading producer state till offset 0 with message format version 2 (kafka.log.UnifiedLog$)
kafka-2-1  | 2026-09-21T21:59:35.911409515Z [2026-09-21 21:59:35,911] INFO [LogLoader partition=__consumer_offsets-35, dir=/tmp/kafka-logs] Reloading from producer snapshot and rebuilding producer state from offset 0 (kafka.log.UnifiedLog$)
kafka-2-1  | 2026-09-21T21:59:35.911464820Z [2026-09-21 21:59:35,911] INFO [LogLoader partition=__consumer_offsets-35, dir=/tmp/kafka-logs] Producer state recovery took 0ms for snapshot load and 0ms for segment recovery from offset 0 (kafka.log.UnifiedLog$)
kafka-2-1  | 2026-09-21T21:59:35.916141733Z [2026-09-21 21:59:35,915] INFO [LogLoader partition=__consumer_offsets-35, dir=/tmp/kafka-logs] Loading producer state till offset 0 with message format version 2 (kafka.log.UnifiedLog$)
kafka-2-1  | 2026-09-21T21:59:35.916160534Z [2026-09-21 21:59:35,916] INFO [LogLoader partition=__consumer_offsets-35, dir=/tmp/kafka-logs] Reloading from producer snapshot and rebuilding producer state from offset 0 (kafka.log.UnifiedLog$)
kafka-2-1  | 2026-09-21T21:59:35.916162734Z [2026-09-21 21:59:35,916] INFO [LogLoader partition=__consumer_offsets-35, dir=/tmp/kafka-logs] Producer state recovery took 0ms for snapshot load and 0ms for segment recovery from offset 0 (kafka.log.UnifiedLog$)
kafka-2-1  | 2026-09-21T21:59:35.916981807Z [2026-09-21 21:59:35,916] INFO Completed load of Log(dir=/tmp/kafka-logs/__consumer_offsets-35, topicId=um97SpqTSEC74qR1Iu-qow, topic=__consumer_offsets, partition=35, highWatermark=0, lastStableOffset=0, logStartOffset=0, logEndOffset=0) with 1 segments, local-log-start-offset 0 and log-end-offset 0 in 8ms (39/56 completed in /tmp/kafka-logs) (kafka.log.LogManager)
kafka-2-1  | 2026-09-21T21:59:35.918457537Z [2026-09-21 21:59:35,918] INFO [LogLoader partition=__consumer_offsets-5, dir=/tmp/kafka-logs] Recovering unflushed segment 0. 0/1 recovered for __consumer_offsets-5. (kafka.log.LogLoader)
kafka-2-1  | 2026-09-21T21:59:35.918931579Z [2026-09-21 21:59:35,918] INFO [LogLoader partition=__consumer_offsets-5, dir=/tmp/kafka-logs] Loading producer state till offset 0 with message format version 2 (kafka.log.UnifiedLog$)
kafka-2-1  | 2026-09-21T21:59:35.918946980Z [2026-09-21 21:59:35,918] INFO [LogLoader partition=__consumer_offsets-5, dir=/tmp/kafka-logs] Reloading from producer snapshot and rebuilding producer state from offset 0 (kafka.log.UnifiedLog$)
kafka-2-1  | 2026-09-21T21:59:35.918949280Z [2026-09-21 21:59:35,918] INFO [LogLoader partition=__consumer_offsets-5, dir=/tmp/kafka-logs] Producer state recovery took 0ms for snapshot load and 0ms for segment recovery from offset 0 (kafka.log.UnifiedLog$)
kafka-2-1  | 2026-09-21T21:59:35.923396273Z [2026-09-21 21:59:35,923] INFO [LogLoader partition=__consumer_offsets-5, dir=/tmp/kafka-logs] Loading producer state till offset 0 with message format version 2 (kafka.log.UnifiedLog$)
kafka-2-1  | 2026-09-21T21:59:35.923416475Z [2026-09-21 21:59:35,923] INFO [LogLoader partition=__consumer_offsets-5, dir=/tmp/kafka-logs] Reloading from producer snapshot and rebuilding producer state from offset 0 (kafka.log.UnifiedLog$)
kafka-2-1  | 2026-09-21T21:59:35.923418875Z [2026-09-21 21:59:35,923] INFO [LogLoader partition=__consumer_offsets-5, dir=/tmp/kafka-logs] Producer state recovery took 0ms for snapshot load and 0ms for segment recovery from offset 0 (kafka.log.UnifiedLog$)
kafka-2-1  | 2026-09-21T21:59:35.925313742Z [2026-09-21 21:59:35,924] INFO Completed load of Log(dir=/tmp/kafka-logs/__consumer_offsets-5, topicId=um97SpqTSEC74qR1Iu-qow, topic=__consumer_offsets, partition=5, highWatermark=0, lastStableOffset=0, logStartOffset=0, logEndOffset=0) with 1 segments, local-log-start-offset 0 and log-end-offset 0 in 7ms (40/56 completed in /tmp/kafka-logs) (kafka.log.LogManager)
kafka-2-1  | 2026-09-21T21:59:35.926151416Z [2026-09-21 21:59:35,925] INFO [LogLoader partition=__consumer_offsets-15, dir=/tmp/kafka-logs] Recovering unflushed segment 0. 0/1 recovered for __consumer_offsets-15. (kafka.log.LogLoader)
kafka-2-1  | 2026-09-21T21:59:35.926438942Z [2026-09-21 21:59:35,926] INFO [LogLoader partition=__consumer_offsets-15, dir=/tmp/kafka-logs] Loading producer state till offset 0 with message format version 2 (kafka.log.UnifiedLog$)
kafka-2-1  | 2026-09-21T21:59:35.926458143Z [2026-09-21 21:59:35,926] INFO [LogLoader partition=__consumer_offsets-15, dir=/tmp/kafka-logs] Reloading from producer snapshot and rebuilding producer state from offset 0 (kafka.log.UnifiedLog$)
kafka-2-1  | 2026-09-21T21:59:35.926460544Z [2026-09-21 21:59:35,926] INFO [LogLoader partition=__consumer_offsets-15, dir=/tmp/kafka-logs] Producer state recovery took 0ms for snapshot load and 0ms for segment recovery from offset 0 (kafka.log.UnifiedLog$)
kafka-2-1  | 2026-09-21T21:59:35.930217775Z [2026-09-21 21:59:35,929] INFO [LogLoader partition=__consumer_offsets-15, dir=/tmp/kafka-logs] Loading producer state till offset 0 with message format version 2 (kafka.log.UnifiedLog$)
kafka-2-1  | 2026-09-21T21:59:35.930235377Z [2026-09-21 21:59:35,930] INFO [LogLoader partition=__consumer_offsets-15, dir=/tmp/kafka-logs] Reloading from producer snapshot and rebuilding producer state from offset 0 (kafka.log.UnifiedLog$)
kafka-2-1  | 2026-09-21T21:59:35.930237477Z [2026-09-21 21:59:35,930] INFO [LogLoader partition=__consumer_offsets-15, dir=/tmp/kafka-logs] Producer state recovery took 0ms for snapshot load and 0ms for segment recovery from offset 0 (kafka.log.UnifiedLog$)
kafka-2-1  | 2026-09-21T21:59:35.930851731Z [2026-09-21 21:59:35,930] INFO Completed load of Log(dir=/tmp/kafka-logs/__consumer_offsets-15, topicId=um97SpqTSEC74qR1Iu-qow, topic=__consumer_offsets, partition=15, highWatermark=0, lastStableOffset=0, logStartOffset=0, logEndOffset=0) with 1 segments, local-log-start-offset 0 and log-end-offset 0 in 7ms (41/56 completed in /tmp/kafka-logs) (kafka.log.LogManager)
kafka-2-1  | 2026-09-21T21:59:35.932073839Z [2026-09-21 21:59:35,931] INFO [LogLoader partition=dados-sensores-0, dir=/tmp/kafka-logs] Recovering unflushed segment 0. 0/1 recovered for dados-sensores-0. (kafka.log.LogLoader)
kafka-2-1  | 2026-09-21T21:59:35.932231653Z [2026-09-21 21:59:35,932] INFO [LogLoader partition=dados-sensores-0, dir=/tmp/kafka-logs] Loading producer state till offset 0 with message format version 2 (kafka.log.UnifiedLog$)
kafka-2-1  | 2026-09-21T21:59:35.932240354Z [2026-09-21 21:59:35,932] INFO [LogLoader partition=dados-sensores-0, dir=/tmp/kafka-logs] Reloading from producer snapshot and rebuilding producer state from offset 0 (kafka.log.UnifiedLog$)
kafka-2-1  | 2026-09-21T21:59:35.932242354Z [2026-09-21 21:59:35,932] INFO [LogLoader partition=dados-sensores-0, dir=/tmp/kafka-logs] Producer state recovery took 0ms for snapshot load and 0ms for segment recovery from offset 0 (kafka.log.UnifiedLog$)
kafka-2-1  | 2026-09-21T21:59:35.944289717Z [2026-09-21 21:59:35,944] INFO [ProducerStateManager partition=dados-sensores-0] Wrote producer snapshot at offset 775 with 1 producer ids in 3 ms. (org.apache.kafka.storage.internals.log.ProducerStateManager)
kafka-2-1  | 2026-09-21T21:59:35.945396115Z [2026-09-21 21:59:35,945] INFO [LogLoader partition=dados-sensores-0, dir=/tmp/kafka-logs] Loading producer state till offset 775 with message format version 2 (kafka.log.UnifiedLog$)
kafka-2-1  | 2026-09-21T21:59:35.945407916Z [2026-09-21 21:59:35,945] INFO [LogLoader partition=dados-sensores-0, dir=/tmp/kafka-logs] Reloading from producer snapshot and rebuilding producer state from offset 775 (kafka.log.UnifiedLog$)
kafka-2-1  | 2026-09-21T21:59:35.945547128Z [2026-09-21 21:59:35,945] INFO [ProducerStateManager partition=dados-sensores-0] Loading producer state from snapshot file 'SnapshotFile(offset=775, file=/tmp/kafka-logs/dados-sensores-0/00000000000000000775.snapshot)' (org.apache.kafka.storage.internals.log.ProducerStateManager)
kafka-2-1  | 2026-09-21T21:59:35.945803851Z [2026-09-21 21:59:35,945] INFO [LogLoader partition=dados-sensores-0, dir=/tmp/kafka-logs] Producer state recovery took 0ms for snapshot load and 0ms for segment recovery from offset 775 (kafka.log.UnifiedLog$)
kafka-2-1  | 2026-09-21T21:59:35.948928827Z [2026-09-21 21:59:35,946] INFO Completed load of Log(dir=/tmp/kafka-logs/dados-sensores-0, topicId=TOQUTEIYQC2WEzitbIedXg, topic=dados-sensores, partition=0, highWatermark=0, lastStableOffset=0, logStartOffset=0, logEndOffset=775) with 1 segments, local-log-start-offset 0 and log-end-offset 775 in 16ms (42/56 completed in /tmp/kafka-logs) (kafka.log.LogManager)
kafka-2-1  | 2026-09-21T21:59:35.948949329Z [2026-09-21 21:59:35,947] INFO [LogLoader partition=__consumer_offsets-43, dir=/tmp/kafka-logs] Recovering unflushed segment 0. 0/1 recovered for __consumer_offsets-43. (kafka.log.LogLoader)
kafka-2-1  | 2026-09-21T21:59:35.948951429Z [2026-09-21 21:59:35,948] INFO [LogLoader partition=__consumer_offsets-43, dir=/tmp/kafka-logs] Loading producer state till offset 0 with message format version 2 (kafka.log.UnifiedLog$)
kafka-2-1  | 2026-09-21T21:59:35.948952829Z [2026-09-21 21:59:35,948] INFO [LogLoader partition=__consumer_offsets-43, dir=/tmp/kafka-logs] Reloading from producer snapshot and rebuilding producer state from offset 0 (kafka.log.UnifiedLog$)
kafka-2-1  | 2026-09-21T21:59:35.948954129Z [2026-09-21 21:59:35,948] INFO [LogLoader partition=__consumer_offsets-43, dir=/tmp/kafka-logs] Producer state recovery took 0ms for snapshot load and 0ms for segment recovery from offset 0 (kafka.log.UnifiedLog$)
kafka-2-1  | 2026-09-21T21:59:35.951945293Z [2026-09-21 21:59:35,951] INFO [LogLoader partition=__consumer_offsets-43, dir=/tmp/kafka-logs] Loading producer state till offset 0 with message format version 2 (kafka.log.UnifiedLog$)
kafka-2-1  | 2026-09-21T21:59:35.951963995Z [2026-09-21 21:59:35,951] INFO [LogLoader partition=__consumer_offsets-43, dir=/tmp/kafka-logs] Reloading from producer snapshot and rebuilding producer state from offset 0 (kafka.log.UnifiedLog$)
kafka-2-1  | 2026-09-21T21:59:35.951966195Z [2026-09-21 21:59:35,951] INFO [LogLoader partition=__consumer_offsets-43, dir=/tmp/kafka-logs] Producer state recovery took 0ms for snapshot load and 0ms for segment recovery from offset 0 (kafka.log.UnifiedLog$)
kafka-2-1  | 2026-09-21T21:59:35.952650755Z [2026-09-21 21:59:35,952] INFO Completed load of Log(dir=/tmp/kafka-logs/__consumer_offsets-43, topicId=um97SpqTSEC74qR1Iu-qow, topic=__consumer_offsets, partition=43, highWatermark=0, lastStableOffset=0, logStartOffset=0, logEndOffset=0) with 1 segments, local-log-start-offset 0 and log-end-offset 0 in 5ms (43/56 completed in /tmp/kafka-logs) (kafka.log.LogManager)
kafka-2-1  | 2026-09-21T21:59:35.953820159Z [2026-09-21 21:59:35,953] INFO [LogLoader partition=__consumer_offsets-1, dir=/tmp/kafka-logs] Recovering unflushed segment 0. 0/1 recovered for __consumer_offsets-1. (kafka.log.LogLoader)
kafka-2-1  | 2026-09-21T21:59:35.953991574Z [2026-09-21 21:59:35,953] INFO [LogLoader partition=__consumer_offsets-1, dir=/tmp/kafka-logs] Loading producer state till offset 0 with message format version 2 (kafka.log.UnifiedLog$)
kafka-2-1  | 2026-09-21T21:59:35.953997074Z [2026-09-21 21:59:35,953] INFO [LogLoader partition=__consumer_offsets-1, dir=/tmp/kafka-logs] Reloading from producer snapshot and rebuilding producer state from offset 0 (kafka.log.UnifiedLog$)
kafka-2-1  | 2026-09-21T21:59:35.953998774Z [2026-09-21 21:59:35,953] INFO [LogLoader partition=__consumer_offsets-1, dir=/tmp/kafka-logs] Producer state recovery took 0ms for snapshot load and 0ms for segment recovery from offset 0 (kafka.log.UnifiedLog$)
kafka-2-1  | 2026-09-21T21:59:35.956955335Z [2026-09-21 21:59:35,956] INFO [LogLoader partition=__consumer_offsets-1, dir=/tmp/kafka-logs] Loading producer state till offset 0 with message format version 2 (kafka.log.UnifiedLog$)
kafka-2-1  | 2026-09-21T21:59:35.956978537Z [2026-09-21 21:59:35,956] INFO [LogLoader partition=__consumer_offsets-1, dir=/tmp/kafka-logs] Reloading from producer snapshot and rebuilding producer state from offset 0 (kafka.log.UnifiedLog$)
kafka-2-1  | 2026-09-21T21:59:35.956980238Z [2026-09-21 21:59:35,956] INFO [LogLoader partition=__consumer_offsets-1, dir=/tmp/kafka-logs] Producer state recovery took 0ms for snapshot load and 0ms for segment recovery from offset 0 (kafka.log.UnifiedLog$)
kafka-2-1  | 2026-09-21T21:59:35.957748105Z [2026-09-21 21:59:35,957] INFO Completed load of Log(dir=/tmp/kafka-logs/__consumer_offsets-1, topicId=um97SpqTSEC74qR1Iu-qow, topic=__consumer_offsets, partition=1, highWatermark=0, lastStableOffset=0, logStartOffset=0, logEndOffset=0) with 1 segments, local-log-start-offset 0 and log-end-offset 0 in 4ms (44/56 completed in /tmp/kafka-logs) (kafka.log.LogManager)
kafka-2-1  | 2026-09-21T21:59:35.959456156Z [2026-09-21 21:59:35,959] INFO [LogLoader partition=__consumer_offsets-0, dir=/tmp/kafka-logs] Recovering unflushed segment 0. 0/1 recovered for __consumer_offsets-0. (kafka.log.LogLoader)
kafka-2-1  | 2026-09-21T21:59:35.959633772Z [2026-09-21 21:59:35,959] INFO [LogLoader partition=__consumer_offsets-0, dir=/tmp/kafka-logs] Loading producer state till offset 0 with message format version 2 (kafka.log.UnifiedLog$)
kafka-2-1  | 2026-09-21T21:59:35.959643373Z [2026-09-21 21:59:35,959] INFO [LogLoader partition=__consumer_offsets-0, dir=/tmp/kafka-logs] Reloading from producer snapshot and rebuilding producer state from offset 0 (kafka.log.UnifiedLog$)
kafka-2-1  | 2026-09-21T21:59:35.959645373Z [2026-09-21 21:59:35,959] INFO [LogLoader partition=__consumer_offsets-0, dir=/tmp/kafka-logs] Producer state recovery took 0ms for snapshot load and 0ms for segment recovery from offset 0 (kafka.log.UnifiedLog$)
kafka-2-1  | 2026-09-21T21:59:35.976703279Z [2026-09-21 21:59:35,976] INFO [ProducerStateManager partition=__consumer_offsets-0] Wrote producer snapshot at offset 4577 with 0 producer ids in 3 ms. (org.apache.kafka.storage.internals.log.ProducerStateManager)
kafka-2-1  | 2026-09-21T21:59:35.977500249Z [2026-09-21 21:59:35,977] INFO [LogLoader partition=__consumer_offsets-0, dir=/tmp/kafka-logs] Loading producer state till offset 4577 with message format version 2 (kafka.log.UnifiedLog$)
kafka-2-1  | 2026-09-21T21:59:35.977513150Z [2026-09-21 21:59:35,977] INFO [LogLoader partition=__consumer_offsets-0, dir=/tmp/kafka-logs] Reloading from producer snapshot and rebuilding producer state from offset 4577 (kafka.log.UnifiedLog$)
kafka-2-1  | 2026-09-21T21:59:35.977515350Z [2026-09-21 21:59:35,977] INFO [ProducerStateManager partition=__consumer_offsets-0] Loading producer state from snapshot file 'SnapshotFile(offset=4577, file=/tmp/kafka-logs/__consumer_offsets-0/00000000000000004577.snapshot)' (org.apache.kafka.storage.internals.log.ProducerStateManager)
kafka-2-1  | 2026-09-21T21:59:35.977729969Z [2026-09-21 21:59:35,977] INFO [LogLoader partition=__consumer_offsets-0, dir=/tmp/kafka-logs] Producer state recovery took 0ms for snapshot load and 0ms for segment recovery from offset 4577 (kafka.log.UnifiedLog$)
kafka-2-1  | 2026-09-21T21:59:35.978438032Z [2026-09-21 21:59:35,978] INFO Completed load of Log(dir=/tmp/kafka-logs/__consumer_offsets-0, topicId=um97SpqTSEC74qR1Iu-qow, topic=__consumer_offsets, partition=0, highWatermark=0, lastStableOffset=0, logStartOffset=0, logEndOffset=4577) with 1 segments, local-log-start-offset 0 and log-end-offset 4577 in 20ms (45/56 completed in /tmp/kafka-logs) (kafka.log.LogManager)
kafka-2-1  | 2026-09-21T21:59:35.979919562Z [2026-09-21 21:59:35,979] INFO [LogLoader partition=__consumer_offsets-7, dir=/tmp/kafka-logs] Recovering unflushed segment 0. 0/1 recovered for __consumer_offsets-7. (kafka.log.LogLoader)
kafka-2-1  | 2026-09-21T21:59:35.979952265Z [2026-09-21 21:59:35,979] INFO [LogLoader partition=__consumer_offsets-7, dir=/tmp/kafka-logs] Loading producer state till offset 0 with message format version 2 (kafka.log.UnifiedLog$)
kafka-2-1  | 2026-09-21T21:59:35.980004070Z [2026-09-21 21:59:35,979] INFO [LogLoader partition=__consumer_offsets-7, dir=/tmp/kafka-logs] Reloading from producer snapshot and rebuilding producer state from offset 0 (kafka.log.UnifiedLog$)
kafka-2-1  | 2026-09-21T21:59:35.980106379Z [2026-09-21 21:59:35,979] INFO [LogLoader partition=__consumer_offsets-7, dir=/tmp/kafka-logs] Producer state recovery took 0ms for snapshot load and 0ms for segment recovery from offset 0 (kafka.log.UnifiedLog$)
kafka-2-1  | 2026-09-21T21:59:35.983966620Z [2026-09-21 21:59:35,983] INFO [LogLoader partition=__consumer_offsets-7, dir=/tmp/kafka-logs] Loading producer state till offset 0 with message format version 2 (kafka.log.UnifiedLog$)
kafka-2-1  | 2026-09-21T21:59:35.983983221Z [2026-09-21 21:59:35,983] INFO [LogLoader partition=__consumer_offsets-7, dir=/tmp/kafka-logs] Reloading from producer snapshot and rebuilding producer state from offset 0 (kafka.log.UnifiedLog$)
kafka-2-1  | 2026-09-21T21:59:35.983985421Z [2026-09-21 21:59:35,983] INFO [LogLoader partition=__consumer_offsets-7, dir=/tmp/kafka-logs] Producer state recovery took 0ms for snapshot load and 0ms for segment recovery from offset 0 (kafka.log.UnifiedLog$)
kafka-2-1  | 2026-09-21T21:59:35.985037414Z [2026-09-21 21:59:35,984] INFO Completed load of Log(dir=/tmp/kafka-logs/__consumer_offsets-7, topicId=um97SpqTSEC74qR1Iu-qow, topic=__consumer_offsets, partition=7, highWatermark=0, lastStableOffset=0, logStartOffset=0, logEndOffset=0) with 1 segments, local-log-start-offset 0 and log-end-offset 0 in 7ms (46/56 completed in /tmp/kafka-logs) (kafka.log.LogManager)
kafka-2-1  | 2026-09-21T21:59:35.986320727Z [2026-09-21 21:59:35,986] INFO [LogLoader partition=__consumer_offsets-29, dir=/tmp/kafka-logs] Recovering unflushed segment 0. 0/1 recovered for __consumer_offsets-29. (kafka.log.LogLoader)
kafka-2-1  | 2026-09-21T21:59:35.986491943Z [2026-09-21 21:59:35,986] INFO [LogLoader partition=__consumer_offsets-29, dir=/tmp/kafka-logs] Loading producer state till offset 0 with message format version 2 (kafka.log.UnifiedLog$)
kafka-2-1  | 2026-09-21T21:59:35.986498243Z [2026-09-21 21:59:35,986] INFO [LogLoader partition=__consumer_offsets-29, dir=/tmp/kafka-logs] Reloading from producer snapshot and rebuilding producer state from offset 0 (kafka.log.UnifiedLog$)
kafka-2-1  | 2026-09-21T21:59:35.986500043Z [2026-09-21 21:59:35,986] INFO [LogLoader partition=__consumer_offsets-29, dir=/tmp/kafka-logs] Producer state recovery took 0ms for snapshot load and 0ms for segment recovery from offset 0 (kafka.log.UnifiedLog$)
kafka-2-1  | 2026-09-21T21:59:35.990053757Z [2026-09-21 21:59:35,989] INFO [LogLoader partition=__consumer_offsets-29, dir=/tmp/kafka-logs] Loading producer state till offset 0 with message format version 2 (kafka.log.UnifiedLog$)
kafka-2-1  | 2026-09-21T21:59:35.990073259Z [2026-09-21 21:59:35,989] INFO [LogLoader partition=__consumer_offsets-29, dir=/tmp/kafka-logs] Reloading from producer snapshot and rebuilding producer state from offset 0 (kafka.log.UnifiedLog$)
kafka-2-1  | 2026-09-21T21:59:35.990075459Z [2026-09-21 21:59:35,989] INFO [LogLoader partition=__consumer_offsets-29, dir=/tmp/kafka-logs] Producer state recovery took 0ms for snapshot load and 0ms for segment recovery from offset 0 (kafka.log.UnifiedLog$)
kafka-2-1  | 2026-09-21T21:59:35.990846327Z [2026-09-21 21:59:35,990] INFO Completed load of Log(dir=/tmp/kafka-logs/__consumer_offsets-29, topicId=um97SpqTSEC74qR1Iu-qow, topic=__consumer_offsets, partition=29, highWatermark=0, lastStableOffset=0, logStartOffset=0, logEndOffset=0) with 1 segments, local-log-start-offset 0 and log-end-offset 0 in 6ms (47/56 completed in /tmp/kafka-logs) (kafka.log.LogManager)
kafka-2-1  | 2026-09-21T21:59:35.993090625Z [2026-09-21 21:59:35,992] INFO [LogLoader partition=__consumer_offsets-47, dir=/tmp/kafka-logs] Recovering unflushed segment 0. 0/1 recovered for __consumer_offsets-47. (kafka.log.LogLoader)
kafka-2-1  | 2026-09-21T21:59:35.993470659Z [2026-09-21 21:59:35,993] INFO [LogLoader partition=__consumer_offsets-47, dir=/tmp/kafka-logs] Loading producer state till offset 0 with message format version 2 (kafka.log.UnifiedLog$)
kafka-2-1  | 2026-09-21T21:59:35.993479659Z [2026-09-21 21:59:35,993] INFO [LogLoader partition=__consumer_offsets-47, dir=/tmp/kafka-logs] Reloading from producer snapshot and rebuilding producer state from offset 0 (kafka.log.UnifiedLog$)
kafka-2-1  | 2026-09-21T21:59:35.993481560Z [2026-09-21 21:59:35,993] INFO [LogLoader partition=__consumer_offsets-47, dir=/tmp/kafka-logs] Producer state recovery took 0ms for snapshot load and 0ms for segment recovery from offset 0 (kafka.log.UnifiedLog$)
kafka-2-1  | 2026-09-21T21:59:35.997135882Z [2026-09-21 21:59:35,996] INFO [LogLoader partition=__consumer_offsets-47, dir=/tmp/kafka-logs] Loading producer state till offset 0 with message format version 2 (kafka.log.UnifiedLog$)
kafka-2-1  | 2026-09-21T21:59:35.997154284Z [2026-09-21 21:59:35,997] INFO [LogLoader partition=__consumer_offsets-47, dir=/tmp/kafka-logs] Reloading from producer snapshot and rebuilding producer state from offset 0 (kafka.log.UnifiedLog$)
kafka-2-1  | 2026-09-21T21:59:35.997156484Z [2026-09-21 21:59:35,997] INFO [LogLoader partition=__consumer_offsets-47, dir=/tmp/kafka-logs] Producer state recovery took 0ms for snapshot load and 0ms for segment recovery from offset 0 (kafka.log.UnifiedLog$)
kafka-2-1  | 2026-09-21T21:59:35.998000958Z [2026-09-21 21:59:35,997] INFO Completed load of Log(dir=/tmp/kafka-logs/__consumer_offsets-47, topicId=um97SpqTSEC74qR1Iu-qow, topic=__consumer_offsets, partition=47, highWatermark=0, lastStableOffset=0, logStartOffset=0, logEndOffset=0) with 1 segments, local-log-start-offset 0 and log-end-offset 0 in 7ms (48/56 completed in /tmp/kafka-logs) (kafka.log.LogManager)
kafka-2-1  | 2026-09-21T21:59:35.999322675Z [2026-09-21 21:59:35,999] INFO [LogLoader partition=__consumer_offsets-22, dir=/tmp/kafka-logs] Recovering unflushed segment 0. 0/1 recovered for __consumer_offsets-22. (kafka.log.LogLoader)
kafka-2-1  | 2026-09-21T21:59:35.999417384Z [2026-09-21 21:59:35,999] INFO [LogLoader partition=__consumer_offsets-22, dir=/tmp/kafka-logs] Loading producer state till offset 0 with message format version 2 (kafka.log.UnifiedLog$)
kafka-2-1  | 2026-09-21T21:59:35.999425084Z [2026-09-21 21:59:35,999] INFO [LogLoader partition=__consumer_offsets-22, dir=/tmp/kafka-logs] Reloading from producer snapshot and rebuilding producer state from offset 0 (kafka.log.UnifiedLog$)
kafka-2-1  | 2026-09-21T21:59:35.999426984Z [2026-09-21 21:59:35,999] INFO [LogLoader partition=__consumer_offsets-22, dir=/tmp/kafka-logs] Producer state recovery took 0ms for snapshot load and 0ms for segment recovery from offset 0 (kafka.log.UnifiedLog$)
kafka-2-1  | 2026-09-21T21:59:36.002891590Z [2026-09-21 21:59:36,002] INFO [LogLoader partition=__consumer_offsets-22, dir=/tmp/kafka-logs] Loading producer state till offset 0 with message format version 2 (kafka.log.UnifiedLog$)
kafka-2-1  | 2026-09-21T21:59:36.002918193Z [2026-09-21 21:59:36,002] INFO [LogLoader partition=__consumer_offsets-22, dir=/tmp/kafka-logs] Reloading from producer snapshot and rebuilding producer state from offset 0 (kafka.log.UnifiedLog$)
kafka-2-1  | 2026-09-21T21:59:36.002920593Z [2026-09-21 21:59:36,002] INFO [LogLoader partition=__consumer_offsets-22, dir=/tmp/kafka-logs] Producer state recovery took 0ms for snapshot load and 0ms for segment recovery from offset 0 (kafka.log.UnifiedLog$)
kafka-2-1  | 2026-09-21T21:59:36.003635156Z [2026-09-21 21:59:36,003] INFO Completed load of Log(dir=/tmp/kafka-logs/__consumer_offsets-22, topicId=um97SpqTSEC74qR1Iu-qow, topic=__consumer_offsets, partition=22, highWatermark=0, lastStableOffset=0, logStartOffset=0, logEndOffset=0) with 1 segments, local-log-start-offset 0 and log-end-offset 0 in 5ms (49/56 completed in /tmp/kafka-logs) (kafka.log.LogManager)
kafka-2-1  | 2026-09-21T21:59:36.004870465Z [2026-09-21 21:59:36,004] INFO [LogLoader partition=__consumer_offsets-24, dir=/tmp/kafka-logs] Recovering unflushed segment 0. 0/1 recovered for __consumer_offsets-24. (kafka.log.LogLoader)
kafka-2-1  | 2026-09-21T21:59:36.004976774Z [2026-09-21 21:59:36,004] INFO [LogLoader partition=__consumer_offsets-24, dir=/tmp/kafka-logs] Loading producer state till offset 0 with message format version 2 (kafka.log.UnifiedLog$)
kafka-2-1  | 2026-09-21T21:59:36.004984575Z [2026-09-21 21:59:36,004] INFO [LogLoader partition=__consumer_offsets-24, dir=/tmp/kafka-logs] Reloading from producer snapshot and rebuilding producer state from offset 0 (kafka.log.UnifiedLog$)
kafka-2-1  | 2026-09-21T21:59:36.004986375Z [2026-09-21 21:59:36,004] INFO [LogLoader partition=__consumer_offsets-24, dir=/tmp/kafka-logs] Producer state recovery took 0ms for snapshot load and 0ms for segment recovery from offset 0 (kafka.log.UnifiedLog$)
kafka-2-1  | 2026-09-21T21:59:36.008319569Z [2026-09-21 21:59:36,008] INFO [LogLoader partition=__consumer_offsets-24, dir=/tmp/kafka-logs] Loading producer state till offset 0 with message format version 2 (kafka.log.UnifiedLog$)
kafka-2-1  | 2026-09-21T21:59:36.008338171Z [2026-09-21 21:59:36,008] INFO [LogLoader partition=__consumer_offsets-24, dir=/tmp/kafka-logs] Reloading from producer snapshot and rebuilding producer state from offset 0 (kafka.log.UnifiedLog$)
kafka-2-1  | 2026-09-21T21:59:36.008340471Z [2026-09-21 21:59:36,008] INFO [LogLoader partition=__consumer_offsets-24, dir=/tmp/kafka-logs] Producer state recovery took 0ms for snapshot load and 0ms for segment recovery from offset 0 (kafka.log.UnifiedLog$)
kafka-2-1  | 2026-09-21T21:59:36.009786099Z [2026-09-21 21:59:36,009] INFO Completed load of Log(dir=/tmp/kafka-logs/__consumer_offsets-24, topicId=um97SpqTSEC74qR1Iu-qow, topic=__consumer_offsets, partition=24, highWatermark=0, lastStableOffset=0, logStartOffset=0, logEndOffset=0) with 1 segments, local-log-start-offset 0 and log-end-offset 0 in 5ms (50/56 completed in /tmp/kafka-logs) (kafka.log.LogManager)
kafka-2-1  | 2026-09-21T21:59:36.011181722Z [2026-09-21 21:59:36,011] INFO [LogLoader partition=dados-sensores-5, dir=/tmp/kafka-logs] Recovering unflushed segment 0. 0/1 recovered for dados-sensores-5. (kafka.log.LogLoader)
kafka-2-1  | 2026-09-21T21:59:36.011246728Z [2026-09-21 21:59:36,011] INFO [LogLoader partition=dados-sensores-5, dir=/tmp/kafka-logs] Loading producer state till offset 0 with message format version 2 (kafka.log.UnifiedLog$)
kafka-2-1  | 2026-09-21T21:59:36.011380940Z [2026-09-21 21:59:36,011] INFO [LogLoader partition=dados-sensores-5, dir=/tmp/kafka-logs] Reloading from producer snapshot and rebuilding producer state from offset 0 (kafka.log.UnifiedLog$)
kafka-2-1  | 2026-09-21T21:59:36.011398041Z [2026-09-21 21:59:36,011] INFO [LogLoader partition=dados-sensores-5, dir=/tmp/kafka-logs] Producer state recovery took 0ms for snapshot load and 0ms for segment recovery from offset 0 (kafka.log.UnifiedLog$)
kafka-2-1  | 2026-09-21T21:59:36.014450511Z [2026-09-21 21:59:36,014] INFO [LogLoader partition=dados-sensores-5, dir=/tmp/kafka-logs] Loading producer state till offset 0 with message format version 2 (kafka.log.UnifiedLog$)
kafka-2-1  | 2026-09-21T21:59:36.014465312Z [2026-09-21 21:59:36,014] INFO [LogLoader partition=dados-sensores-5, dir=/tmp/kafka-logs] Reloading from producer snapshot and rebuilding producer state from offset 0 (kafka.log.UnifiedLog$)
kafka-2-1  | 2026-09-21T21:59:36.014467412Z [2026-09-21 21:59:36,014] INFO [LogLoader partition=dados-sensores-5, dir=/tmp/kafka-logs] Producer state recovery took 0ms for snapshot load and 0ms for segment recovery from offset 0 (kafka.log.UnifiedLog$)
kafka-2-1  | 2026-09-21T21:59:36.015248281Z [2026-09-21 21:59:36,015] INFO Completed load of Log(dir=/tmp/kafka-logs/dados-sensores-5, topicId=TOQUTEIYQC2WEzitbIedXg, topic=dados-sensores, partition=5, highWatermark=0, lastStableOffset=0, logStartOffset=0, logEndOffset=0) with 1 segments, local-log-start-offset 0 and log-end-offset 0 in 5ms (51/56 completed in /tmp/kafka-logs) (kafka.log.LogManager)
kafka-2-1  | 2026-09-21T21:59:36.016420284Z [2026-09-21 21:59:36,016] INFO [LogLoader partition=__consumer_offsets-21, dir=/tmp/kafka-logs] Recovering unflushed segment 0. 0/1 recovered for __consumer_offsets-21. (kafka.log.LogLoader)
kafka-2-1  | 2026-09-21T21:59:36.016460288Z [2026-09-21 21:59:36,016] INFO [LogLoader partition=__consumer_offsets-21, dir=/tmp/kafka-logs] Loading producer state till offset 0 with message format version 2 (kafka.log.UnifiedLog$)
kafka-2-1  | 2026-09-21T21:59:36.016513693Z [2026-09-21 21:59:36,016] INFO [LogLoader partition=__consumer_offsets-21, dir=/tmp/kafka-logs] Reloading from producer snapshot and rebuilding producer state from offset 0 (kafka.log.UnifiedLog$)
kafka-2-1  | 2026-09-21T21:59:36.016521493Z [2026-09-21 21:59:36,016] INFO [LogLoader partition=__consumer_offsets-21, dir=/tmp/kafka-logs] Producer state recovery took 0ms for snapshot load and 0ms for segment recovery from offset 0 (kafka.log.UnifiedLog$)
kafka-2-1  | 2026-09-21T21:59:36.020100109Z [2026-09-21 21:59:36,019] INFO [LogLoader partition=__consumer_offsets-21, dir=/tmp/kafka-logs] Loading producer state till offset 0 with message format version 2 (kafka.log.UnifiedLog$)
kafka-2-1  | 2026-09-21T21:59:36.020115511Z [2026-09-21 21:59:36,019] INFO [LogLoader partition=__consumer_offsets-21, dir=/tmp/kafka-logs] Reloading from producer snapshot and rebuilding producer state from offset 0 (kafka.log.UnifiedLog$)
kafka-2-1  | 2026-09-21T21:59:36.020117511Z [2026-09-21 21:59:36,020] INFO [LogLoader partition=__consumer_offsets-21, dir=/tmp/kafka-logs] Producer state recovery took 1ms for snapshot load and 0ms for segment recovery from offset 0 (kafka.log.UnifiedLog$)
kafka-2-1  | 2026-09-21T21:59:36.020705563Z [2026-09-21 21:59:36,020] INFO Completed load of Log(dir=/tmp/kafka-logs/__consumer_offsets-21, topicId=um97SpqTSEC74qR1Iu-qow, topic=__consumer_offsets, partition=21, highWatermark=0, lastStableOffset=0, logStartOffset=0, logEndOffset=0) with 1 segments, local-log-start-offset 0 and log-end-offset 0 in 5ms (52/56 completed in /tmp/kafka-logs) (kafka.log.LogManager)
kafka-2-1  | 2026-09-21T21:59:36.021943972Z [2026-09-21 21:59:36,021] INFO [LogLoader partition=__consumer_offsets-37, dir=/tmp/kafka-logs] Recovering unflushed segment 0. 0/1 recovered for __consumer_offsets-37. (kafka.log.LogLoader)
kafka-2-1  | 2026-09-21T21:59:36.022176793Z [2026-09-21 21:59:36,021] INFO [LogLoader partition=__consumer_offsets-37, dir=/tmp/kafka-logs] Loading producer state till offset 0 with message format version 2 (kafka.log.UnifiedLog$)
kafka-2-1  | 2026-09-21T21:59:36.022184393Z [2026-09-21 21:59:36,022] INFO [LogLoader partition=__consumer_offsets-37, dir=/tmp/kafka-logs] Reloading from producer snapshot and rebuilding producer state from offset 0 (kafka.log.UnifiedLog$)
kafka-2-1  | 2026-09-21T21:59:36.022186193Z [2026-09-21 21:59:36,022] INFO [LogLoader partition=__consumer_offsets-37, dir=/tmp/kafka-logs] Producer state recovery took 0ms for snapshot load and 0ms for segment recovery from offset 0 (kafka.log.UnifiedLog$)
kafka-2-1  | 2026-09-21T21:59:36.030070689Z [2026-09-21 21:59:36,029] INFO [LogLoader partition=__consumer_offsets-37, dir=/tmp/kafka-logs] Loading producer state till offset 0 with message format version 2 (kafka.log.UnifiedLog$)
kafka-2-1  | 2026-09-21T21:59:36.030090591Z [2026-09-21 21:59:36,029] INFO [LogLoader partition=__consumer_offsets-37, dir=/tmp/kafka-logs] Reloading from producer snapshot and rebuilding producer state from offset 0 (kafka.log.UnifiedLog$)
kafka-2-1  | 2026-09-21T21:59:36.030092891Z [2026-09-21 21:59:36,029] INFO [LogLoader partition=__consumer_offsets-37, dir=/tmp/kafka-logs] Producer state recovery took 0ms for snapshot load and 0ms for segment recovery from offset 0 (kafka.log.UnifiedLog$)
kafka-2-1  | 2026-09-21T21:59:36.030862359Z [2026-09-21 21:59:36,030] INFO Completed load of Log(dir=/tmp/kafka-logs/__consumer_offsets-37, topicId=um97SpqTSEC74qR1Iu-qow, topic=__consumer_offsets, partition=37, highWatermark=0, lastStableOffset=0, logStartOffset=0, logEndOffset=0) with 1 segments, local-log-start-offset 0 and log-end-offset 0 in 10ms (53/56 completed in /tmp/kafka-logs) (kafka.log.LogManager)
kafka-2-1  | 2026-09-21T21:59:36.032369692Z [2026-09-21 21:59:36,032] INFO [LogLoader partition=__consumer_offsets-26, dir=/tmp/kafka-logs] Recovering unflushed segment 0. 0/1 recovered for __consumer_offsets-26. (kafka.log.LogLoader)
kafka-2-1  | 2026-09-21T21:59:36.032630015Z [2026-09-21 21:59:36,032] INFO [LogLoader partition=__consumer_offsets-26, dir=/tmp/kafka-logs] Loading producer state till offset 0 with message format version 2 (kafka.log.UnifiedLog$)
kafka-2-1  | 2026-09-21T21:59:36.032638116Z [2026-09-21 21:59:36,032] INFO [LogLoader partition=__consumer_offsets-26, dir=/tmp/kafka-logs] Reloading from producer snapshot and rebuilding producer state from offset 0 (kafka.log.UnifiedLog$)
kafka-2-1  | 2026-09-21T21:59:36.032640116Z [2026-09-21 21:59:36,032] INFO [LogLoader partition=__consumer_offsets-26, dir=/tmp/kafka-logs] Producer state recovery took 0ms for snapshot load and 0ms for segment recovery from offset 0 (kafka.log.UnifiedLog$)
kafka-2-1  | 2026-09-21T21:59:36.035983211Z [2026-09-21 21:59:36,035] INFO [LogLoader partition=__consumer_offsets-26, dir=/tmp/kafka-logs] Loading producer state till offset 0 with message format version 2 (kafka.log.UnifiedLog$)
kafka-2-1  | 2026-09-21T21:59:36.036001613Z [2026-09-21 21:59:36,035] INFO [LogLoader partition=__consumer_offsets-26, dir=/tmp/kafka-logs] Reloading from producer snapshot and rebuilding producer state from offset 0 (kafka.log.UnifiedLog$)
kafka-2-1  | 2026-09-21T21:59:36.036003613Z [2026-09-21 21:59:36,035] INFO [LogLoader partition=__consumer_offsets-26, dir=/tmp/kafka-logs] Producer state recovery took 0ms for snapshot load and 0ms for segment recovery from offset 0 (kafka.log.UnifiedLog$)
kafka-2-1  | 2026-09-21T21:59:36.036639269Z [2026-09-21 21:59:36,036] INFO Completed load of Log(dir=/tmp/kafka-logs/__consumer_offsets-26, topicId=um97SpqTSEC74qR1Iu-qow, topic=__consumer_offsets, partition=26, highWatermark=0, lastStableOffset=0, logStartOffset=0, logEndOffset=0) with 1 segments, local-log-start-offset 0 and log-end-offset 0 in 5ms (54/56 completed in /tmp/kafka-logs) (kafka.log.LogManager)
kafka-2-1  | 2026-09-21T21:59:36.037873978Z [2026-09-21 21:59:36,037] INFO [LogLoader partition=dados-sensores-4, dir=/tmp/kafka-logs] Recovering unflushed segment 0. 0/1 recovered for dados-sensores-4. (kafka.log.LogLoader)
kafka-2-1  | 2026-09-21T21:59:36.037934183Z [2026-09-21 21:59:36,037] INFO [LogLoader partition=dados-sensores-4, dir=/tmp/kafka-logs] Loading producer state till offset 0 with message format version 2 (kafka.log.UnifiedLog$)
kafka-2-1  | 2026-09-21T21:59:36.037940484Z [2026-09-21 21:59:36,037] INFO [LogLoader partition=dados-sensores-4, dir=/tmp/kafka-logs] Reloading from producer snapshot and rebuilding producer state from offset 0 (kafka.log.UnifiedLog$)
kafka-2-1  | 2026-09-21T21:59:36.037942384Z [2026-09-21 21:59:36,037] INFO [LogLoader partition=dados-sensores-4, dir=/tmp/kafka-logs] Producer state recovery took 0ms for snapshot load and 0ms for segment recovery from offset 0 (kafka.log.UnifiedLog$)
kafka-2-1  | 2026-09-21T21:59:36.048006273Z [2026-09-21 21:59:36,047] INFO [ProducerStateManager partition=dados-sensores-4] Wrote producer snapshot at offset 776 with 1 producer ids in 2 ms. (org.apache.kafka.storage.internals.log.ProducerStateManager)
kafka-2-1  | 2026-09-21T21:59:36.048750038Z [2026-09-21 21:59:36,048] INFO [LogLoader partition=dados-sensores-4, dir=/tmp/kafka-logs] Loading producer state till offset 776 with message format version 2 (kafka.log.UnifiedLog$)
kafka-2-1  | 2026-09-21T21:59:36.048763439Z [2026-09-21 21:59:36,048] INFO [LogLoader partition=dados-sensores-4, dir=/tmp/kafka-logs] Reloading from producer snapshot and rebuilding producer state from offset 776 (kafka.log.UnifiedLog$)
kafka-2-1  | 2026-09-21T21:59:36.048765640Z [2026-09-21 21:59:36,048] INFO [ProducerStateManager partition=dados-sensores-4] Loading producer state from snapshot file 'SnapshotFile(offset=776, file=/tmp/kafka-logs/dados-sensores-4/00000000000000000776.snapshot)' (org.apache.kafka.storage.internals.log.ProducerStateManager)
kafka-2-1  | 2026-09-21T21:59:36.048953556Z [2026-09-21 21:59:36,048] INFO [LogLoader partition=dados-sensores-4, dir=/tmp/kafka-logs] Producer state recovery took 0ms for snapshot load and 0ms for segment recovery from offset 776 (kafka.log.UnifiedLog$)
kafka-2-1  | 2026-09-21T21:59:36.049990248Z [2026-09-21 21:59:36,049] INFO Completed load of Log(dir=/tmp/kafka-logs/dados-sensores-4, topicId=TOQUTEIYQC2WEzitbIedXg, topic=dados-sensores, partition=4, highWatermark=0, lastStableOffset=0, logStartOffset=0, logEndOffset=776) with 1 segments, local-log-start-offset 0 and log-end-offset 776 in 13ms (55/56 completed in /tmp/kafka-logs) (kafka.log.LogManager)
kafka-2-1  | 2026-09-21T21:59:36.051138149Z [2026-09-21 21:59:36,050] INFO [LogLoader partition=__consumer_offsets-6, dir=/tmp/kafka-logs] Recovering unflushed segment 0. 0/1 recovered for __consumer_offsets-6. (kafka.log.LogLoader)
kafka-2-1  | 2026-09-21T21:59:36.051154250Z [2026-09-21 21:59:36,051] INFO [LogLoader partition=__consumer_offsets-6, dir=/tmp/kafka-logs] Loading producer state till offset 0 with message format version 2 (kafka.log.UnifiedLog$)
kafka-2-1  | 2026-09-21T21:59:36.051245658Z [2026-09-21 21:59:36,051] INFO [LogLoader partition=__consumer_offsets-6, dir=/tmp/kafka-logs] Reloading from producer snapshot and rebuilding producer state from offset 0 (kafka.log.UnifiedLog$)
kafka-2-1  | 2026-09-21T21:59:36.051253359Z [2026-09-21 21:59:36,051] INFO [LogLoader partition=__consumer_offsets-6, dir=/tmp/kafka-logs] Producer state recovery took 0ms for snapshot load and 0ms for segment recovery from offset 0 (kafka.log.UnifiedLog$)
kafka-2-1  | 2026-09-21T21:59:36.054705664Z [2026-09-21 21:59:36,054] INFO [LogLoader partition=__consumer_offsets-6, dir=/tmp/kafka-logs] Loading producer state till offset 0 with message format version 2 (kafka.log.UnifiedLog$)
kafka-2-1  | 2026-09-21T21:59:36.054724266Z [2026-09-21 21:59:36,054] INFO [LogLoader partition=__consumer_offsets-6, dir=/tmp/kafka-logs] Reloading from producer snapshot and rebuilding producer state from offset 0 (kafka.log.UnifiedLog$)
kafka-2-1  | 2026-09-21T21:59:36.054726566Z [2026-09-21 21:59:36,054] INFO [LogLoader partition=__consumer_offsets-6, dir=/tmp/kafka-logs] Producer state recovery took 0ms for snapshot load and 0ms for segment recovery from offset 0 (kafka.log.UnifiedLog$)
kafka-2-1  | 2026-09-21T21:59:36.055687551Z [2026-09-21 21:59:36,055] INFO Completed load of Log(dir=/tmp/kafka-logs/__consumer_offsets-6, topicId=um97SpqTSEC74qR1Iu-qow, topic=__consumer_offsets, partition=6, highWatermark=0, lastStableOffset=0, logStartOffset=0, logEndOffset=0) with 1 segments, local-log-start-offset 0 and log-end-offset 0 in 5ms (56/56 completed in /tmp/kafka-logs) (kafka.log.LogManager)
kafka-2-1  | 2026-09-21T21:59:36.057728231Z [2026-09-21 21:59:36,057] INFO Loaded 56 logs in 444ms (unclean log dirs = ArrayBuffer(/tmp/kafka-logs)) (kafka.log.LogManager)
kafka-2-1  | 2026-09-21T21:59:36.058044159Z [2026-09-21 21:59:36,057] INFO Starting log cleanup with a period of 300000 ms. (kafka.log.LogManager)
kafka-2-1  | 2026-09-21T21:59:36.058455495Z [2026-09-21 21:59:36,058] INFO Starting log flusher with a default period of 9223372036854775807 ms. (kafka.log.LogManager)
kafka-2-1  | 2026-09-21T21:59:36.120475069Z [2026-09-21 21:59:36,120] INFO [kafka-log-cleaner-thread-0]: Starting (kafka.log.LogCleaner$CleanerThread)
kafka-2-1  | 2026-09-21T21:59:36.122275328Z [2026-09-21 21:59:36,122] INFO [LogDirFailureHandler]: Starting (kafka.server.ReplicaManager$LogDirFailureHandler)
kafka-2-1  | 2026-09-21T21:59:36.123064398Z [2026-09-21 21:59:36,122] INFO [AddPartitionsToTxnSenderThread-2]: Starting (kafka.server.AddPartitionsToTxnManager)
kafka-2-1  | 2026-09-21T21:59:36.123851267Z [2026-09-21 21:59:36,123] INFO [GroupCoordinator 2]: Starting up. (kafka.coordinator.group.GroupCoordinator)
kafka-2-1  | 2026-09-21T21:59:36.125662927Z [2026-09-21 21:59:36,125] INFO [GroupCoordinator 2]: Startup complete. (kafka.coordinator.group.GroupCoordinator)
kafka-2-1  | 2026-09-21T21:59:36.126455497Z [2026-09-21 21:59:36,126] INFO [TransactionCoordinator id=2] Starting up. (kafka.coordinator.transaction.TransactionCoordinator)
kafka-2-1  | 2026-09-21T21:59:36.129385756Z [2026-09-21 21:59:36,129] INFO [TxnMarkerSenderThread-2]: Starting (kafka.coordinator.transaction.TransactionMarkerChannelManager)
kafka-2-1  | 2026-09-21T21:59:36.129619877Z [2026-09-21 21:59:36,129] INFO [TransactionCoordinator id=2] Startup complete. (kafka.coordinator.transaction.TransactionCoordinator)
kafka-2-1  | 2026-09-21T21:59:36.142638526Z [2026-09-21 21:59:36,142] INFO [Partition __consumer_offsets-13 broker=2] Log loaded for partition __consumer_offsets-13 with initial high watermark 0 (kafka.cluster.Partition)
kafka-2-1  | 2026-09-21T21:59:36.144631402Z [2026-09-21 21:59:36,144] INFO [Partition __consumer_offsets-46 broker=2] Log loaded for partition __consumer_offsets-46 with initial high watermark 0 (kafka.cluster.Partition)
kafka-2-1  | 2026-09-21T21:59:36.145116345Z [2026-09-21 21:59:36,144] INFO [Partition __consumer_offsets-9 broker=2] Log loaded for partition __consumer_offsets-9 with initial high watermark 0 (kafka.cluster.Partition)
kafka-2-1  | 2026-09-21T21:59:36.145534682Z [2026-09-21 21:59:36,145] INFO [Partition __consumer_offsets-42 broker=2] Log loaded for partition __consumer_offsets-42 with initial high watermark 0 (kafka.cluster.Partition)
kafka-2-1  | 2026-09-21T21:59:36.146115333Z [2026-09-21 21:59:36,145] INFO [Partition __consumer_offsets-21 broker=2] Log loaded for partition __consumer_offsets-21 with initial high watermark 0 (kafka.cluster.Partition)
kafka-2-1  | 2026-09-21T21:59:36.146609676Z [2026-09-21 21:59:36,146] INFO [Partition __consumer_offsets-17 broker=2] Log loaded for partition __consumer_offsets-17 with initial high watermark 0 (kafka.cluster.Partition)
kafka-2-1  | 2026-09-21T21:59:36.147510756Z [2026-09-21 21:59:36,147] INFO [Partition dados-sensores-4 broker=2] Log loaded for partition dados-sensores-4 with initial high watermark 774 (kafka.cluster.Partition)
kafka-2-1  | 2026-09-21T21:59:36.148283824Z [2026-09-21 21:59:36,148] INFO [Partition __consumer_offsets-30 broker=2] Log loaded for partition __consumer_offsets-30 with initial high watermark 0 (kafka.cluster.Partition)
kafka-2-1  | 2026-09-21T21:59:36.149139300Z [2026-09-21 21:59:36,148] INFO [Partition __consumer_offsets-26 broker=2] Log loaded for partition __consumer_offsets-26 with initial high watermark 0 (kafka.cluster.Partition)
kafka-2-1  | 2026-09-21T21:59:36.149787457Z [2026-09-21 21:59:36,149] INFO [Partition __consumer_offsets-5 broker=2] Log loaded for partition __consumer_offsets-5 with initial high watermark 0 (kafka.cluster.Partition)
kafka-2-1  | 2026-09-21T21:59:36.150418013Z [2026-09-21 21:59:36,150] INFO [Partition __consumer_offsets-38 broker=2] Log loaded for partition __consumer_offsets-38 with initial high watermark 0 (kafka.cluster.Partition)
kafka-2-1  | 2026-09-21T21:59:36.150982762Z [2026-09-21 21:59:36,150] INFO [Partition dados-sensores-0 broker=2] Log loaded for partition dados-sensores-0 with initial high watermark 773 (kafka.cluster.Partition)
kafka-2-1  | 2026-09-21T21:59:36.151834938Z [2026-09-21 21:59:36,151] INFO [Partition __consumer_offsets-1 broker=2] Log loaded for partition __consumer_offsets-1 with initial high watermark 0 (kafka.cluster.Partition)
kafka-2-1  | 2026-09-21T21:59:36.152406288Z [2026-09-21 21:59:36,152] INFO [Partition __consumer_offsets-34 broker=2] Log loaded for partition __consumer_offsets-34 with initial high watermark 0 (kafka.cluster.Partition)
kafka-2-1  | 2026-09-21T21:59:36.153192557Z [2026-09-21 21:59:36,152] INFO [Partition __consumer_offsets-16 broker=2] Log loaded for partition __consumer_offsets-16 with initial high watermark 0 (kafka.cluster.Partition)
kafka-2-1  | 2026-09-21T21:59:36.153853116Z [2026-09-21 21:59:36,153] INFO [Partition __consumer_offsets-45 broker=2] Log loaded for partition __consumer_offsets-45 with initial high watermark 0 (kafka.cluster.Partition)
kafka-2-1  | 2026-09-21T21:59:36.154455569Z [2026-09-21 21:59:36,154] INFO [Partition __consumer_offsets-12 broker=2] Log loaded for partition __consumer_offsets-12 with initial high watermark 0 (kafka.cluster.Partition)
kafka-2-1  | 2026-09-21T21:59:36.155202335Z [2026-09-21 21:59:36,154] INFO [Partition __consumer_offsets-41 broker=2] Log loaded for partition __consumer_offsets-41 with initial high watermark 0 (kafka.cluster.Partition)
kafka-2-1  | 2026-09-21T21:59:36.156195123Z [2026-09-21 21:59:36,155] INFO [Partition __consumer_offsets-24 broker=2] Log loaded for partition __consumer_offsets-24 with initial high watermark 0 (kafka.cluster.Partition)
kafka-2-1  | 2026-09-21T21:59:36.156700367Z [2026-09-21 21:59:36,156] INFO [Partition __consumer_offsets-20 broker=2] Log loaded for partition __consumer_offsets-20 with initial high watermark 0 (kafka.cluster.Partition)
kafka-2-1  | 2026-09-21T21:59:36.157408830Z [2026-09-21 21:59:36,157] INFO [Partition __consumer_offsets-49 broker=2] Log loaded for partition __consumer_offsets-49 with initial high watermark 0 (kafka.cluster.Partition)
kafka-2-1  | 2026-09-21T21:59:36.157925075Z [2026-09-21 21:59:36,157] INFO [Partition dados-sensores-5 broker=2] Log loaded for partition dados-sensores-5 with initial high watermark 0 (kafka.cluster.Partition)
kafka-2-1  | 2026-09-21T21:59:36.158831955Z [2026-09-21 21:59:36,158] INFO [Partition __consumer_offsets-0 broker=2] Log loaded for partition __consumer_offsets-0 with initial high watermark 4563 (kafka.cluster.Partition)
kafka-2-1  | 2026-09-21T21:59:36.159453210Z [2026-09-21 21:59:36,159] INFO [Partition __consumer_offsets-29 broker=2] Log loaded for partition __consumer_offsets-29 with initial high watermark 0 (kafka.cluster.Partition)
kafka-2-1  | 2026-09-21T21:59:36.160317686Z [2026-09-21 21:59:36,159] INFO [Partition __consumer_offsets-25 broker=2] Log loaded for partition __consumer_offsets-25 with initial high watermark 0 (kafka.cluster.Partition)
kafka-2-1  | 2026-09-21T21:59:36.161415083Z [2026-09-21 21:59:36,161] INFO [Partition __consumer_offsets-8 broker=2] Log loaded for partition __consumer_offsets-8 with initial high watermark 0 (kafka.cluster.Partition)
kafka-2-1  | 2026-09-21T21:59:36.161981633Z [2026-09-21 21:59:36,161] INFO [Partition __consumer_offsets-37 broker=2] Log loaded for partition __consumer_offsets-37 with initial high watermark 0 (kafka.cluster.Partition)
kafka-2-1  | 2026-09-21T21:59:36.162710798Z [2026-09-21 21:59:36,162] INFO [Partition dados-sensores-1 broker=2] Log loaded for partition dados-sensores-1 with initial high watermark 0 (kafka.cluster.Partition)
kafka-2-1  | 2026-09-21T21:59:36.163281448Z [2026-09-21 21:59:36,163] INFO [Partition __consumer_offsets-4 broker=2] Log loaded for partition __consumer_offsets-4 with initial high watermark 0 (kafka.cluster.Partition)
kafka-2-1  | 2026-09-21T21:59:36.163732788Z [2026-09-21 21:59:36,163] INFO [Partition __consumer_offsets-33 broker=2] Log loaded for partition __consumer_offsets-33 with initial high watermark 0 (kafka.cluster.Partition)
kafka-2-1  | 2026-09-21T21:59:36.164286537Z [2026-09-21 21:59:36,164] INFO [Partition __consumer_offsets-15 broker=2] Log loaded for partition __consumer_offsets-15 with initial high watermark 0 (kafka.cluster.Partition)
kafka-2-1  | 2026-09-21T21:59:36.164914692Z [2026-09-21 21:59:36,164] INFO [Partition __consumer_offsets-48 broker=2] Log loaded for partition __consumer_offsets-48 with initial high watermark 0 (kafka.cluster.Partition)
kafka-2-1  | 2026-09-21T21:59:36.165396235Z [2026-09-21 21:59:36,165] INFO [Partition __consumer_offsets-11 broker=2] Log loaded for partition __consumer_offsets-11 with initial high watermark 0 (kafka.cluster.Partition)
kafka-2-1  | 2026-09-21T21:59:36.165817672Z [2026-09-21 21:59:36,165] INFO [Partition __consumer_offsets-44 broker=2] Log loaded for partition __consumer_offsets-44 with initial high watermark 0 (kafka.cluster.Partition)
kafka-2-1  | 2026-09-21T21:59:36.166168803Z [2026-09-21 21:59:36,166] INFO [Partition __consumer_offsets-23 broker=2] Log loaded for partition __consumer_offsets-23 with initial high watermark 0 (kafka.cluster.Partition)
kafka-2-1  | 2026-09-21T21:59:36.166642945Z [2026-09-21 21:59:36,166] INFO [Partition __consumer_offsets-19 broker=2] Log loaded for partition __consumer_offsets-19 with initial high watermark 0 (kafka.cluster.Partition)
kafka-2-1  | 2026-09-21T21:59:36.167204294Z [2026-09-21 21:59:36,167] INFO [Partition __consumer_offsets-32 broker=2] Log loaded for partition __consumer_offsets-32 with initial high watermark 0 (kafka.cluster.Partition)
kafka-2-1  | 2026-09-21T21:59:36.167794246Z [2026-09-21 21:59:36,167] INFO [Partition __consumer_offsets-28 broker=2] Log loaded for partition __consumer_offsets-28 with initial high watermark 0 (kafka.cluster.Partition)
kafka-2-1  | 2026-09-21T21:59:36.168331994Z [2026-09-21 21:59:36,168] INFO [Partition __consumer_offsets-7 broker=2] Log loaded for partition __consumer_offsets-7 with initial high watermark 0 (kafka.cluster.Partition)
kafka-2-1  | 2026-09-21T21:59:36.168873642Z [2026-09-21 21:59:36,168] INFO [Partition __consumer_offsets-40 broker=2] Log loaded for partition __consumer_offsets-40 with initial high watermark 0 (kafka.cluster.Partition)
kafka-2-1  | 2026-09-21T21:59:36.169221372Z [2026-09-21 21:59:36,169] INFO [Partition __consumer_offsets-3 broker=2] Log loaded for partition __consumer_offsets-3 with initial high watermark 0 (kafka.cluster.Partition)
kafka-2-1  | 2026-09-21T21:59:36.169648410Z [2026-09-21 21:59:36,169] INFO [Partition __consumer_offsets-36 broker=2] Log loaded for partition __consumer_offsets-36 with initial high watermark 0 (kafka.cluster.Partition)
kafka-2-1  | 2026-09-21T21:59:36.170209360Z [2026-09-21 21:59:36,169] INFO [Partition dados-sensores-2 broker=2] Log loaded for partition dados-sensores-2 with initial high watermark 0 (kafka.cluster.Partition)
kafka-2-1  | 2026-09-21T21:59:36.170741607Z [2026-09-21 21:59:36,170] INFO [Partition __consumer_offsets-47 broker=2] Log loaded for partition __consumer_offsets-47 with initial high watermark 0 (kafka.cluster.Partition)
kafka-2-1  | 2026-09-21T21:59:36.171142942Z [2026-09-21 21:59:36,170] INFO [Partition __consumer_offsets-14 broker=2] Log loaded for partition __consumer_offsets-14 with initial high watermark 0 (kafka.cluster.Partition)
kafka-2-1  | 2026-09-21T21:59:36.171501474Z [2026-09-21 21:59:36,171] INFO [Partition __consumer_offsets-43 broker=2] Log loaded for partition __consumer_offsets-43 with initial high watermark 0 (kafka.cluster.Partition)
kafka-2-1  | 2026-09-21T21:59:36.172018419Z [2026-09-21 21:59:36,171] INFO [Partition __consumer_offsets-10 broker=2] Log loaded for partition __consumer_offsets-10 with initial high watermark 0 (kafka.cluster.Partition)
kafka-2-1  | 2026-09-21T21:59:36.172555367Z [2026-09-21 21:59:36,172] INFO [Partition __consumer_offsets-22 broker=2] Log loaded for partition __consumer_offsets-22 with initial high watermark 0 (kafka.cluster.Partition)
kafka-2-1  | 2026-09-21T21:59:36.173000506Z [2026-09-21 21:59:36,172] INFO [Partition __consumer_offsets-18 broker=2] Log loaded for partition __consumer_offsets-18 with initial high watermark 0 (kafka.cluster.Partition)
kafka-2-1  | 2026-09-21T21:59:36.173392641Z [2026-09-21 21:59:36,173] INFO [Partition __consumer_offsets-31 broker=2] Log loaded for partition __consumer_offsets-31 with initial high watermark 0 (kafka.cluster.Partition)
kafka-2-1  | 2026-09-21T21:59:36.173859482Z [2026-09-21 21:59:36,173] INFO [Partition __consumer_offsets-27 broker=2] Log loaded for partition __consumer_offsets-27 with initial high watermark 0 (kafka.cluster.Partition)
kafka-2-1  | 2026-09-21T21:59:36.174330723Z [2026-09-21 21:59:36,174] INFO [Partition __consumer_offsets-39 broker=2] Log loaded for partition __consumer_offsets-39 with initial high watermark 0 (kafka.cluster.Partition)
kafka-2-1  | 2026-09-21T21:59:36.174819767Z [2026-09-21 21:59:36,174] INFO [Partition __consumer_offsets-6 broker=2] Log loaded for partition __consumer_offsets-6 with initial high watermark 0 (kafka.cluster.Partition)
kafka-2-1  | 2026-09-21T21:59:36.175347713Z [2026-09-21 21:59:36,175] INFO [Partition __consumer_offsets-35 broker=2] Log loaded for partition __consumer_offsets-35 with initial high watermark 0 (kafka.cluster.Partition)
kafka-2-1  | 2026-09-21T21:59:36.175757449Z [2026-09-21 21:59:36,175] INFO [Partition dados-sensores-3 broker=2] Log loaded for partition dados-sensores-3 with initial high watermark 773 (kafka.cluster.Partition)
kafka-2-1  | 2026-09-21T21:59:36.176329900Z [2026-09-21 21:59:36,176] INFO [Partition __consumer_offsets-2 broker=2] Log loaded for partition __consumer_offsets-2 with initial high watermark 0 (kafka.cluster.Partition)
kafka-2-1  | 2026-09-21T21:59:36.177869836Z [2026-09-21 21:59:36,177] INFO [ReplicaFetcherManager on broker 2] Removed fetcher for partitions Set(__consumer_offsets-13, __consumer_offsets-46, __consumer_offsets-9, __consumer_offsets-42, __consumer_offsets-21, __consumer_offsets-17, dados-sensores-4, __consumer_offsets-30, __consumer_offsets-26, __consumer_offsets-5, __consumer_offsets-38, dados-sensores-0, __consumer_offsets-1, __consumer_offsets-34, __consumer_offsets-16, __consumer_offsets-45, __consumer_offsets-12, __consumer_offsets-41, __consumer_offsets-24, __consumer_offsets-20, __consumer_offsets-49, dados-sensores-5, __consumer_offsets-0, __consumer_offsets-29, __consumer_offsets-25, __consumer_offsets-8, __consumer_offsets-37, dados-sensores-1, __consumer_offsets-4, __consumer_offsets-33, __consumer_offsets-15, __consumer_offsets-48, __consumer_offsets-11, __consumer_offsets-44, __consumer_offsets-23, __consumer_offsets-19, __consumer_offsets-32, __consumer_offsets-28, __consumer_offsets-7, __consumer_offsets-40, __consumer_offsets-3, __consumer_offsets-36, dados-sensores-2, __consumer_offsets-47, __consumer_offsets-14, __consumer_offsets-43, __consumer_offsets-10, __consumer_offsets-22, __consumer_offsets-18, __consumer_offsets-31, __consumer_offsets-27, __consumer_offsets-39, __consumer_offsets-6, __consumer_offsets-35, dados-sensores-3, __consumer_offsets-2) (kafka.server.ReplicaFetcherManager)
kafka-2-1  | 2026-09-21T21:59:36.192660441Z [2026-09-21 21:59:36,192] INFO [ReplicaFetcherThread-0-1]: Starting (kafka.server.ReplicaFetcherThread)
kafka-2-1  | 2026-09-21T21:59:36.196768804Z [2026-09-21 21:59:36,196] INFO [ReplicaFetcherManager on broker 2] Added fetcher to broker 1 for partitions HashMap(__consumer_offsets-15 -> InitialFetchState(Some(um97SpqTSEC74qR1Iu-qow),BrokerEndPoint(id=1, host=kafka-1:9092),1,0), __consumer_offsets-46 -> InitialFetchState(Some(um97SpqTSEC74qR1Iu-qow),BrokerEndPoint(id=1, host=kafka-1:9092),1,0), __consumer_offsets-44 -> InitialFetchState(Some(um97SpqTSEC74qR1Iu-qow),BrokerEndPoint(id=1, host=kafka-1:9092),0,0), __consumer_offsets-9 -> InitialFetchState(Some(um97SpqTSEC74qR1Iu-qow),BrokerEndPoint(id=1, host=kafka-1:9092),0,0), __consumer_offsets-23 -> InitialFetchState(Some(um97SpqTSEC74qR1Iu-qow),BrokerEndPoint(id=1, host=kafka-1:9092),0,0), __consumer_offsets-19 -> InitialFetchState(Some(um97SpqTSEC74qR1Iu-qow),BrokerEndPoint(id=1, host=kafka-1:9092),0,0), __consumer_offsets-32 -> InitialFetchState(Some(um97SpqTSEC74qR1Iu-qow),BrokerEndPoint(id=1, host=kafka-1:9092),0,0), dados-sensores-4 -> InitialFetchState(Some(TOQUTEIYQC2WEzitbIedXg),BrokerEndPoint(id=1, host=kafka-1:9092),0,776), __consumer_offsets-28 -> InitialFetchState(Some(um97SpqTSEC74qR1Iu-qow),BrokerEndPoint(id=1, host=kafka-1:9092),0,0), __consumer_offsets-26 -> InitialFetchState(Some(um97SpqTSEC74qR1Iu-qow),BrokerEndPoint(id=1, host=kafka-1:9092),1,0), __consumer_offsets-7 -> InitialFetchState(Some(um97SpqTSEC74qR1Iu-qow),BrokerEndPoint(id=1, host=kafka-1:9092),1,0), __consumer_offsets-40 -> InitialFetchState(Some(um97SpqTSEC74qR1Iu-qow),BrokerEndPoint(id=1, host=kafka-1:9092),0,0), __consumer_offsets-5 -> InitialFetchState(Some(um97SpqTSEC74qR1Iu-qow),BrokerEndPoint(id=1, host=kafka-1:9092),0,0), __consumer_offsets-36 -> InitialFetchState(Some(um97SpqTSEC74qR1Iu-qow),BrokerEndPoint(id=1, host=kafka-1:9092),0,0), __consumer_offsets-34 -> InitialFetchState(Some(um97SpqTSEC74qR1Iu-qow),BrokerEndPoint(id=1, host=kafka-1:9092),0,0), __consumer_offsets-47 -> InitialFetchState(Some(um97SpqTSEC74qR1Iu-qow),BrokerEndPoint(id=1, host=kafka-1:9092),0,0), __consumer_offsets-16 -> InitialFetchState(Some(um97SpqTSEC74qR1Iu-qow),BrokerEndPoint(id=1, host=kafka-1:9092),0,0), __consumer_offsets-14 -> InitialFetchState(Some(um97SpqTSEC74qR1Iu-qow),BrokerEndPoint(id=1, host=kafka-1:9092),1,0), __consumer_offsets-12 -> InitialFetchState(Some(um97SpqTSEC74qR1Iu-qow),BrokerEndPoint(id=1, host=kafka-1:9092),0,0), __consumer_offsets-24 -> InitialFetchState(Some(um97SpqTSEC74qR1Iu-qow),BrokerEndPoint(id=1, host=kafka-1:9092),0,0), __consumer_offsets-0 -> InitialFetchState(Some(um97SpqTSEC74qR1Iu-qow),BrokerEndPoint(id=1, host=kafka-1:9092),0,4577), __consumer_offsets-27 -> InitialFetchState(Some(um97SpqTSEC74qR1Iu-qow),BrokerEndPoint(id=1, host=kafka-1:9092),1,0), __consumer_offsets-8 -> InitialFetchState(Some(um97SpqTSEC74qR1Iu-qow),BrokerEndPoint(id=1, host=kafka-1:9092),0,0), dados-sensores-1 -> InitialFetchState(Some(TOQUTEIYQC2WEzitbIedXg),BrokerEndPoint(id=1, host=kafka-1:9092),0,0)) (kafka.server.ReplicaFetcherManager)
kafka-2-1  | 2026-09-21T21:59:36.198096221Z [2026-09-21 21:59:36,197] INFO [ReplicaFetcher replicaId=2, leaderId=1, fetcherId=0] Truncating partition __consumer_offsets-15 with TruncationState(offset=0, completed=true) due to local high watermark 0 (kafka.server.ReplicaFetcherThread)
kafka-2-1  | 2026-09-21T21:59:36.199292827Z [2026-09-21 21:59:36,199] INFO [UnifiedLog partition=__consumer_offsets-15, dir=/tmp/kafka-logs] Truncating to 0 has no effect as the largest offset in the log is -1 (kafka.log.UnifiedLog)
kafka-2-1  | 2026-09-21T21:59:36.200665748Z [2026-09-21 21:59:36,200] INFO [ReplicaFetcher replicaId=2, leaderId=1, fetcherId=0] Truncating partition __consumer_offsets-47 with TruncationState(offset=0, completed=true) due to local high watermark 0 (kafka.server.ReplicaFetcherThread)
kafka-2-1  | 2026-09-21T21:59:36.200837363Z [2026-09-21 21:59:36,200] INFO [ReplicaFetcherThread-0-3]: Starting (kafka.server.ReplicaFetcherThread)
kafka-2-1  | 2026-09-21T21:59:36.201175193Z [2026-09-21 21:59:36,200] INFO [UnifiedLog partition=__consumer_offsets-47, dir=/tmp/kafka-logs] Truncating to 0 has no effect as the largest offset in the log is -1 (kafka.log.UnifiedLog)
kafka-2-1  | 2026-09-21T21:59:36.201182694Z [2026-09-21 21:59:36,200] INFO [ReplicaFetcher replicaId=2, leaderId=1, fetcherId=0] Truncating partition __consumer_offsets-16 with TruncationState(offset=0, completed=true) due to local high watermark 0 (kafka.server.ReplicaFetcherThread)
kafka-2-1  | 2026-09-21T21:59:36.201385512Z [2026-09-21 21:59:36,201] INFO [UnifiedLog partition=__consumer_offsets-16, dir=/tmp/kafka-logs] Truncating to 0 has no effect as the largest offset in the log is -1 (kafka.log.UnifiedLog)
kafka-2-1  | 2026-09-21T21:59:36.201392012Z [2026-09-21 21:59:36,201] INFO [ReplicaFetcher replicaId=2, leaderId=1, fetcherId=0] Truncating partition __consumer_offsets-14 with TruncationState(offset=0, completed=true) due to local high watermark 0 (kafka.server.ReplicaFetcherThread)
kafka-2-1  | 2026-09-21T21:59:36.201414514Z [2026-09-21 21:59:36,201] INFO [ReplicaFetcher replicaId=2, leaderId=3, fetcherId=0] Truncating partition __consumer_offsets-48 with TruncationState(offset=0, completed=true) due to local high watermark 0 (kafka.server.ReplicaFetcherThread)
kafka-2-1  | 2026-09-21T21:59:36.201559527Z [2026-09-21 21:59:36,201] INFO [UnifiedLog partition=__consumer_offsets-14, dir=/tmp/kafka-logs] Truncating to 0 has no effect as the largest offset in the log is -1 (kafka.log.UnifiedLog)
kafka-2-1  | 2026-09-21T21:59:36.201646735Z [2026-09-21 21:59:36,201] INFO [UnifiedLog partition=__consumer_offsets-48, dir=/tmp/kafka-logs] Truncating to 0 has no effect as the largest offset in the log is -1 (kafka.log.UnifiedLog)
kafka-2-1  | 2026-09-21T21:59:36.201943961Z [2026-09-21 21:59:36,201] INFO [ReplicaFetcher replicaId=2, leaderId=1, fetcherId=0] Truncating partition __consumer_offsets-46 with TruncationState(offset=0, completed=true) due to local high watermark 0 (kafka.server.ReplicaFetcherThread)
kafka-2-1  | 2026-09-21T21:59:36.201973863Z [2026-09-21 21:59:36,201] INFO [ReplicaFetcherManager on broker 2] Added fetcher to broker 3 for partitions HashMap(__consumer_offsets-48 -> InitialFetchState(Some(um97SpqTSEC74qR1Iu-qow),BrokerEndPoint(id=3, host=kafka-3:9092),1,0), __consumer_offsets-13 -> InitialFetchState(Some(um97SpqTSEC74qR1Iu-qow),BrokerEndPoint(id=3, host=kafka-3:9092),0,0), __consumer_offsets-11 -> InitialFetchState(Some(um97SpqTSEC74qR1Iu-qow),BrokerEndPoint(id=3, host=kafka-3:9092),0,0), __consumer_offsets-42 -> InitialFetchState(Some(um97SpqTSEC74qR1Iu-qow),BrokerEndPoint(id=3, host=kafka-3:9092),1,0), __consumer_offsets-21 -> InitialFetchState(Some(um97SpqTSEC74qR1Iu-qow),BrokerEndPoint(id=3, host=kafka-3:9092),1,0), __consumer_offsets-17 -> InitialFetchState(Some(um97SpqTSEC74qR1Iu-qow),BrokerEndPoint(id=3, host=kafka-3:9092),0,0), __consumer_offsets-30 -> InitialFetchState(Some(um97SpqTSEC74qR1Iu-qow),BrokerEndPoint(id=3, host=kafka-3:9092),1,0), __consumer_offsets-38 -> InitialFetchState(Some(um97SpqTSEC74qR1Iu-qow),BrokerEndPoint(id=3, host=kafka-3:9092),0,0), __consumer_offsets-3 -> InitialFetchState(Some(um97SpqTSEC74qR1Iu-qow),BrokerEndPoint(id=3, host=kafka-3:9092),1,0), dados-sensores-0 -> InitialFetchState(Some(TOQUTEIYQC2WEzitbIedXg),BrokerEndPoint(id=3, host=kafka-3:9092),0,775), __consumer_offsets-1 -> InitialFetchState(Some(um97SpqTSEC74qR1Iu-qow),BrokerEndPoint(id=3, host=kafka-3:9092),1,0), dados-sensores-2 -> InitialFetchState(Some(TOQUTEIYQC2WEzitbIedXg),BrokerEndPoint(id=3, host=kafka-3:9092),1,0), __consumer_offsets-45 -> InitialFetchState(Some(um97SpqTSEC74qR1Iu-qow),BrokerEndPoint(id=3, host=kafka-3:9092),0,0), __consumer_offsets-43 -> InitialFetchState(Some(um97SpqTSEC74qR1Iu-qow),BrokerEndPoint(id=3, host=kafka-3:9092),0,0), __consumer_offsets-41 -> InitialFetchState(Some(um97SpqTSEC74qR1Iu-qow),BrokerEndPoint(id=3, host=kafka-3:9092),1,0), __consumer_offsets-10 -> InitialFetchState(Some(um97SpqTSEC74qR1Iu-qow),BrokerEndPoint(id=3, host=kafka-3:9092),1,0), __consumer_offsets-22 -> InitialFetchState(Some(um97SpqTSEC74qR1Iu-qow),BrokerEndPoint(id=3, host=kafka-3:9092),0,0), __consumer_offsets-20 -> InitialFetchState(Some(um97SpqTSEC74qR1Iu-qow),BrokerEndPoint(id=3, host=kafka-3:9092),1,0), __consumer_offsets-49 -> InitialFetchState(Some(um97SpqTSEC74qR1Iu-qow),BrokerEndPoint(id=3, host=kafka-3:9092),0,0), __consumer_offsets-18 -> InitialFetchState(Some(um97SpqTSEC74qR1Iu-qow),BrokerEndPoint(id=3, host=kafka-3:9092),0,0), __consumer_offsets-31 -> InitialFetchState(Some(um97SpqTSEC74qR1Iu-qow),BrokerEndPoint(id=3, host=kafka-3:9092),0,0), dados-sensores-5 -> InitialFetchState(Some(TOQUTEIYQC2WEzitbIedXg),BrokerEndPoint(id=3, host=kafka-3:9092),1,0), __consumer_offsets-29 -> InitialFetchState(Some(um97SpqTSEC74qR1Iu-qow),BrokerEndPoint(id=3, host=kafka-3:9092),0,0), __consumer_offsets-25 -> InitialFetchState(Some(um97SpqTSEC74qR1Iu-qow),BrokerEndPoint(id=3, host=kafka-3:9092),0,0), __consumer_offsets-39 -> InitialFetchState(Some(um97SpqTSEC74qR1Iu-qow),BrokerEndPoint(id=3, host=kafka-3:9092),0,0), __consumer_offsets-37 -> InitialFetchState(Some(um97SpqTSEC74qR1Iu-qow),BrokerEndPoint(id=3, host=kafka-3:9092),1,0), __consumer_offsets-6 -> InitialFetchState(Some(um97SpqTSEC74qR1Iu-qow),BrokerEndPoint(id=3, host=kafka-3:9092),0,0), __consumer_offsets-35 -> InitialFetchState(Some(um97SpqTSEC74qR1Iu-qow),BrokerEndPoint(id=3, host=kafka-3:9092),1,0), __consumer_offsets-4 -> InitialFetchState(Some(um97SpqTSEC74qR1Iu-qow),BrokerEndPoint(id=3, host=kafka-3:9092),0,0), __consumer_offsets-33 -> InitialFetchState(Some(um97SpqTSEC74qR1Iu-qow),BrokerEndPoint(id=3, host=kafka-3:9092),0,0), dados-sensores-3 -> InitialFetchState(Some(TOQUTEIYQC2WEzitbIedXg),BrokerEndPoint(id=3, host=kafka-3:9092),0,776), __consumer_offsets-2 -> InitialFetchState(Some(um97SpqTSEC74qR1Iu-qow),BrokerEndPoint(id=3, host=kafka-3:9092),0,0)) (kafka.server.ReplicaFetcherManager)
kafka-2-1  | 2026-09-21T21:59:36.202214885Z [2026-09-21 21:59:36,201] INFO [ReplicaFetcher replicaId=2, leaderId=3, fetcherId=0] Truncating partition __consumer_offsets-13 with TruncationState(offset=0, completed=true) due to local high watermark 0 (kafka.server.ReplicaFetcherThread)
kafka-2-1  | 2026-09-21T21:59:36.202222685Z [2026-09-21 21:59:36,201] INFO [UnifiedLog partition=__consumer_offsets-46, dir=/tmp/kafka-logs] Truncating to 0 has no effect as the largest offset in the log is -1 (kafka.log.UnifiedLog)
kafka-2-1  | 2026-09-21T21:59:36.202256488Z [2026-09-21 21:59:36,202] INFO [UnifiedLog partition=__consumer_offsets-13, dir=/tmp/kafka-logs] Truncating to 0 has no effect as the largest offset in the log is -1 (kafka.log.UnifiedLog)
kafka-2-1  | 2026-09-21T21:59:36.202428304Z [2026-09-21 21:59:36,202] INFO [ReplicaFetcher replicaId=2, leaderId=1, fetcherId=0] Truncating partition __consumer_offsets-44 with TruncationState(offset=0, completed=true) due to local high watermark 0 (kafka.server.ReplicaFetcherThread)
kafka-2-1  | 2026-09-21T21:59:36.202436004Z [2026-09-21 21:59:36,202] INFO [ReplicaFetcher replicaId=2, leaderId=3, fetcherId=0] Truncating partition __consumer_offsets-11 with TruncationState(offset=0, completed=true) due to local high watermark 0 (kafka.server.ReplicaFetcherThread)
kafka-2-1  | 2026-09-21T21:59:36.202474008Z [2026-09-21 21:59:36,202] INFO [UnifiedLog partition=__consumer_offsets-44, dir=/tmp/kafka-logs] Truncating to 0 has no effect as the largest offset in the log is -1 (kafka.log.UnifiedLog)
kafka-2-1  | 2026-09-21T21:59:36.202480308Z [2026-09-21 21:59:36,202] INFO [UnifiedLog partition=__consumer_offsets-11, dir=/tmp/kafka-logs] Truncating to 0 has no effect as the largest offset in the log is -1 (kafka.log.UnifiedLog)
kafka-2-1  | 2026-09-21T21:59:36.202661724Z [2026-09-21 21:59:36,202] INFO [ReplicaFetcher replicaId=2, leaderId=1, fetcherId=0] Truncating partition __consumer_offsets-12 with TruncationState(offset=0, completed=true) due to local high watermark 0 (kafka.server.ReplicaFetcherThread)
kafka-2-1  | 2026-09-21T21:59:36.202766733Z [2026-09-21 21:59:36,202] INFO [ReplicaFetcher replicaId=2, leaderId=3, fetcherId=0] Truncating partition __consumer_offsets-42 with TruncationState(offset=0, completed=true) due to local high watermark 0 (kafka.server.ReplicaFetcherThread)
kafka-2-1  | 2026-09-21T21:59:36.202909346Z [2026-09-21 21:59:36,202] INFO [UnifiedLog partition=__consumer_offsets-12, dir=/tmp/kafka-logs] Truncating to 0 has no effect as the largest offset in the log is -1 (kafka.log.UnifiedLog)
kafka-2-1  | 2026-09-21T21:59:36.203121665Z [2026-09-21 21:59:36,202] INFO [UnifiedLog partition=__consumer_offsets-42, dir=/tmp/kafka-logs] Truncating to 0 has no effect as the largest offset in the log is -1 (kafka.log.UnifiedLog)
kafka-2-1  | 2026-09-21T21:59:36.203211873Z [2026-09-21 21:59:36,202] INFO [ReplicaFetcher replicaId=2, leaderId=1, fetcherId=0] Truncating partition __consumer_offsets-9 with TruncationState(offset=0, completed=true) due to local high watermark 0 (kafka.server.ReplicaFetcherThread)
kafka-2-1  | 2026-09-21T21:59:36.203333083Z [2026-09-21 21:59:36,203] INFO [ReplicaFetcher replicaId=2, leaderId=3, fetcherId=0] Truncating partition __consumer_offsets-21 with TruncationState(offset=0, completed=true) due to local high watermark 0 (kafka.server.ReplicaFetcherThread)
kafka-2-1  | 2026-09-21T21:59:36.203497098Z [2026-09-21 21:59:36,203] INFO [UnifiedLog partition=__consumer_offsets-9, dir=/tmp/kafka-logs] Truncating to 0 has no effect as the largest offset in the log is -1 (kafka.log.UnifiedLog)
kafka-2-1  | 2026-09-21T21:59:36.203509499Z [2026-09-21 21:59:36,203] INFO [UnifiedLog partition=__consumer_offsets-21, dir=/tmp/kafka-logs] Truncating to 0 has no effect as the largest offset in the log is -1 (kafka.log.UnifiedLog)
kafka-2-1  | 2026-09-21T21:59:36.203754321Z [2026-09-21 21:59:36,203] INFO [ReplicaFetcher replicaId=2, leaderId=3, fetcherId=0] Truncating partition __consumer_offsets-17 with TruncationState(offset=0, completed=true) due to local high watermark 0 (kafka.server.ReplicaFetcherThread)
kafka-2-1  | 2026-09-21T21:59:36.204055147Z [2026-09-21 21:59:36,203] INFO [ReplicaFetcher replicaId=2, leaderId=1, fetcherId=0] Truncating partition __consumer_offsets-23 with TruncationState(offset=0, completed=true) due to local high watermark 0 (kafka.server.ReplicaFetcherThread)
kafka-2-1  | 2026-09-21T21:59:36.204269266Z [2026-09-21 21:59:36,203] INFO [UnifiedLog partition=__consumer_offsets-17, dir=/tmp/kafka-logs] Truncating to 0 has no effect as the largest offset in the log is -1 (kafka.log.UnifiedLog)
kafka-2-1  | 2026-09-21T21:59:36.204276467Z [2026-09-21 21:59:36,203] INFO [UnifiedLog partition=__consumer_offsets-23, dir=/tmp/kafka-logs] Truncating to 0 has no effect as the largest offset in the log is -1 (kafka.log.UnifiedLog)
kafka-2-1  | 2026-09-21T21:59:36.204278467Z [2026-09-21 21:59:36,204] INFO [ReplicaFetcher replicaId=2, leaderId=3, fetcherId=0] Truncating partition __consumer_offsets-30 with TruncationState(offset=0, completed=true) due to local high watermark 0 (kafka.server.ReplicaFetcherThread)
kafka-2-1  | 2026-09-21T21:59:36.204300369Z [2026-09-21 21:59:36,204] INFO [ReplicaFetcher replicaId=2, leaderId=1, fetcherId=0] Truncating partition __consumer_offsets-24 with TruncationState(offset=0, completed=true) due to local high watermark 0 (kafka.server.ReplicaFetcherThread)
kafka-2-1  | 2026-09-21T21:59:36.204436581Z [2026-09-21 21:59:36,204] INFO [UnifiedLog partition=__consumer_offsets-30, dir=/tmp/kafka-logs] Truncating to 0 has no effect as the largest offset in the log is -1 (kafka.log.UnifiedLog)
kafka-2-1  | 2026-09-21T21:59:36.204465283Z [2026-09-21 21:59:36,204] INFO [UnifiedLog partition=__consumer_offsets-24, dir=/tmp/kafka-logs] Truncating to 0 has no effect as the largest offset in the log is -1 (kafka.log.UnifiedLog)
kafka-2-1  | 2026-09-21T21:59:36.204862719Z [2026-09-21 21:59:36,204] INFO [ReplicaFetcher replicaId=2, leaderId=3, fetcherId=0] Truncating partition __consumer_offsets-38 with TruncationState(offset=0, completed=true) due to local high watermark 0 (kafka.server.ReplicaFetcherThread)
kafka-2-1  | 2026-09-21T21:59:36.205025833Z [2026-09-21 21:59:36,204] INFO [UnifiedLog partition=__consumer_offsets-38, dir=/tmp/kafka-logs] Truncating to 0 has no effect as the largest offset in the log is -1 (kafka.log.UnifiedLog)
kafka-2-1  | 2026-09-21T21:59:36.205032634Z [2026-09-21 21:59:36,204] INFO [ReplicaFetcher replicaId=2, leaderId=1, fetcherId=0] Truncating partition __consumer_offsets-19 with TruncationState(offset=0, completed=true) due to local high watermark 0 (kafka.server.ReplicaFetcherThread)
kafka-2-1  | 2026-09-21T21:59:36.205066136Z [2026-09-21 21:59:36,204] INFO [ReplicaFetcher replicaId=2, leaderId=3, fetcherId=0] Truncating partition __consumer_offsets-3 with TruncationState(offset=0, completed=true) due to local high watermark 0 (kafka.server.ReplicaFetcherThread)
kafka-2-1  | 2026-09-21T21:59:36.205068037Z [2026-09-21 21:59:36,204] INFO [UnifiedLog partition=__consumer_offsets-19, dir=/tmp/kafka-logs] Truncating to 0 has no effect as the largest offset in the log is -1 (kafka.log.UnifiedLog)
kafka-2-1  | 2026-09-21T21:59:36.205378364Z [2026-09-21 21:59:36,205] INFO [UnifiedLog partition=__consumer_offsets-3, dir=/tmp/kafka-logs] Truncating to 0 has no effect as the largest offset in the log is -1 (kafka.log.UnifiedLog)
kafka-2-1  | 2026-09-21T21:59:36.205407367Z [2026-09-21 21:59:36,205] INFO [ReplicaFetcher replicaId=2, leaderId=1, fetcherId=0] Truncating partition __consumer_offsets-32 with TruncationState(offset=0, completed=true) due to local high watermark 0 (kafka.server.ReplicaFetcherThread)
kafka-2-1  | 2026-09-21T21:59:36.205653888Z [2026-09-21 21:59:36,205] INFO [ReplicaFetcher replicaId=2, leaderId=3, fetcherId=0] Truncating partition __consumer_offsets-1 with TruncationState(offset=0, completed=true) due to local high watermark 0 (kafka.server.ReplicaFetcherThread)
kafka-2-1  | 2026-09-21T21:59:36.205811602Z [2026-09-21 21:59:36,205] INFO [UnifiedLog partition=__consumer_offsets-1, dir=/tmp/kafka-logs] Truncating to 0 has no effect as the largest offset in the log is -1 (kafka.log.UnifiedLog)
kafka-2-1  | 2026-09-21T21:59:36.205950715Z [2026-09-21 21:59:36,205] INFO [ReplicaFetcher replicaId=2, leaderId=3, fetcherId=0] Truncating partition dados-sensores-2 with TruncationState(offset=0, completed=true) due to local high watermark 0 (kafka.server.ReplicaFetcherThread)
kafka-2-1  | 2026-09-21T21:59:36.205958415Z [2026-09-21 21:59:36,205] INFO [UnifiedLog partition=dados-sensores-2, dir=/tmp/kafka-logs] Truncating to 0 has no effect as the largest offset in the log is -1 (kafka.log.UnifiedLog)
kafka-2-1  | 2026-09-21T21:59:36.206121130Z [2026-09-21 21:59:36,205] INFO [ReplicaFetcher replicaId=2, leaderId=3, fetcherId=0] Truncating partition __consumer_offsets-45 with TruncationState(offset=0, completed=true) due to local high watermark 0 (kafka.server.ReplicaFetcherThread)
kafka-2-1  | 2026-09-21T21:59:36.206131831Z [2026-09-21 21:59:36,206] INFO [UnifiedLog partition=__consumer_offsets-45, dir=/tmp/kafka-logs] Truncating to 0 has no effect as the largest offset in the log is -1 (kafka.log.UnifiedLog)
kafka-2-1  | 2026-09-21T21:59:36.206328448Z [2026-09-21 21:59:36,206] INFO [ReplicaFetcher replicaId=2, leaderId=3, fetcherId=0] Truncating partition __consumer_offsets-43 with TruncationState(offset=0, completed=true) due to local high watermark 0 (kafka.server.ReplicaFetcherThread)
kafka-2-1  | 2026-09-21T21:59:36.206349450Z [2026-09-21 21:59:36,206] INFO [UnifiedLog partition=__consumer_offsets-43, dir=/tmp/kafka-logs] Truncating to 0 has no effect as the largest offset in the log is -1 (kafka.log.UnifiedLog)
kafka-2-1  | 2026-09-21T21:59:36.206449059Z [2026-09-21 21:59:36,206] INFO [ReplicaFetcher replicaId=2, leaderId=3, fetcherId=0] Truncating partition __consumer_offsets-41 with TruncationState(offset=0, completed=true) due to local high watermark 0 (kafka.server.ReplicaFetcherThread)
kafka-2-1  | 2026-09-21T21:59:36.206469760Z [2026-09-21 21:59:36,206] INFO [UnifiedLog partition=__consumer_offsets-41, dir=/tmp/kafka-logs] Truncating to 0 has no effect as the largest offset in the log is -1 (kafka.log.UnifiedLog)
kafka-2-1  | 2026-09-21T21:59:36.206560568Z [2026-09-21 21:59:36,206] INFO [ReplicaFetcher replicaId=2, leaderId=3, fetcherId=0] Truncating partition __consumer_offsets-10 with TruncationState(offset=0, completed=true) due to local high watermark 0 (kafka.server.ReplicaFetcherThread)
kafka-2-1  | 2026-09-21T21:59:36.206581970Z [2026-09-21 21:59:36,206] INFO [UnifiedLog partition=__consumer_offsets-10, dir=/tmp/kafka-logs] Truncating to 0 has no effect as the largest offset in the log is -1 (kafka.log.UnifiedLog)
kafka-2-1  | 2026-09-21T21:59:36.206587771Z [2026-09-21 21:59:36,206] INFO [ReplicaFetcher replicaId=2, leaderId=3, fetcherId=0] Truncating partition __consumer_offsets-22 with TruncationState(offset=0, completed=true) due to local high watermark 0 (kafka.server.ReplicaFetcherThread)
kafka-2-1  | 2026-09-21T21:59:36.206745085Z [2026-09-21 21:59:36,206] INFO [UnifiedLog partition=__consumer_offsets-22, dir=/tmp/kafka-logs] Truncating to 0 has no effect as the largest offset in the log is -1 (kafka.log.UnifiedLog)
kafka-2-1  | 2026-09-21T21:59:36.206896998Z [2026-09-21 21:59:36,206] INFO [ReplicaFetcher replicaId=2, leaderId=3, fetcherId=0] Truncating partition __consumer_offsets-20 with TruncationState(offset=0, completed=true) due to local high watermark 0 (kafka.server.ReplicaFetcherThread)
kafka-2-1  | 2026-09-21T21:59:36.206904999Z [2026-09-21 21:59:36,206] INFO [UnifiedLog partition=__consumer_offsets-20, dir=/tmp/kafka-logs] Truncating to 0 has no effect as the largest offset in the log is -1 (kafka.log.UnifiedLog)
kafka-2-1  | 2026-09-21T21:59:36.207025909Z [2026-09-21 21:59:36,206] INFO [ReplicaFetcher replicaId=2, leaderId=3, fetcherId=0] Truncating partition __consumer_offsets-49 with TruncationState(offset=0, completed=true) due to local high watermark 0 (kafka.server.ReplicaFetcherThread)
kafka-2-1  | 2026-09-21T21:59:36.207031610Z [2026-09-21 21:59:36,206] INFO [UnifiedLog partition=__consumer_offsets-49, dir=/tmp/kafka-logs] Truncating to 0 has no effect as the largest offset in the log is -1 (kafka.log.UnifiedLog)
kafka-2-1  | 2026-09-21T21:59:36.207033710Z [2026-09-21 21:59:36,206] INFO [ReplicaFetcher replicaId=2, leaderId=3, fetcherId=0] Truncating partition __consumer_offsets-18 with TruncationState(offset=0, completed=true) due to local high watermark 0 (kafka.server.ReplicaFetcherThread)
kafka-2-1  | 2026-09-21T21:59:36.207180523Z [2026-09-21 21:59:36,207] INFO [UnifiedLog partition=__consumer_offsets-18, dir=/tmp/kafka-logs] Truncating to 0 has no effect as the largest offset in the log is -1 (kafka.log.UnifiedLog)
kafka-2-1  | 2026-09-21T21:59:36.207186624Z [2026-09-21 21:59:36,207] INFO [ReplicaFetcher replicaId=2, leaderId=3, fetcherId=0] Truncating partition __consumer_offsets-31 with TruncationState(offset=0, completed=true) due to local high watermark 0 (kafka.server.ReplicaFetcherThread)
kafka-2-1  | 2026-09-21T21:59:36.207299134Z [2026-09-21 21:59:36,207] INFO [UnifiedLog partition=__consumer_offsets-31, dir=/tmp/kafka-logs] Truncating to 0 has no effect as the largest offset in the log is -1 (kafka.log.UnifiedLog)
kafka-2-1  | 2026-09-21T21:59:36.207303534Z [2026-09-21 21:59:36,207] INFO [ReplicaFetcher replicaId=2, leaderId=3, fetcherId=0] Truncating partition dados-sensores-5 with TruncationState(offset=0, completed=true) due to local high watermark 0 (kafka.server.ReplicaFetcherThread)
kafka-2-1  | 2026-09-21T21:59:36.208111105Z [2026-09-21 21:59:36,207] INFO [UnifiedLog partition=dados-sensores-5, dir=/tmp/kafka-logs] Truncating to 0 has no effect as the largest offset in the log is -1 (kafka.log.UnifiedLog)
kafka-2-1  | 2026-09-21T21:59:36.208125306Z [2026-09-21 21:59:36,207] INFO [ReplicaFetcher replicaId=2, leaderId=3, fetcherId=0] Truncating partition __consumer_offsets-29 with TruncationState(offset=0, completed=true) due to local high watermark 0 (kafka.server.ReplicaFetcherThread)
kafka-2-1  | 2026-09-21T21:59:36.208186212Z [2026-09-21 21:59:36,207] INFO [UnifiedLog partition=__consumer_offsets-29, dir=/tmp/kafka-logs] Truncating to 0 has no effect as the largest offset in the log is -1 (kafka.log.UnifiedLog)
kafka-2-1  | 2026-09-21T21:59:36.208192212Z [2026-09-21 21:59:36,207] INFO [ReplicaFetcher replicaId=2, leaderId=3, fetcherId=0] Truncating partition __consumer_offsets-25 with TruncationState(offset=0, completed=true) due to local high watermark 0 (kafka.server.ReplicaFetcherThread)
kafka-2-1  | 2026-09-21T21:59:36.208194013Z [2026-09-21 21:59:36,207] INFO [UnifiedLog partition=__consumer_offsets-25, dir=/tmp/kafka-logs] Truncating to 0 has no effect as the largest offset in the log is -1 (kafka.log.UnifiedLog)
kafka-2-1  | 2026-09-21T21:59:36.208195413Z [2026-09-21 21:59:36,207] INFO [ReplicaFetcher replicaId=2, leaderId=3, fetcherId=0] Truncating partition __consumer_offsets-39 with TruncationState(offset=0, completed=true) due to local high watermark 0 (kafka.server.ReplicaFetcherThread)
kafka-2-1  | 2026-09-21T21:59:36.208196813Z [2026-09-21 21:59:36,207] INFO [UnifiedLog partition=__consumer_offsets-39, dir=/tmp/kafka-logs] Truncating to 0 has no effect as the largest offset in the log is -1 (kafka.log.UnifiedLog)
kafka-2-1  | 2026-09-21T21:59:36.208198213Z [2026-09-21 21:59:36,207] INFO [ReplicaFetcher replicaId=2, leaderId=3, fetcherId=0] Truncating partition __consumer_offsets-37 with TruncationState(offset=0, completed=true) due to local high watermark 0 (kafka.server.ReplicaFetcherThread)
kafka-2-1  | 2026-09-21T21:59:36.208199613Z [2026-09-21 21:59:36,207] INFO [UnifiedLog partition=__consumer_offsets-37, dir=/tmp/kafka-logs] Truncating to 0 has no effect as the largest offset in the log is -1 (kafka.log.UnifiedLog)
kafka-2-1  | 2026-09-21T21:59:36.208202713Z [2026-09-21 21:59:36,207] INFO [ReplicaFetcher replicaId=2, leaderId=3, fetcherId=0] Truncating partition __consumer_offsets-6 with TruncationState(offset=0, completed=true) due to local high watermark 0 (kafka.server.ReplicaFetcherThread)
kafka-2-1  | 2026-09-21T21:59:36.208204213Z [2026-09-21 21:59:36,207] INFO [UnifiedLog partition=__consumer_offsets-6, dir=/tmp/kafka-logs] Truncating to 0 has no effect as the largest offset in the log is -1 (kafka.log.UnifiedLog)
kafka-2-1  | 2026-09-21T21:59:36.208205514Z [2026-09-21 21:59:36,207] INFO [ReplicaFetcher replicaId=2, leaderId=3, fetcherId=0] Truncating partition __consumer_offsets-35 with TruncationState(offset=0, completed=true) due to local high watermark 0 (kafka.server.ReplicaFetcherThread)
kafka-2-1  | 2026-09-21T21:59:36.208207014Z [2026-09-21 21:59:36,207] INFO [UnifiedLog partition=__consumer_offsets-35, dir=/tmp/kafka-logs] Truncating to 0 has no effect as the largest offset in the log is -1 (kafka.log.UnifiedLog)
kafka-2-1  | 2026-09-21T21:59:36.208208314Z [2026-09-21 21:59:36,208] INFO [ReplicaFetcher replicaId=2, leaderId=3, fetcherId=0] Truncating partition __consumer_offsets-4 with TruncationState(offset=0, completed=true) due to local high watermark 0 (kafka.server.ReplicaFetcherThread)
kafka-2-1  | 2026-09-21T21:59:36.208209814Z [2026-09-21 21:59:36,208] INFO [UnifiedLog partition=__consumer_offsets-4, dir=/tmp/kafka-logs] Truncating to 0 has no effect as the largest offset in the log is -1 (kafka.log.UnifiedLog)
kafka-2-1  | 2026-09-21T21:59:36.208366428Z [2026-09-21 21:59:36,208] INFO [ReplicaFetcher replicaId=2, leaderId=3, fetcherId=0] Truncating partition __consumer_offsets-33 with TruncationState(offset=0, completed=true) due to local high watermark 0 (kafka.server.ReplicaFetcherThread)
kafka-2-1  | 2026-09-21T21:59:36.208376929Z [2026-09-21 21:59:36,208] INFO [UnifiedLog partition=__consumer_offsets-33, dir=/tmp/kafka-logs] Truncating to 0 has no effect as the largest offset in the log is -1 (kafka.log.UnifiedLog)
kafka-2-1  | 2026-09-21T21:59:36.208505640Z [2026-09-21 21:59:36,208] INFO [ReplicaFetcher replicaId=2, leaderId=3, fetcherId=0] Truncating partition __consumer_offsets-2 with TruncationState(offset=0, completed=true) due to local high watermark 0 (kafka.server.ReplicaFetcherThread)
kafka-2-1  | 2026-09-21T21:59:36.208513141Z [2026-09-21 21:59:36,208] INFO [UnifiedLog partition=__consumer_offsets-2, dir=/tmp/kafka-logs] Truncating to 0 has no effect as the largest offset in the log is -1 (kafka.log.UnifiedLog)
kafka-2-1  | 2026-09-21T21:59:36.209332813Z [2026-09-21 21:59:36,205] INFO [UnifiedLog partition=__consumer_offsets-32, dir=/tmp/kafka-logs] Truncating to 0 has no effect as the largest offset in the log is -1 (kafka.log.UnifiedLog)
kafka-2-1  | 2026-09-21T21:59:36.209345514Z [2026-09-21 21:59:36,209] INFO [ReplicaFetcher replicaId=2, leaderId=1, fetcherId=0] Truncating partition __consumer_offsets-27 with TruncationState(offset=0, completed=true) due to local high watermark 0 (kafka.server.ReplicaFetcherThread)
kafka-2-1  | 2026-09-21T21:59:36.209428121Z [2026-09-21 21:59:36,209] INFO [UnifiedLog partition=__consumer_offsets-27, dir=/tmp/kafka-logs] Truncating to 0 has no effect as the largest offset in the log is -1 (kafka.log.UnifiedLog)
kafka-2-1  | 2026-09-21T21:59:36.209437322Z [2026-09-21 21:59:36,209] INFO [ReplicaFetcher replicaId=2, leaderId=1, fetcherId=0] Truncating partition __consumer_offsets-28 with TruncationState(offset=0, completed=true) due to local high watermark 0 (kafka.server.ReplicaFetcherThread)
kafka-2-1  | 2026-09-21T21:59:36.209607737Z [2026-09-21 21:59:36,209] INFO [UnifiedLog partition=__consumer_offsets-28, dir=/tmp/kafka-logs] Truncating to 0 has no effect as the largest offset in the log is -1 (kafka.log.UnifiedLog)
kafka-2-1  | 2026-09-21T21:59:36.209664842Z [2026-09-21 21:59:36,209] INFO [ReplicaFetcher replicaId=2, leaderId=1, fetcherId=0] Truncating partition __consumer_offsets-26 with TruncationState(offset=0, completed=true) due to local high watermark 0 (kafka.server.ReplicaFetcherThread)
kafka-2-1  | 2026-09-21T21:59:36.209671643Z [2026-09-21 21:59:36,209] INFO [UnifiedLog partition=__consumer_offsets-26, dir=/tmp/kafka-logs] Truncating to 0 has no effect as the largest offset in the log is -1 (kafka.log.UnifiedLog)
kafka-2-1  | 2026-09-21T21:59:36.209673543Z [2026-09-21 21:59:36,209] INFO [ReplicaFetcher replicaId=2, leaderId=1, fetcherId=0] Truncating partition __consumer_offsets-7 with TruncationState(offset=0, completed=true) due to local high watermark 0 (kafka.server.ReplicaFetcherThread)
kafka-2-1  | 2026-09-21T21:59:36.209732948Z [2026-09-21 21:59:36,209] INFO [UnifiedLog partition=__consumer_offsets-7, dir=/tmp/kafka-logs] Truncating to 0 has no effect as the largest offset in the log is -1 (kafka.log.UnifiedLog)
kafka-2-1  | 2026-09-21T21:59:36.209831857Z [2026-09-21 21:59:36,209] INFO [ReplicaFetcher replicaId=2, leaderId=1, fetcherId=0] Truncating partition __consumer_offsets-40 with TruncationState(offset=0, completed=true) due to local high watermark 0 (kafka.server.ReplicaFetcherThread)
kafka-2-1  | 2026-09-21T21:59:36.209837758Z [2026-09-21 21:59:36,209] INFO [UnifiedLog partition=__consumer_offsets-40, dir=/tmp/kafka-logs] Truncating to 0 has no effect as the largest offset in the log is -1 (kafka.log.UnifiedLog)
kafka-2-1  | 2026-09-21T21:59:36.209945967Z [2026-09-21 21:59:36,209] INFO [ReplicaFetcher replicaId=2, leaderId=1, fetcherId=0] Truncating partition __consumer_offsets-8 with TruncationState(offset=0, completed=true) due to local high watermark 0 (kafka.server.ReplicaFetcherThread)
kafka-2-1  | 2026-09-21T21:59:36.209980270Z [2026-09-21 21:59:36,209] INFO [UnifiedLog partition=__consumer_offsets-8, dir=/tmp/kafka-logs] Truncating to 0 has no effect as the largest offset in the log is -1 (kafka.log.UnifiedLog)
kafka-2-1  | 2026-09-21T21:59:36.210071778Z [2026-09-21 21:59:36,209] INFO [ReplicaFetcher replicaId=2, leaderId=1, fetcherId=0] Truncating partition __consumer_offsets-5 with TruncationState(offset=0, completed=true) due to local high watermark 0 (kafka.server.ReplicaFetcherThread)
kafka-2-1  | 2026-09-21T21:59:36.210078179Z [2026-09-21 21:59:36,210] INFO [UnifiedLog partition=__consumer_offsets-5, dir=/tmp/kafka-logs] Truncating to 0 has no effect as the largest offset in the log is -1 (kafka.log.UnifiedLog)
kafka-2-1  | 2026-09-21T21:59:36.210148785Z [2026-09-21 21:59:36,210] INFO [ReplicaFetcher replicaId=2, leaderId=1, fetcherId=0] Truncating partition dados-sensores-1 with TruncationState(offset=0, completed=true) due to local high watermark 0 (kafka.server.ReplicaFetcherThread)
kafka-2-1  | 2026-09-21T21:59:36.210247494Z [2026-09-21 21:59:36,210] INFO [UnifiedLog partition=dados-sensores-1, dir=/tmp/kafka-logs] Truncating to 0 has no effect as the largest offset in the log is -1 (kafka.log.UnifiedLog)
kafka-2-1  | 2026-09-21T21:59:36.210252094Z [2026-09-21 21:59:36,210] INFO [ReplicaFetcher replicaId=2, leaderId=1, fetcherId=0] Truncating partition __consumer_offsets-36 with TruncationState(offset=0, completed=true) due to local high watermark 0 (kafka.server.ReplicaFetcherThread)
kafka-2-1  | 2026-09-21T21:59:36.210432610Z [2026-09-21 21:59:36,210] INFO [UnifiedLog partition=__consumer_offsets-36, dir=/tmp/kafka-logs] Truncating to 0 has no effect as the largest offset in the log is -1 (kafka.log.UnifiedLog)
kafka-2-1  | 2026-09-21T21:59:36.210548720Z [2026-09-21 21:59:36,210] INFO [ReplicaFetcher replicaId=2, leaderId=1, fetcherId=0] Truncating partition __consumer_offsets-34 with TruncationState(offset=0, completed=true) due to local high watermark 0 (kafka.server.ReplicaFetcherThread)
kafka-2-1  | 2026-09-21T21:59:36.210563822Z [2026-09-21 21:59:36,210] INFO [UnifiedLog partition=__consumer_offsets-34, dir=/tmp/kafka-logs] Truncating to 0 has no effect as the largest offset in the log is -1 (kafka.log.UnifiedLog)
kafka-2-1  | 2026-09-21T21:59:36.220969940Z [2026-09-21 21:59:36,220] INFO [GroupCoordinator 2]: Resigned as the group coordinator for partition 13 in epoch OptionalInt[0] (kafka.coordinator.group.GroupCoordinator)
kafka-2-1  | 2026-09-21T21:59:36.221436582Z [2026-09-21 21:59:36,221] INFO [GroupMetadataManager brokerId=2] Scheduling unloading of offsets and group metadata from __consumer_offsets-13 (kafka.coordinator.group.GroupMetadataManager)
kafka-2-1  | 2026-09-21T21:59:36.223130731Z [2026-09-21 21:59:36,221] INFO [GroupCoordinator 2]: Resigned as the group coordinator for partition 46 in epoch OptionalInt[1] (kafka.coordinator.group.GroupCoordinator)
kafka-2-1  | 2026-09-21T21:59:36.223148833Z [2026-09-21 21:59:36,222] INFO [GroupMetadataManager brokerId=2] Scheduling unloading of offsets and group metadata from __consumer_offsets-46 (kafka.coordinator.group.GroupMetadataManager)
kafka-2-1  | 2026-09-21T21:59:36.223151133Z [2026-09-21 21:59:36,222] INFO [GroupCoordinator 2]: Resigned as the group coordinator for partition 9 in epoch OptionalInt[0] (kafka.coordinator.group.GroupCoordinator)
kafka-2-1  | 2026-09-21T21:59:36.223152633Z [2026-09-21 21:59:36,222] INFO [GroupMetadataManager brokerId=2] Scheduling unloading of offsets and group metadata from __consumer_offsets-9 (kafka.coordinator.group.GroupMetadataManager)
kafka-2-1  | 2026-09-21T21:59:36.223161234Z [2026-09-21 21:59:36,222] INFO [GroupCoordinator 2]: Resigned as the group coordinator for partition 42 in epoch OptionalInt[1] (kafka.coordinator.group.GroupCoordinator)
kafka-2-1  | 2026-09-21T21:59:36.223163034Z [2026-09-21 21:59:36,222] INFO [GroupMetadataManager brokerId=2] Scheduling unloading of offsets and group metadata from __consumer_offsets-42 (kafka.coordinator.group.GroupMetadataManager)
kafka-2-1  | 2026-09-21T21:59:36.223164334Z [2026-09-21 21:59:36,222] INFO [GroupCoordinator 2]: Resigned as the group coordinator for partition 21 in epoch OptionalInt[1] (kafka.coordinator.group.GroupCoordinator)
kafka-2-1  | 2026-09-21T21:59:36.223165634Z [2026-09-21 21:59:36,222] INFO [GroupMetadataManager brokerId=2] Scheduling unloading of offsets and group metadata from __consumer_offsets-21 (kafka.coordinator.group.GroupMetadataManager)
kafka-2-1  | 2026-09-21T21:59:36.223167034Z [2026-09-21 21:59:36,222] INFO [GroupCoordinator 2]: Resigned as the group coordinator for partition 17 in epoch OptionalInt[0] (kafka.coordinator.group.GroupCoordinator)
kafka-2-1  | 2026-09-21T21:59:36.223168334Z [2026-09-21 21:59:36,222] INFO [GroupMetadataManager brokerId=2] Scheduling unloading of offsets and group metadata from __consumer_offsets-17 (kafka.coordinator.group.GroupMetadataManager)
kafka-2-1  | 2026-09-21T21:59:36.223169634Z [2026-09-21 21:59:36,222] INFO [GroupCoordinator 2]: Resigned as the group coordinator for partition 30 in epoch OptionalInt[1] (kafka.coordinator.group.GroupCoordinator)
kafka-2-1  | 2026-09-21T21:59:36.223171935Z [2026-09-21 21:59:36,222] INFO [GroupMetadataManager brokerId=2] Scheduling unloading of offsets and group metadata from __consumer_offsets-30 (kafka.coordinator.group.GroupMetadataManager)
kafka-2-1  | 2026-09-21T21:59:36.223173335Z [2026-09-21 21:59:36,222] INFO [GroupCoordinator 2]: Resigned as the group coordinator for partition 26 in epoch OptionalInt[1] (kafka.coordinator.group.GroupCoordinator)
kafka-2-1  | 2026-09-21T21:59:36.223174735Z [2026-09-21 21:59:36,222] INFO [GroupMetadataManager brokerId=2] Scheduling unloading of offsets and group metadata from __consumer_offsets-26 (kafka.coordinator.group.GroupMetadataManager)
kafka-2-1  | 2026-09-21T21:59:36.223176035Z [2026-09-21 21:59:36,222] INFO [GroupCoordinator 2]: Resigned as the group coordinator for partition 5 in epoch OptionalInt[0] (kafka.coordinator.group.GroupCoordinator)
kafka-2-1  | 2026-09-21T21:59:36.223177335Z [2026-09-21 21:59:36,222] INFO [GroupMetadataManager brokerId=2] Scheduling unloading of offsets and group metadata from __consumer_offsets-5 (kafka.coordinator.group.GroupMetadataManager)
kafka-2-1  | 2026-09-21T21:59:36.223178735Z [2026-09-21 21:59:36,222] INFO [GroupCoordinator 2]: Resigned as the group coordinator for partition 38 in epoch OptionalInt[0] (kafka.coordinator.group.GroupCoordinator)
kafka-2-1  | 2026-09-21T21:59:36.223180035Z [2026-09-21 21:59:36,222] INFO [GroupMetadataManager brokerId=2] Scheduling unloading of offsets and group metadata from __consumer_offsets-38 (kafka.coordinator.group.GroupMetadataManager)
kafka-2-1  | 2026-09-21T21:59:36.223181336Z [2026-09-21 21:59:36,222] INFO [GroupCoordinator 2]: Resigned as the group coordinator for partition 1 in epoch OptionalInt[1] (kafka.coordinator.group.GroupCoordinator)
kafka-2-1  | 2026-09-21T21:59:36.223182636Z [2026-09-21 21:59:36,222] INFO [GroupMetadataManager brokerId=2] Scheduling unloading of offsets and group metadata from __consumer_offsets-1 (kafka.coordinator.group.GroupMetadataManager)
kafka-2-1  | 2026-09-21T21:59:36.223186136Z [2026-09-21 21:59:36,222] INFO [GroupCoordinator 2]: Resigned as the group coordinator for partition 34 in epoch OptionalInt[0] (kafka.coordinator.group.GroupCoordinator)
kafka-2-1  | 2026-09-21T21:59:36.223187636Z [2026-09-21 21:59:36,222] INFO [GroupMetadataManager brokerId=2] Scheduling unloading of offsets and group metadata from __consumer_offsets-34 (kafka.coordinator.group.GroupMetadataManager)
kafka-2-1  | 2026-09-21T21:59:36.223189336Z [2026-09-21 21:59:36,222] INFO [GroupCoordinator 2]: Resigned as the group coordinator for partition 16 in epoch OptionalInt[0] (kafka.coordinator.group.GroupCoordinator)
kafka-2-1  | 2026-09-21T21:59:36.223190736Z [2026-09-21 21:59:36,222] INFO [GroupMetadataManager brokerId=2] Scheduling unloading of offsets and group metadata from __consumer_offsets-16 (kafka.coordinator.group.GroupMetadataManager)
kafka-2-1  | 2026-09-21T21:59:36.223192036Z [2026-09-21 21:59:36,222] INFO [GroupCoordinator 2]: Resigned as the group coordinator for partition 45 in epoch OptionalInt[0] (kafka.coordinator.group.GroupCoordinator)
kafka-2-1  | 2026-09-21T21:59:36.223193337Z [2026-09-21 21:59:36,222] INFO [GroupMetadataManager brokerId=2] Scheduling unloading of offsets and group metadata from __consumer_offsets-45 (kafka.coordinator.group.GroupMetadataManager)
kafka-2-1  | 2026-09-21T21:59:36.223194737Z [2026-09-21 21:59:36,222] INFO [GroupCoordinator 2]: Resigned as the group coordinator for partition 12 in epoch OptionalInt[0] (kafka.coordinator.group.GroupCoordinator)
kafka-2-1  | 2026-09-21T21:59:36.223196037Z [2026-09-21 21:59:36,223] INFO [GroupMetadataManager brokerId=2] Scheduling unloading of offsets and group metadata from __consumer_offsets-12 (kafka.coordinator.group.GroupMetadataManager)
kafka-2-1  | 2026-09-21T21:59:36.223197337Z [2026-09-21 21:59:36,223] INFO [GroupCoordinator 2]: Resigned as the group coordinator for partition 41 in epoch OptionalInt[1] (kafka.coordinator.group.GroupCoordinator)
kafka-2-1  | 2026-09-21T21:59:36.223198737Z [2026-09-21 21:59:36,223] INFO [GroupMetadataManager brokerId=2] Scheduling unloading of offsets and group metadata from __consumer_offsets-41 (kafka.coordinator.group.GroupMetadataManager)
kafka-2-1  | 2026-09-21T21:59:36.223200037Z [2026-09-21 21:59:36,223] INFO [GroupCoordinator 2]: Resigned as the group coordinator for partition 24 in epoch OptionalInt[0] (kafka.coordinator.group.GroupCoordinator)
kafka-2-1  | 2026-09-21T21:59:36.223204538Z [2026-09-21 21:59:36,223] INFO [GroupMetadataManager brokerId=2] Scheduling unloading of offsets and group metadata from __consumer_offsets-24 (kafka.coordinator.group.GroupMetadataManager)
kafka-2-1  | 2026-09-21T21:59:36.223250142Z [2026-09-21 21:59:36,223] INFO [GroupCoordinator 2]: Resigned as the group coordinator for partition 20 in epoch OptionalInt[1] (kafka.coordinator.group.GroupCoordinator)
kafka-2-1  | 2026-09-21T21:59:36.223348850Z [2026-09-21 21:59:36,223] INFO [GroupMetadataManager brokerId=2] Scheduling unloading of offsets and group metadata from __consumer_offsets-20 (kafka.coordinator.group.GroupMetadataManager)
kafka-2-1  | 2026-09-21T21:59:36.223357651Z [2026-09-21 21:59:36,223] INFO [GroupCoordinator 2]: Resigned as the group coordinator for partition 49 in epoch OptionalInt[0] (kafka.coordinator.group.GroupCoordinator)
kafka-2-1  | 2026-09-21T21:59:36.223359551Z [2026-09-21 21:59:36,223] INFO [GroupMetadataManager brokerId=2] Scheduling unloading of offsets and group metadata from __consumer_offsets-49 (kafka.coordinator.group.GroupMetadataManager)
kafka-2-1  | 2026-09-21T21:59:36.223361151Z [2026-09-21 21:59:36,223] INFO [GroupCoordinator 2]: Resigned as the group coordinator for partition 0 in epoch OptionalInt[0] (kafka.coordinator.group.GroupCoordinator)
kafka-2-1  | 2026-09-21T21:59:36.223368852Z [2026-09-21 21:59:36,223] INFO [GroupMetadataManager brokerId=2] Scheduling unloading of offsets and group metadata from __consumer_offsets-0 (kafka.coordinator.group.GroupMetadataManager)
kafka-2-1  | 2026-09-21T21:59:36.223370552Z [2026-09-21 21:59:36,223] INFO [GroupCoordinator 2]: Resigned as the group coordinator for partition 29 in epoch OptionalInt[0] (kafka.coordinator.group.GroupCoordinator)
kafka-2-1  | 2026-09-21T21:59:36.223371952Z [2026-09-21 21:59:36,223] INFO [GroupMetadataManager brokerId=2] Scheduling unloading of offsets and group metadata from __consumer_offsets-29 (kafka.coordinator.group.GroupMetadataManager)
kafka-2-1  | 2026-09-21T21:59:36.223374253Z [2026-09-21 21:59:36,223] INFO [GroupCoordinator 2]: Resigned as the group coordinator for partition 25 in epoch OptionalInt[0] (kafka.coordinator.group.GroupCoordinator)
kafka-2-1  | 2026-09-21T21:59:36.223523266Z [2026-09-21 21:59:36,223] INFO [GroupMetadataManager brokerId=2] Scheduling unloading of offsets and group metadata from __consumer_offsets-25 (kafka.coordinator.group.GroupMetadataManager)
kafka-2-1  | 2026-09-21T21:59:36.223533467Z [2026-09-21 21:59:36,223] INFO [GroupCoordinator 2]: Resigned as the group coordinator for partition 8 in epoch OptionalInt[0] (kafka.coordinator.group.GroupCoordinator)
kafka-2-1  | 2026-09-21T21:59:36.223536267Z [2026-09-21 21:59:36,223] INFO [GroupMetadataManager brokerId=2] Scheduling unloading of offsets and group metadata from __consumer_offsets-8 (kafka.coordinator.group.GroupMetadataManager)
kafka-2-1  | 2026-09-21T21:59:36.227940356Z [2026-09-21 21:59:36,223] INFO [GroupCoordinator 2]: Resigned as the group coordinator for partition 37 in epoch OptionalInt[1] (kafka.coordinator.group.GroupCoordinator)
kafka-2-1  | 2026-09-21T21:59:36.227961657Z [2026-09-21 21:59:36,223] INFO [GroupMetadataManager brokerId=2] Scheduling unloading of offsets and group metadata from __consumer_offsets-37 (kafka.coordinator.group.GroupMetadataManager)
kafka-2-1  | 2026-09-21T21:59:36.227963958Z [2026-09-21 21:59:36,223] INFO [GroupCoordinator 2]: Resigned as the group coordinator for partition 4 in epoch OptionalInt[0] (kafka.coordinator.group.GroupCoordinator)
kafka-2-1  | 2026-09-21T21:59:36.227965358Z [2026-09-21 21:59:36,223] INFO [GroupMetadataManager brokerId=2] Scheduling unloading of offsets and group metadata from __consumer_offsets-4 (kafka.coordinator.group.GroupMetadataManager)
kafka-2-1  | 2026-09-21T21:59:36.227967058Z [2026-09-21 21:59:36,223] INFO [GroupCoordinator 2]: Resigned as the group coordinator for partition 33 in epoch OptionalInt[0] (kafka.coordinator.group.GroupCoordinator)
kafka-2-1  | 2026-09-21T21:59:36.227968558Z [2026-09-21 21:59:36,223] INFO [GroupMetadataManager brokerId=2] Scheduling unloading of offsets and group metadata from __consumer_offsets-33 (kafka.coordinator.group.GroupMetadataManager)
kafka-2-1  | 2026-09-21T21:59:36.227969858Z [2026-09-21 21:59:36,223] INFO [GroupCoordinator 2]: Resigned as the group coordinator for partition 15 in epoch OptionalInt[1] (kafka.coordinator.group.GroupCoordinator)
kafka-2-1  | 2026-09-21T21:59:36.227971158Z [2026-09-21 21:59:36,223] INFO [GroupMetadataManager brokerId=2] Scheduling unloading of offsets and group metadata from __consumer_offsets-15 (kafka.coordinator.group.GroupMetadataManager)
kafka-2-1  | 2026-09-21T21:59:36.227972458Z [2026-09-21 21:59:36,223] INFO [GroupCoordinator 2]: Resigned as the group coordinator for partition 48 in epoch OptionalInt[1] (kafka.coordinator.group.GroupCoordinator)
kafka-2-1  | 2026-09-21T21:59:36.227983659Z [2026-09-21 21:59:36,223] INFO [GroupMetadataManager brokerId=2] Scheduling unloading of offsets and group metadata from __consumer_offsets-48 (kafka.coordinator.group.GroupMetadataManager)
kafka-2-1  | 2026-09-21T21:59:36.227985360Z [2026-09-21 21:59:36,223] INFO [GroupCoordinator 2]: Resigned as the group coordinator for partition 11 in epoch OptionalInt[0] (kafka.coordinator.group.GroupCoordinator)
kafka-2-1  | 2026-09-21T21:59:36.227987560Z [2026-09-21 21:59:36,223] INFO [GroupMetadataManager brokerId=2] Scheduling unloading of offsets and group metadata from __consumer_offsets-11 (kafka.coordinator.group.GroupMetadataManager)
kafka-2-1  | 2026-09-21T21:59:36.227989160Z [2026-09-21 21:59:36,223] INFO [GroupCoordinator 2]: Resigned as the group coordinator for partition 44 in epoch OptionalInt[0] (kafka.coordinator.group.GroupCoordinator)
kafka-2-1  | 2026-09-21T21:59:36.227990460Z [2026-09-21 21:59:36,223] INFO [GroupMetadataManager brokerId=2] Scheduling unloading of offsets and group metadata from __consumer_offsets-44 (kafka.coordinator.group.GroupMetadataManager)
kafka-2-1  | 2026-09-21T21:59:36.227992060Z [2026-09-21 21:59:36,223] INFO [GroupCoordinator 2]: Resigned as the group coordinator for partition 23 in epoch OptionalInt[0] (kafka.coordinator.group.GroupCoordinator)
kafka-2-1  | 2026-09-21T21:59:36.227993360Z [2026-09-21 21:59:36,223] INFO [GroupMetadataManager brokerId=2] Scheduling unloading of offsets and group metadata from __consumer_offsets-23 (kafka.coordinator.group.GroupMetadataManager)
kafka-2-1  | 2026-09-21T21:59:36.227994760Z [2026-09-21 21:59:36,223] INFO [GroupCoordinator 2]: Resigned as the group coordinator for partition 19 in epoch OptionalInt[0] (kafka.coordinator.group.GroupCoordinator)
kafka-2-1  | 2026-09-21T21:59:36.227996261Z [2026-09-21 21:59:36,223] INFO [GroupMetadataManager brokerId=2] Scheduling unloading of offsets and group metadata from __consumer_offsets-19 (kafka.coordinator.group.GroupMetadataManager)
kafka-2-1  | 2026-09-21T21:59:36.227997661Z [2026-09-21 21:59:36,223] INFO [GroupCoordinator 2]: Resigned as the group coordinator for partition 32 in epoch OptionalInt[0] (kafka.coordinator.group.GroupCoordinator)
kafka-2-1  | 2026-09-21T21:59:36.228012262Z [2026-09-21 21:59:36,223] INFO [GroupMetadataManager brokerId=2] Scheduling unloading of offsets and group metadata from __consumer_offsets-32 (kafka.coordinator.group.GroupMetadataManager)
kafka-2-1  | 2026-09-21T21:59:36.228013762Z [2026-09-21 21:59:36,223] INFO [GroupCoordinator 2]: Resigned as the group coordinator for partition 28 in epoch OptionalInt[0] (kafka.coordinator.group.GroupCoordinator)
kafka-2-1  | 2026-09-21T21:59:36.228015162Z [2026-09-21 21:59:36,223] INFO [GroupMetadataManager brokerId=2] Scheduling unloading of offsets and group metadata from __consumer_offsets-28 (kafka.coordinator.group.GroupMetadataManager)
kafka-2-1  | 2026-09-21T21:59:36.228016762Z [2026-09-21 21:59:36,223] INFO [GroupCoordinator 2]: Resigned as the group coordinator for partition 7 in epoch OptionalInt[1] (kafka.coordinator.group.GroupCoordinator)
kafka-2-1  | 2026-09-21T21:59:36.228018162Z [2026-09-21 21:59:36,223] INFO [GroupMetadataManager brokerId=2] Scheduling unloading of offsets and group metadata from __consumer_offsets-7 (kafka.coordinator.group.GroupMetadataManager)
kafka-2-1  | 2026-09-21T21:59:36.228019463Z [2026-09-21 21:59:36,223] INFO [GroupCoordinator 2]: Resigned as the group coordinator for partition 40 in epoch OptionalInt[0] (kafka.coordinator.group.GroupCoordinator)
kafka-2-1  | 2026-09-21T21:59:36.228023163Z [2026-09-21 21:59:36,223] INFO [GroupMetadataManager brokerId=2] Scheduling unloading of offsets and group metadata from __consumer_offsets-40 (kafka.coordinator.group.GroupMetadataManager)
kafka-2-1  | 2026-09-21T21:59:36.228024663Z [2026-09-21 21:59:36,223] INFO [GroupCoordinator 2]: Resigned as the group coordinator for partition 3 in epoch OptionalInt[1] (kafka.coordinator.group.GroupCoordinator)
kafka-2-1  | 2026-09-21T21:59:36.228026063Z [2026-09-21 21:59:36,223] INFO [GroupMetadataManager brokerId=2] Scheduling unloading of offsets and group metadata from __consumer_offsets-3 (kafka.coordinator.group.GroupMetadataManager)
kafka-2-1  | 2026-09-21T21:59:36.228027763Z [2026-09-21 21:59:36,223] INFO [GroupCoordinator 2]: Resigned as the group coordinator for partition 36 in epoch OptionalInt[0] (kafka.coordinator.group.GroupCoordinator)
kafka-2-1  | 2026-09-21T21:59:36.228029063Z [2026-09-21 21:59:36,223] INFO [GroupMetadataManager brokerId=2] Scheduling unloading of offsets and group metadata from __consumer_offsets-36 (kafka.coordinator.group.GroupMetadataManager)
kafka-2-1  | 2026-09-21T21:59:36.228030364Z [2026-09-21 21:59:36,223] INFO [GroupCoordinator 2]: Resigned as the group coordinator for partition 47 in epoch OptionalInt[0] (kafka.coordinator.group.GroupCoordinator)
kafka-2-1  | 2026-09-21T21:59:36.228031764Z [2026-09-21 21:59:36,223] INFO [GroupMetadataManager brokerId=2] Scheduling unloading of offsets and group metadata from __consumer_offsets-47 (kafka.coordinator.group.GroupMetadataManager)
kafka-2-1  | 2026-09-21T21:59:36.228033164Z [2026-09-21 21:59:36,223] INFO [GroupCoordinator 2]: Resigned as the group coordinator for partition 14 in epoch OptionalInt[1] (kafka.coordinator.group.GroupCoordinator)
kafka-2-1  | 2026-09-21T21:59:36.228034464Z [2026-09-21 21:59:36,224] INFO [GroupMetadataManager brokerId=2] Scheduling unloading of offsets and group metadata from __consumer_offsets-14 (kafka.coordinator.group.GroupMetadataManager)
kafka-2-1  | 2026-09-21T21:59:36.228036064Z [2026-09-21 21:59:36,224] INFO [GroupCoordinator 2]: Resigned as the group coordinator for partition 43 in epoch OptionalInt[0] (kafka.coordinator.group.GroupCoordinator)
kafka-2-1  | 2026-09-21T21:59:36.228037464Z [2026-09-21 21:59:36,224] INFO [GroupMetadataManager brokerId=2] Scheduling unloading of offsets and group metadata from __consumer_offsets-43 (kafka.coordinator.group.GroupMetadataManager)
kafka-2-1  | 2026-09-21T21:59:36.228058966Z [2026-09-21 21:59:36,224] INFO [GroupCoordinator 2]: Resigned as the group coordinator for partition 10 in epoch OptionalInt[1] (kafka.coordinator.group.GroupCoordinator)
kafka-2-1  | 2026-09-21T21:59:36.228060866Z [2026-09-21 21:59:36,224] INFO [GroupMetadataManager brokerId=2] Scheduling unloading of offsets and group metadata from __consumer_offsets-10 (kafka.coordinator.group.GroupMetadataManager)
kafka-2-1  | 2026-09-21T21:59:36.228062366Z [2026-09-21 21:59:36,224] INFO [GroupCoordinator 2]: Resigned as the group coordinator for partition 22 in epoch OptionalInt[0] (kafka.coordinator.group.GroupCoordinator)
kafka-2-1  | 2026-09-21T21:59:36.228063666Z [2026-09-21 21:59:36,224] INFO [GroupMetadataManager brokerId=2] Scheduling unloading of offsets and group metadata from __consumer_offsets-22 (kafka.coordinator.group.GroupMetadataManager)
kafka-2-1  | 2026-09-21T21:59:36.228064967Z [2026-09-21 21:59:36,224] INFO [GroupCoordinator 2]: Resigned as the group coordinator for partition 18 in epoch OptionalInt[0] (kafka.coordinator.group.GroupCoordinator)
kafka-2-1  | 2026-09-21T21:59:36.228066367Z [2026-09-21 21:59:36,224] INFO [GroupMetadataManager brokerId=2] Scheduling unloading of offsets and group metadata from __consumer_offsets-18 (kafka.coordinator.group.GroupMetadataManager)
kafka-2-1  | 2026-09-21T21:59:36.228071767Z [2026-09-21 21:59:36,224] INFO [GroupCoordinator 2]: Resigned as the group coordinator for partition 31 in epoch OptionalInt[0] (kafka.coordinator.group.GroupCoordinator)
kafka-2-1  | 2026-09-21T21:59:36.228073267Z [2026-09-21 21:59:36,224] INFO [GroupMetadataManager brokerId=2] Scheduling unloading of offsets and group metadata from __consumer_offsets-31 (kafka.coordinator.group.GroupMetadataManager)
kafka-2-1  | 2026-09-21T21:59:36.228074667Z [2026-09-21 21:59:36,224] INFO [GroupCoordinator 2]: Resigned as the group coordinator for partition 27 in epoch OptionalInt[1] (kafka.coordinator.group.GroupCoordinator)
kafka-2-1  | 2026-09-21T21:59:36.228076368Z [2026-09-21 21:59:36,224] INFO [GroupMetadataManager brokerId=2] Scheduling unloading of offsets and group metadata from __consumer_offsets-27 (kafka.coordinator.group.GroupMetadataManager)
kafka-2-1  | 2026-09-21T21:59:36.228077768Z [2026-09-21 21:59:36,224] INFO [GroupCoordinator 2]: Resigned as the group coordinator for partition 39 in epoch OptionalInt[0] (kafka.coordinator.group.GroupCoordinator)
kafka-2-1  | 2026-09-21T21:59:36.228079068Z [2026-09-21 21:59:36,224] INFO [GroupMetadataManager brokerId=2] Scheduling unloading of offsets and group metadata from __consumer_offsets-39 (kafka.coordinator.group.GroupMetadataManager)
kafka-2-1  | 2026-09-21T21:59:36.228080468Z [2026-09-21 21:59:36,224] INFO [GroupCoordinator 2]: Resigned as the group coordinator for partition 6 in epoch OptionalInt[0] (kafka.coordinator.group.GroupCoordinator)
kafka-2-1  | 2026-09-21T21:59:36.228081868Z [2026-09-21 21:59:36,224] INFO [GroupMetadataManager brokerId=2] Scheduling unloading of offsets and group metadata from __consumer_offsets-6 (kafka.coordinator.group.GroupMetadataManager)
kafka-2-1  | 2026-09-21T21:59:36.228083468Z [2026-09-21 21:59:36,224] INFO [GroupCoordinator 2]: Resigned as the group coordinator for partition 35 in epoch OptionalInt[1] (kafka.coordinator.group.GroupCoordinator)
kafka-2-1  | 2026-09-21T21:59:36.228084768Z [2026-09-21 21:59:36,224] INFO [GroupMetadataManager brokerId=2] Scheduling unloading of offsets and group metadata from __consumer_offsets-35 (kafka.coordinator.group.GroupMetadataManager)
kafka-2-1  | 2026-09-21T21:59:36.228086168Z [2026-09-21 21:59:36,224] INFO [GroupCoordinator 2]: Resigned as the group coordinator for partition 2 in epoch OptionalInt[0] (kafka.coordinator.group.GroupCoordinator)
kafka-2-1  | 2026-09-21T21:59:36.228087469Z [2026-09-21 21:59:36,224] INFO [GroupMetadataManager brokerId=2] Scheduling unloading of offsets and group metadata from __consumer_offsets-2 (kafka.coordinator.group.GroupMetadataManager)
kafka-2-1  | 2026-09-21T21:59:36.228089069Z [2026-09-21 21:59:36,224] INFO [GroupMetadataManager brokerId=2] Finished unloading __consumer_offsets-13 for coordinator epoch OptionalInt[0]. Removed 0 cached offsets and 0 cached groups. (kafka.coordinator.group.GroupMetadataManager)
kafka-2-1  | 2026-09-21T21:59:36.228090569Z [2026-09-21 21:59:36,224] INFO [GroupMetadataManager brokerId=2] Finished unloading __consumer_offsets-46 for coordinator epoch OptionalInt[1]. Removed 0 cached offsets and 0 cached groups. (kafka.coordinator.group.GroupMetadataManager)
kafka-2-1  | 2026-09-21T21:59:36.228092169Z [2026-09-21 21:59:36,224] INFO [GroupMetadataManager brokerId=2] Finished unloading __consumer_offsets-9 for coordinator epoch OptionalInt[0]. Removed 0 cached offsets and 0 cached groups. (kafka.coordinator.group.GroupMetadataManager)
kafka-2-1  | 2026-09-21T21:59:36.228096069Z [2026-09-21 21:59:36,225] INFO [GroupMetadataManager brokerId=2] Finished unloading __consumer_offsets-42 for coordinator epoch OptionalInt[1]. Removed 0 cached offsets and 0 cached groups. (kafka.coordinator.group.GroupMetadataManager)
kafka-2-1  | 2026-09-21T21:59:36.228097669Z [2026-09-21 21:59:36,225] INFO [GroupMetadataManager brokerId=2] Finished unloading __consumer_offsets-21 for coordinator epoch OptionalInt[1]. Removed 0 cached offsets and 0 cached groups. (kafka.coordinator.group.GroupMetadataManager)
kafka-2-1  | 2026-09-21T21:59:36.228099070Z [2026-09-21 21:59:36,225] INFO [GroupMetadataManager brokerId=2] Finished unloading __consumer_offsets-17 for coordinator epoch OptionalInt[0]. Removed 0 cached offsets and 0 cached groups. (kafka.coordinator.group.GroupMetadataManager)
kafka-2-1  | 2026-09-21T21:59:36.228100470Z [2026-09-21 21:59:36,225] INFO [GroupMetadataManager brokerId=2] Finished unloading __consumer_offsets-30 for coordinator epoch OptionalInt[1]. Removed 0 cached offsets and 0 cached groups. (kafka.coordinator.group.GroupMetadataManager)
kafka-2-1  | 2026-09-21T21:59:36.228101970Z [2026-09-21 21:59:36,225] INFO [GroupMetadataManager brokerId=2] Finished unloading __consumer_offsets-26 for coordinator epoch OptionalInt[1]. Removed 0 cached offsets and 0 cached groups. (kafka.coordinator.group.GroupMetadataManager)
kafka-2-1  | 2026-09-21T21:59:36.228103370Z [2026-09-21 21:59:36,225] INFO [GroupMetadataManager brokerId=2] Finished unloading __consumer_offsets-5 for coordinator epoch OptionalInt[0]. Removed 0 cached offsets and 0 cached groups. (kafka.coordinator.group.GroupMetadataManager)
kafka-2-1  | 2026-09-21T21:59:36.228104770Z [2026-09-21 21:59:36,225] INFO [GroupMetadataManager brokerId=2] Finished unloading __consumer_offsets-38 for coordinator epoch OptionalInt[0]. Removed 0 cached offsets and 0 cached groups. (kafka.coordinator.group.GroupMetadataManager)
kafka-2-1  | 2026-09-21T21:59:36.228106470Z [2026-09-21 21:59:36,225] INFO [GroupMetadataManager brokerId=2] Finished unloading __consumer_offsets-1 for coordinator epoch OptionalInt[1]. Removed 0 cached offsets and 0 cached groups. (kafka.coordinator.group.GroupMetadataManager)
kafka-2-1  | 2026-09-21T21:59:36.228107970Z [2026-09-21 21:59:36,225] INFO [GroupMetadataManager brokerId=2] Finished unloading __consumer_offsets-34 for coordinator epoch OptionalInt[0]. Removed 0 cached offsets and 0 cached groups. (kafka.coordinator.group.GroupMetadataManager)
kafka-2-1  | 2026-09-21T21:59:36.228109371Z [2026-09-21 21:59:36,225] INFO [GroupMetadataManager brokerId=2] Finished unloading __consumer_offsets-16 for coordinator epoch OptionalInt[0]. Removed 0 cached offsets and 0 cached groups. (kafka.coordinator.group.GroupMetadataManager)
kafka-2-1  | 2026-09-21T21:59:36.228212980Z [2026-09-21 21:59:36,225] INFO [GroupMetadataManager brokerId=2] Finished unloading __consumer_offsets-45 for coordinator epoch OptionalInt[0]. Removed 0 cached offsets and 0 cached groups. (kafka.coordinator.group.GroupMetadataManager)
kafka-2-1  | 2026-09-21T21:59:36.228217480Z [2026-09-21 21:59:36,226] INFO [GroupMetadataManager brokerId=2] Finished unloading __consumer_offsets-12 for coordinator epoch OptionalInt[0]. Removed 0 cached offsets and 0 cached groups. (kafka.coordinator.group.GroupMetadataManager)
kafka-2-1  | 2026-09-21T21:59:36.228219280Z [2026-09-21 21:59:36,226] INFO [GroupMetadataManager brokerId=2] Finished unloading __consumer_offsets-41 for coordinator epoch OptionalInt[1]. Removed 0 cached offsets and 0 cached groups. (kafka.coordinator.group.GroupMetadataManager)
kafka-2-1  | 2026-09-21T21:59:36.228220780Z [2026-09-21 21:59:36,226] INFO [GroupMetadataManager brokerId=2] Finished unloading __consumer_offsets-24 for coordinator epoch OptionalInt[0]. Removed 0 cached offsets and 0 cached groups. (kafka.coordinator.group.GroupMetadataManager)
kafka-2-1  | 2026-09-21T21:59:36.228228081Z [2026-09-21 21:59:36,226] INFO [GroupMetadataManager brokerId=2] Finished unloading __consumer_offsets-20 for coordinator epoch OptionalInt[1]. Removed 0 cached offsets and 0 cached groups. (kafka.coordinator.group.GroupMetadataManager)
kafka-2-1  | 2026-09-21T21:59:36.228229881Z [2026-09-21 21:59:36,226] INFO [GroupMetadataManager brokerId=2] Finished unloading __consumer_offsets-49 for coordinator epoch OptionalInt[0]. Removed 0 cached offsets and 0 cached groups. (kafka.coordinator.group.GroupMetadataManager)
kafka-2-1  | 2026-09-21T21:59:36.228234582Z [2026-09-21 21:59:36,226] INFO [GroupMetadataManager brokerId=2] Finished unloading __consumer_offsets-0 for coordinator epoch OptionalInt[0]. Removed 0 cached offsets and 0 cached groups. (kafka.coordinator.group.GroupMetadataManager)
kafka-2-1  | 2026-09-21T21:59:36.228236182Z [2026-09-21 21:59:36,226] INFO [GroupMetadataManager brokerId=2] Finished unloading __consumer_offsets-29 for coordinator epoch OptionalInt[0]. Removed 0 cached offsets and 0 cached groups. (kafka.coordinator.group.GroupMetadataManager)
kafka-2-1  | 2026-09-21T21:59:36.228237582Z [2026-09-21 21:59:36,226] INFO [GroupMetadataManager brokerId=2] Finished unloading __consumer_offsets-25 for coordinator epoch OptionalInt[0]. Removed 0 cached offsets and 0 cached groups. (kafka.coordinator.group.GroupMetadataManager)
kafka-2-1  | 2026-09-21T21:59:36.228238982Z [2026-09-21 21:59:36,226] INFO [GroupMetadataManager brokerId=2] Finished unloading __consumer_offsets-8 for coordinator epoch OptionalInt[0]. Removed 0 cached offsets and 0 cached groups. (kafka.coordinator.group.GroupMetadataManager)
kafka-2-1  | 2026-09-21T21:59:36.228240382Z [2026-09-21 21:59:36,226] INFO [GroupMetadataManager brokerId=2] Finished unloading __consumer_offsets-37 for coordinator epoch OptionalInt[1]. Removed 0 cached offsets and 0 cached groups. (kafka.coordinator.group.GroupMetadataManager)
kafka-2-1  | 2026-09-21T21:59:36.228241882Z [2026-09-21 21:59:36,226] INFO [GroupMetadataManager brokerId=2] Finished unloading __consumer_offsets-4 for coordinator epoch OptionalInt[0]. Removed 0 cached offsets and 0 cached groups. (kafka.coordinator.group.GroupMetadataManager)
kafka-2-1  | 2026-09-21T21:59:36.228243282Z [2026-09-21 21:59:36,226] INFO [GroupMetadataManager brokerId=2] Finished unloading __consumer_offsets-33 for coordinator epoch OptionalInt[0]. Removed 0 cached offsets and 0 cached groups. (kafka.coordinator.group.GroupMetadataManager)
kafka-2-1  | 2026-09-21T21:59:36.228244682Z [2026-09-21 21:59:36,227] INFO [GroupMetadataManager brokerId=2] Finished unloading __consumer_offsets-15 for coordinator epoch OptionalInt[1]. Removed 0 cached offsets and 0 cached groups. (kafka.coordinator.group.GroupMetadataManager)
kafka-2-1  | 2026-09-21T21:59:36.228268385Z [2026-09-21 21:59:36,227] INFO [GroupMetadataManager brokerId=2] Finished unloading __consumer_offsets-48 for coordinator epoch OptionalInt[1]. Removed 0 cached offsets and 0 cached groups. (kafka.coordinator.group.GroupMetadataManager)
kafka-2-1  | 2026-09-21T21:59:36.228273185Z [2026-09-21 21:59:36,227] INFO [GroupMetadataManager brokerId=2] Finished unloading __consumer_offsets-11 for coordinator epoch OptionalInt[0]. Removed 0 cached offsets and 0 cached groups. (kafka.coordinator.group.GroupMetadataManager)
kafka-2-1  | 2026-09-21T21:59:36.228274885Z [2026-09-21 21:59:36,227] INFO [GroupMetadataManager brokerId=2] Finished unloading __consumer_offsets-44 for coordinator epoch OptionalInt[0]. Removed 0 cached offsets and 0 cached groups. (kafka.coordinator.group.GroupMetadataManager)
kafka-2-1  | 2026-09-21T21:59:36.228280686Z [2026-09-21 21:59:36,227] INFO [GroupMetadataManager brokerId=2] Finished unloading __consumer_offsets-23 for coordinator epoch OptionalInt[0]. Removed 0 cached offsets and 0 cached groups. (kafka.coordinator.group.GroupMetadataManager)
kafka-2-1  | 2026-09-21T21:59:36.228282286Z [2026-09-21 21:59:36,227] INFO [GroupMetadataManager brokerId=2] Finished unloading __consumer_offsets-19 for coordinator epoch OptionalInt[0]. Removed 0 cached offsets and 0 cached groups. (kafka.coordinator.group.GroupMetadataManager)
kafka-2-1  | 2026-09-21T21:59:36.228283686Z [2026-09-21 21:59:36,227] INFO [GroupMetadataManager brokerId=2] Finished unloading __consumer_offsets-32 for coordinator epoch OptionalInt[0]. Removed 0 cached offsets and 0 cached groups. (kafka.coordinator.group.GroupMetadataManager)
kafka-2-1  | 2026-09-21T21:59:36.228285086Z [2026-09-21 21:59:36,227] INFO [GroupMetadataManager brokerId=2] Finished unloading __consumer_offsets-28 for coordinator epoch OptionalInt[0]. Removed 0 cached offsets and 0 cached groups. (kafka.coordinator.group.GroupMetadataManager)
kafka-2-1  | 2026-09-21T21:59:36.228286586Z [2026-09-21 21:59:36,227] INFO [GroupMetadataManager brokerId=2] Finished unloading __consumer_offsets-7 for coordinator epoch OptionalInt[1]. Removed 0 cached offsets and 0 cached groups. (kafka.coordinator.group.GroupMetadataManager)
kafka-2-1  | 2026-09-21T21:59:36.228287986Z [2026-09-21 21:59:36,227] INFO [GroupMetadataManager brokerId=2] Finished unloading __consumer_offsets-40 for coordinator epoch OptionalInt[0]. Removed 0 cached offsets and 0 cached groups. (kafka.coordinator.group.GroupMetadataManager)
kafka-2-1  | 2026-09-21T21:59:36.228289886Z [2026-09-21 21:59:36,227] INFO [GroupMetadataManager brokerId=2] Finished unloading __consumer_offsets-3 for coordinator epoch OptionalInt[1]. Removed 0 cached offsets and 0 cached groups. (kafka.coordinator.group.GroupMetadataManager)
kafka-2-1  | 2026-09-21T21:59:36.228291387Z [2026-09-21 21:59:36,227] INFO [DynamicConfigPublisher broker id=2] Updating topic dados-sensores with new configuration : min.insync.replicas -> 2 (kafka.server.metadata.DynamicConfigPublisher)
kafka-2-1  | 2026-09-21T21:59:36.230257260Z [2026-09-21 21:59:36,227] INFO [GroupMetadataManager brokerId=2] Finished unloading __consumer_offsets-36 for coordinator epoch OptionalInt[0]. Removed 0 cached offsets and 0 cached groups. (kafka.coordinator.group.GroupMetadataManager)
kafka-2-1  | 2026-09-21T21:59:36.230274362Z [2026-09-21 21:59:36,227] INFO [GroupMetadataManager brokerId=2] Finished unloading __consumer_offsets-47 for coordinator epoch OptionalInt[0]. Removed 0 cached offsets and 0 cached groups. (kafka.coordinator.group.GroupMetadataManager)
kafka-2-1  | 2026-09-21T21:59:36.230276862Z [2026-09-21 21:59:36,228] INFO [GroupMetadataManager brokerId=2] Finished unloading __consumer_offsets-14 for coordinator epoch OptionalInt[1]. Removed 0 cached offsets and 0 cached groups. (kafka.coordinator.group.GroupMetadataManager)
kafka-2-1  | 2026-09-21T21:59:36.230278562Z [2026-09-21 21:59:36,228] INFO [GroupMetadataManager brokerId=2] Finished unloading __consumer_offsets-43 for coordinator epoch OptionalInt[0]. Removed 0 cached offsets and 0 cached groups. (kafka.coordinator.group.GroupMetadataManager)
kafka-2-1  | 2026-09-21T21:59:36.230279962Z [2026-09-21 21:59:36,228] INFO [GroupMetadataManager brokerId=2] Finished unloading __consumer_offsets-10 for coordinator epoch OptionalInt[1]. Removed 0 cached offsets and 0 cached groups. (kafka.coordinator.group.GroupMetadataManager)
kafka-2-1  | 2026-09-21T21:59:36.230281562Z [2026-09-21 21:59:36,228] INFO [GroupMetadataManager brokerId=2] Finished unloading __consumer_offsets-22 for coordinator epoch OptionalInt[0]. Removed 0 cached offsets and 0 cached groups. (kafka.coordinator.group.GroupMetadataManager)
kafka-2-1  | 2026-09-21T21:59:36.230293763Z [2026-09-21 21:59:36,228] INFO [GroupMetadataManager brokerId=2] Finished unloading __consumer_offsets-18 for coordinator epoch OptionalInt[0]. Removed 0 cached offsets and 0 cached groups. (kafka.coordinator.group.GroupMetadataManager)
kafka-2-1  | 2026-09-21T21:59:36.230309165Z [2026-09-21 21:59:36,229] INFO [GroupMetadataManager brokerId=2] Finished unloading __consumer_offsets-31 for coordinator epoch OptionalInt[0]. Removed 0 cached offsets and 0 cached groups. (kafka.coordinator.group.GroupMetadataManager)
kafka-2-1  | 2026-09-21T21:59:36.230312465Z [2026-09-21 21:59:36,229] INFO [GroupMetadataManager brokerId=2] Finished unloading __consumer_offsets-27 for coordinator epoch OptionalInt[1]. Removed 0 cached offsets and 0 cached groups. (kafka.coordinator.group.GroupMetadataManager)
kafka-2-1  | 2026-09-21T21:59:36.230313965Z [2026-09-21 21:59:36,229] INFO [GroupMetadataManager brokerId=2] Finished unloading __consumer_offsets-39 for coordinator epoch OptionalInt[0]. Removed 0 cached offsets and 0 cached groups. (kafka.coordinator.group.GroupMetadataManager)
kafka-2-1  | 2026-09-21T21:59:36.230315365Z [2026-09-21 21:59:36,230] INFO [GroupMetadataManager brokerId=2] Finished unloading __consumer_offsets-6 for coordinator epoch OptionalInt[0]. Removed 0 cached offsets and 0 cached groups. (kafka.coordinator.group.GroupMetadataManager)
kafka-2-1  | 2026-09-21T21:59:36.230316765Z [2026-09-21 21:59:36,230] INFO [GroupMetadataManager brokerId=2] Finished unloading __consumer_offsets-35 for coordinator epoch OptionalInt[1]. Removed 0 cached offsets and 0 cached groups. (kafka.coordinator.group.GroupMetadataManager)
kafka-2-1  | 2026-09-21T21:59:36.230318165Z [2026-09-21 21:59:36,230] INFO [GroupMetadataManager brokerId=2] Finished unloading __consumer_offsets-2 for coordinator epoch OptionalInt[0]. Removed 0 cached offsets and 0 cached groups. (kafka.coordinator.group.GroupMetadataManager)
kafka-2-1  | 2026-09-21T21:59:36.236000167Z [2026-09-21 21:59:36,235] INFO [DynamicConfigPublisher broker id=2] Updating topic __consumer_offsets with new configuration : compression.type -> producer,cleanup.policy -> compact,segment.bytes -> 104857600 (kafka.server.metadata.DynamicConfigPublisher)
kafka-2-1  | 2026-09-21T21:59:36.237544303Z [2026-09-21 21:59:36,237] INFO [MetadataLoader id=2] InitializeNewPublishers: initializing BrokerRegistrationTracker(id=2) with a snapshot at offset 1001 (org.apache.kafka.image.loader.MetadataLoader)
kafka-2-1  | 2026-09-21T21:59:36.239041936Z [2026-09-21 21:59:36,238] INFO [ControllerRegistrationManager id=2 incarnation=yyJa1ti8Tsy6o5sWd0VSQA] Our registration has been persisted to the metadata log. (kafka.server.ControllerRegistrationManager)
kafka-2-1  | 2026-09-21T21:59:36.247484881Z [2026-09-21 21:59:36,247] INFO [BrokerLifecycleManager id=2] The broker has caught up. Transitioning from STARTING to RECOVERY. (kafka.server.BrokerLifecycleManager)
kafka-2-1  | 2026-09-21T21:59:36.247724002Z [2026-09-21 21:59:36,247] INFO [BrokerServer id=2] Finished waiting for the controller to acknowledge that we are caught up (kafka.server.BrokerServer)
kafka-2-1  | 2026-09-21T21:59:36.247731903Z [2026-09-21 21:59:36,247] INFO [BrokerServer id=2] Waiting for the initial broker metadata update to be published (kafka.server.BrokerServer)
kafka-2-1  | 2026-09-21T21:59:36.247733803Z [2026-09-21 21:59:36,247] INFO [BrokerServer id=2] Finished waiting for the initial broker metadata update to be published (kafka.server.BrokerServer)
kafka-2-1  | 2026-09-21T21:59:36.248864103Z [2026-09-21 21:59:36,248] INFO KafkaConfig values: 
kafka-2-1  | 2026-09-21T21:59:36.248872103Z 	advertised.listeners = PLAINTEXT://kafka-2:9092
kafka-2-1  | 2026-09-21T21:59:36.248874203Z 	alter.config.policy.class.name = null
kafka-2-1  | 2026-09-21T21:59:36.248875304Z 	alter.log.dirs.replication.quota.window.num = 11
kafka-2-1  | 2026-09-21T21:59:36.248876504Z 	alter.log.dirs.replication.quota.window.size.seconds = 1
kafka-2-1  | 2026-09-21T21:59:36.248877704Z 	authorizer.class.name = 
kafka-2-1  | 2026-09-21T21:59:36.248878904Z 	auto.create.topics.enable = false
kafka-2-1  | 2026-09-21T21:59:36.248880004Z 	auto.include.jmx.reporter = true
kafka-2-1  | 2026-09-21T21:59:36.248881204Z 	auto.leader.rebalance.enable = true
kafka-2-1  | 2026-09-21T21:59:36.248882404Z 	background.threads = 10
kafka-2-1  | 2026-09-21T21:59:36.248883504Z 	broker.heartbeat.interval.ms = 2000
kafka-2-1  | 2026-09-21T21:59:36.248884604Z 	broker.id = 2
kafka-2-1  | 2026-09-21T21:59:36.248885704Z 	broker.id.generation.enable = true
kafka-2-1  | 2026-09-21T21:59:36.248886805Z 	broker.rack = null
kafka-2-1  | 2026-09-21T21:59:36.248888005Z 	broker.session.timeout.ms = 9000
kafka-2-1  | 2026-09-21T21:59:36.248889105Z 	client.quota.callback.class = null
kafka-2-1  | 2026-09-21T21:59:36.248890205Z 	compression.gzip.level = -1
kafka-2-1  | 2026-09-21T21:59:36.248891305Z 	compression.lz4.level = 9
kafka-2-1  | 2026-09-21T21:59:36.248892405Z 	compression.type = producer
kafka-2-1  | 2026-09-21T21:59:36.248893505Z 	compression.zstd.level = 3
kafka-2-1  | 2026-09-21T21:59:36.248894605Z 	connection.failed.authentication.delay.ms = 100
kafka-2-1  | 2026-09-21T21:59:36.248895805Z 	connections.max.idle.ms = 600000
kafka-2-1  | 2026-09-21T21:59:36.248896905Z 	connections.max.reauth.ms = 0
kafka-2-1  | 2026-09-21T21:59:36.248898306Z 	control.plane.listener.name = null
kafka-2-1  | 2026-09-21T21:59:36.248899506Z 	controlled.shutdown.enable = true
kafka-2-1  | 2026-09-21T21:59:36.248900606Z 	controlled.shutdown.max.retries = 3
kafka-2-1  | 2026-09-21T21:59:36.248901706Z 	controlled.shutdown.retry.backoff.ms = 5000
kafka-2-1  | 2026-09-21T21:59:36.248902906Z 	controller.listener.names = CONTROLLER
kafka-2-1  | 2026-09-21T21:59:36.248904006Z 	controller.quorum.append.linger.ms = 25
kafka-2-1  | 2026-09-21T21:59:36.248905106Z 	controller.quorum.bootstrap.servers = []
kafka-2-1  | 2026-09-21T21:59:36.248906306Z 	controller.quorum.election.backoff.max.ms = 1000
kafka-2-1  | 2026-09-21T21:59:36.248907406Z 	controller.quorum.election.timeout.ms = 1000
kafka-2-1  | 2026-09-21T21:59:36.248908607Z 	controller.quorum.fetch.timeout.ms = 2000
kafka-2-1  | 2026-09-21T21:59:36.248909707Z 	controller.quorum.request.timeout.ms = 2000
kafka-2-1  | 2026-09-21T21:59:36.248926908Z 	controller.quorum.retry.backoff.ms = 20
kafka-2-1  | 2026-09-21T21:59:36.248927908Z 	controller.quorum.voters = [1@kafka-1:9093, 2@kafka-2:9093, 3@kafka-3:9093]
kafka-2-1  | 2026-09-21T21:59:36.248952710Z 	controller.quota.window.num = 11
kafka-2-1  | 2026-09-21T21:59:36.248954211Z 	controller.quota.window.size.seconds = 1
kafka-2-1  | 2026-09-21T21:59:36.248955411Z 	controller.socket.timeout.ms = 30000
kafka-2-1  | 2026-09-21T21:59:36.248956511Z 	create.topic.policy.class.name = null
kafka-2-1  | 2026-09-21T21:59:36.248957711Z 	default.replication.factor = 3
kafka-2-1  | 2026-09-21T21:59:36.248958811Z 	delegation.token.expiry.check.interval.ms = 3600000
kafka-2-1  | 2026-09-21T21:59:36.248959911Z 	delegation.token.expiry.time.ms = 86400000
kafka-2-1  | 2026-09-21T21:59:36.248961011Z 	delegation.token.master.key = null
kafka-2-1  | 2026-09-21T21:59:36.248962111Z 	delegation.token.max.lifetime.ms = 604800000
kafka-2-1  | 2026-09-21T21:59:36.248963211Z 	delegation.token.secret.key = null
kafka-2-1  | 2026-09-21T21:59:36.248964411Z 	delete.records.purgatory.purge.interval.requests = 1
kafka-2-1  | 2026-09-21T21:59:36.248965612Z 	delete.topic.enable = true
kafka-2-1  | 2026-09-21T21:59:36.248966712Z 	early.start.listeners = null
kafka-2-1  | 2026-09-21T21:59:36.248967812Z 	eligible.leader.replicas.enable = false
kafka-2-1  | 2026-09-21T21:59:36.248969012Z 	fetch.max.bytes = 57671680
kafka-2-1  | 2026-09-21T21:59:36.248970112Z 	fetch.purgatory.purge.interval.requests = 1000
kafka-2-1  | 2026-09-21T21:59:36.248972012Z 	group.consumer.assignors = [org.apache.kafka.coordinator.group.assignor.UniformAssignor, org.apache.kafka.coordinator.group.assignor.RangeAssignor]
kafka-2-1  | 2026-09-21T21:59:36.248973412Z 	group.consumer.heartbeat.interval.ms = 5000
kafka-2-1  | 2026-09-21T21:59:36.248974512Z 	group.consumer.max.heartbeat.interval.ms = 15000
kafka-2-1  | 2026-09-21T21:59:36.248975712Z 	group.consumer.max.session.timeout.ms = 60000
kafka-2-1  | 2026-09-21T21:59:36.248976713Z 	group.consumer.max.size = 2147483647
kafka-2-1  | 2026-09-21T21:59:36.248977813Z 	group.consumer.migration.policy = disabled
kafka-2-1  | 2026-09-21T21:59:36.248978913Z 	group.consumer.min.heartbeat.interval.ms = 5000
kafka-2-1  | 2026-09-21T21:59:36.248980013Z 	group.consumer.min.session.timeout.ms = 45000
kafka-2-1  | 2026-09-21T21:59:36.248981113Z 	group.consumer.session.timeout.ms = 45000
kafka-2-1  | 2026-09-21T21:59:36.248982213Z 	group.coordinator.append.linger.ms = 10
kafka-2-1  | 2026-09-21T21:59:36.248983313Z 	group.coordinator.new.enable = false
kafka-2-1  | 2026-09-21T21:59:36.248984413Z 	group.coordinator.rebalance.protocols = [classic]
kafka-2-1  | 2026-09-21T21:59:36.248985513Z 	group.coordinator.threads = 1
kafka-2-1  | 2026-09-21T21:59:36.248986613Z 	group.initial.rebalance.delay.ms = 3000
kafka-2-1  | 2026-09-21T21:59:36.248987713Z 	group.max.session.timeout.ms = 1800000
kafka-2-1  | 2026-09-21T21:59:36.249003315Z 	group.max.size = 2147483647
kafka-2-1  | 2026-09-21T21:59:36.249004415Z 	group.min.session.timeout.ms = 6000
kafka-2-1  | 2026-09-21T21:59:36.249005415Z 	initial.broker.registration.timeout.ms = 60000
kafka-2-1  | 2026-09-21T21:59:36.249008415Z 	inter.broker.listener.name = PLAINTEXT
kafka-2-1  | 2026-09-21T21:59:36.249009615Z 	inter.broker.protocol.version = 3.8-IV0
kafka-2-1  | 2026-09-21T21:59:36.249010616Z 	kafka.metrics.polling.interval.secs = 10
kafka-2-1  | 2026-09-21T21:59:36.249011616Z 	kafka.metrics.reporters = []
kafka-2-1  | 2026-09-21T21:59:36.249012616Z 	leader.imbalance.check.interval.seconds = 300
kafka-2-1  | 2026-09-21T21:59:36.249013716Z 	leader.imbalance.per.broker.percentage = 10
kafka-2-1  | 2026-09-21T21:59:36.249014716Z 	listener.security.protocol.map = PLAINTEXT:PLAINTEXT,CONTROLLER:PLAINTEXT
kafka-2-1  | 2026-09-21T21:59:36.249015816Z 	listeners = PLAINTEXT://0.0.0.0:9092,CONTROLLER://0.0.0.0:9093
kafka-2-1  | 2026-09-21T21:59:36.249016916Z 	log.cleaner.backoff.ms = 15000
kafka-2-1  | 2026-09-21T21:59:36.249017916Z 	log.cleaner.dedupe.buffer.size = 134217728
kafka-2-1  | 2026-09-21T21:59:36.249018916Z 	log.cleaner.delete.retention.ms = 86400000
kafka-2-1  | 2026-09-21T21:59:36.249019916Z 	log.cleaner.enable = true
kafka-2-1  | 2026-09-21T21:59:36.249020916Z 	log.cleaner.io.buffer.load.factor = 0.9
kafka-2-1  | 2026-09-21T21:59:36.249021917Z 	log.cleaner.io.buffer.size = 524288
kafka-2-1  | 2026-09-21T21:59:36.249022917Z 	log.cleaner.io.max.bytes.per.second = 1.7976931348623157E308
kafka-2-1  | 2026-09-21T21:59:36.249023917Z 	log.cleaner.max.compaction.lag.ms = 9223372036854775807
kafka-2-1  | 2026-09-21T21:59:36.249025017Z 	log.cleaner.min.cleanable.ratio = 0.5
kafka-2-1  | 2026-09-21T21:59:36.249026117Z 	log.cleaner.min.compaction.lag.ms = 0
kafka-2-1  | 2026-09-21T21:59:36.249027117Z 	log.cleaner.threads = 1
kafka-2-1  | 2026-09-21T21:59:36.249028117Z 	log.cleanup.policy = [delete]
kafka-2-1  | 2026-09-21T21:59:36.249029117Z 	log.dir = /tmp/kafka-logs
kafka-2-1  | 2026-09-21T21:59:36.249030117Z 	log.dir.failure.timeout.ms = 30000
kafka-2-1  | 2026-09-21T21:59:36.249031117Z 	log.dirs = null
kafka-2-1  | 2026-09-21T21:59:36.249032117Z 	log.flush.interval.messages = 9223372036854775807
kafka-2-1  | 2026-09-21T21:59:36.249033218Z 	log.flush.interval.ms = null
kafka-2-1  | 2026-09-21T21:59:36.249034218Z 	log.flush.offset.checkpoint.interval.ms = 60000
kafka-2-1  | 2026-09-21T21:59:36.249035218Z 	log.flush.scheduler.interval.ms = 9223372036854775807
kafka-2-1  | 2026-09-21T21:59:36.249036318Z 	log.flush.start.offset.checkpoint.interval.ms = 60000
kafka-2-1  | 2026-09-21T21:59:36.249037518Z 	log.index.interval.bytes = 4096
kafka-2-1  | 2026-09-21T21:59:36.249038518Z 	log.index.size.max.bytes = 10485760
kafka-2-1  | 2026-09-21T21:59:36.249039518Z 	log.initial.task.delay.ms = 30000
kafka-2-1  | 2026-09-21T21:59:36.249040518Z 	log.local.retention.bytes = -2
kafka-2-1  | 2026-09-21T21:59:36.249041618Z 	log.local.retention.ms = -2
kafka-2-1  | 2026-09-21T21:59:36.249042618Z 	log.message.downconversion.enable = true
kafka-2-1  | 2026-09-21T21:59:36.249043618Z 	log.message.format.version = 3.0-IV1
kafka-2-1  | 2026-09-21T21:59:36.249060820Z 	log.message.timestamp.after.max.ms = 9223372036854775807
kafka-2-1  | 2026-09-21T21:59:36.249063320Z 	log.message.timestamp.before.max.ms = 9223372036854775807
kafka-2-1  | 2026-09-21T21:59:36.249064620Z 	log.message.timestamp.difference.max.ms = 9223372036854775807
kafka-2-1  | 2026-09-21T21:59:36.249065720Z 	log.message.timestamp.type = CreateTime
kafka-2-1  | 2026-09-21T21:59:36.249066820Z 	log.preallocate = false
kafka-2-1  | 2026-09-21T21:59:36.249068021Z 	log.retention.bytes = -1
kafka-2-1  | 2026-09-21T21:59:36.249069221Z 	log.retention.check.interval.ms = 300000
kafka-2-1  | 2026-09-21T21:59:36.249070321Z 	log.retention.hours = 168
kafka-2-1  | 2026-09-21T21:59:36.249071421Z 	log.retention.minutes = null
kafka-2-1  | 2026-09-21T21:59:36.249072621Z 	log.retention.ms = null
kafka-2-1  | 2026-09-21T21:59:36.249073621Z 	log.roll.hours = 168
kafka-2-1  | 2026-09-21T21:59:36.249074721Z 	log.roll.jitter.hours = 0
kafka-2-1  | 2026-09-21T21:59:36.249075921Z 	log.roll.jitter.ms = null
kafka-2-1  | 2026-09-21T21:59:36.249077021Z 	log.roll.ms = null
kafka-2-1  | 2026-09-21T21:59:36.249078121Z 	log.segment.bytes = 1073741824
kafka-2-1  | 2026-09-21T21:59:36.249079322Z 	log.segment.delete.delay.ms = 60000
kafka-2-1  | 2026-09-21T21:59:36.249080422Z 	max.connection.creation.rate = 2147483647
kafka-2-1  | 2026-09-21T21:59:36.249081622Z 	max.connections = 2147483647
kafka-2-1  | 2026-09-21T21:59:36.249082722Z 	max.connections.per.ip = 2147483647
kafka-2-1  | 2026-09-21T21:59:36.249084022Z 	max.connections.per.ip.overrides = 
kafka-2-1  | 2026-09-21T21:59:36.249085122Z 	max.incremental.fetch.session.cache.slots = 1000
kafka-2-1  | 2026-09-21T21:59:36.249086422Z 	max.request.partition.size.limit = 2000
kafka-2-1  | 2026-09-21T21:59:36.249087522Z 	message.max.bytes = 1048588
kafka-2-1  | 2026-09-21T21:59:36.249088722Z 	metadata.log.dir = null
kafka-2-1  | 2026-09-21T21:59:36.249089822Z 	metadata.log.max.record.bytes.between.snapshots = 20971520
kafka-2-1  | 2026-09-21T21:59:36.249090923Z 	metadata.log.max.snapshot.interval.ms = 3600000
kafka-2-1  | 2026-09-21T21:59:36.249092023Z 	metadata.log.segment.bytes = 1073741824
kafka-2-1  | 2026-09-21T21:59:36.249093223Z 	metadata.log.segment.min.bytes = 8388608
kafka-2-1  | 2026-09-21T21:59:36.249094323Z 	metadata.log.segment.ms = 604800000
kafka-2-1  | 2026-09-21T21:59:36.249095523Z 	metadata.max.idle.interval.ms = 500
kafka-2-1  | 2026-09-21T21:59:36.249096623Z 	metadata.max.retention.bytes = 104857600
kafka-2-1  | 2026-09-21T21:59:36.249097723Z 	metadata.max.retention.ms = 604800000
kafka-2-1  | 2026-09-21T21:59:36.249098923Z 	metric.reporters = []
kafka-2-1  | 2026-09-21T21:59:36.249100023Z 	metrics.num.samples = 2
kafka-2-1  | 2026-09-21T21:59:36.249101123Z 	metrics.recording.level = INFO
kafka-2-1  | 2026-09-21T21:59:36.249102224Z 	metrics.sample.window.ms = 30000
kafka-2-1  | 2026-09-21T21:59:36.249103424Z 	min.insync.replicas = 2
kafka-2-1  | 2026-09-21T21:59:36.249107424Z 	node.id = 2
kafka-2-1  | 2026-09-21T21:59:36.249108624Z 	num.io.threads = 8
kafka-2-1  | 2026-09-21T21:59:36.249109724Z 	num.network.threads = 3
kafka-2-1  | 2026-09-21T21:59:36.249110824Z 	num.partitions = 1
kafka-2-1  | 2026-09-21T21:59:36.249112024Z 	num.recovery.threads.per.data.dir = 1
kafka-2-1  | 2026-09-21T21:59:36.249113125Z 	num.replica.alter.log.dirs.threads = null
kafka-2-1  | 2026-09-21T21:59:36.249114225Z 	num.replica.fetchers = 1
kafka-2-1  | 2026-09-21T21:59:36.249115325Z 	offset.metadata.max.bytes = 4096
kafka-2-1  | 2026-09-21T21:59:36.249116525Z 	offsets.commit.required.acks = -1
kafka-2-1  | 2026-09-21T21:59:36.249117725Z 	offsets.commit.timeout.ms = 5000
kafka-2-1  | 2026-09-21T21:59:36.249118825Z 	offsets.load.buffer.size = 5242880
kafka-2-1  | 2026-09-21T21:59:36.249119925Z 	offsets.retention.check.interval.ms = 600000
kafka-2-1  | 2026-09-21T21:59:36.249121125Z 	offsets.retention.minutes = 10080
kafka-2-1  | 2026-09-21T21:59:36.249122225Z 	offsets.topic.compression.codec = 0
kafka-2-1  | 2026-09-21T21:59:36.249123325Z 	offsets.topic.num.partitions = 50
kafka-2-1  | 2026-09-21T21:59:36.249124726Z 	offsets.topic.replication.factor = 3
kafka-2-1  | 2026-09-21T21:59:36.249125926Z 	offsets.topic.segment.bytes = 104857600
kafka-2-1  | 2026-09-21T21:59:36.249127026Z 	password.encoder.cipher.algorithm = AES/CBC/PKCS5Padding
kafka-2-1  | 2026-09-21T21:59:36.249128226Z 	password.encoder.iterations = 4096
kafka-2-1  | 2026-09-21T21:59:36.249129226Z 	password.encoder.key.length = 128
kafka-2-1  | 2026-09-21T21:59:36.249130326Z 	password.encoder.keyfactory.algorithm = null
kafka-2-1  | 2026-09-21T21:59:36.249131426Z 	password.encoder.old.secret = null
kafka-2-1  | 2026-09-21T21:59:36.249132526Z 	password.encoder.secret = null
kafka-2-1  | 2026-09-21T21:59:36.249133626Z 	principal.builder.class = class org.apache.kafka.common.security.authenticator.DefaultKafkaPrincipalBuilder
kafka-2-1  | 2026-09-21T21:59:36.249134826Z 	process.roles = [broker, controller]
kafka-2-1  | 2026-09-21T21:59:36.249135927Z 	producer.id.expiration.check.interval.ms = 600000
kafka-2-1  | 2026-09-21T21:59:36.249137027Z 	producer.id.expiration.ms = 86400000
kafka-2-1  | 2026-09-21T21:59:36.249138127Z 	producer.purgatory.purge.interval.requests = 1000
kafka-2-1  | 2026-09-21T21:59:36.249139227Z 	queued.max.request.bytes = -1
kafka-2-1  | 2026-09-21T21:59:36.249140327Z 	queued.max.requests = 500
kafka-2-1  | 2026-09-21T21:59:36.249141427Z 	quota.window.num = 11
kafka-2-1  | 2026-09-21T21:59:36.249142527Z 	quota.window.size.seconds = 1
kafka-2-1  | 2026-09-21T21:59:36.249143627Z 	remote.fetch.max.wait.ms = 500
kafka-2-1  | 2026-09-21T21:59:36.249144727Z 	remote.log.index.file.cache.total.size.bytes = 1073741824
kafka-2-1  | 2026-09-21T21:59:36.249148328Z 	remote.log.manager.copier.thread.pool.size = 10
kafka-2-1  | 2026-09-21T21:59:36.249149428Z 	remote.log.manager.copy.max.bytes.per.second = 9223372036854775807
kafka-2-1  | 2026-09-21T21:59:36.249154428Z 	remote.log.manager.copy.quota.window.num = 11
kafka-2-1  | 2026-09-21T21:59:36.249155728Z 	remote.log.manager.copy.quota.window.size.seconds = 1
kafka-2-1  | 2026-09-21T21:59:36.249156828Z 	remote.log.manager.expiration.thread.pool.size = 10
kafka-2-1  | 2026-09-21T21:59:36.249157929Z 	remote.log.manager.fetch.max.bytes.per.second = 9223372036854775807
kafka-2-1  | 2026-09-21T21:59:36.249159129Z 	remote.log.manager.fetch.quota.window.num = 11
kafka-2-1  | 2026-09-21T21:59:36.249160229Z 	remote.log.manager.fetch.quota.window.size.seconds = 1
kafka-2-1  | 2026-09-21T21:59:36.249161429Z 	remote.log.manager.task.interval.ms = 30000
kafka-2-1  | 2026-09-21T21:59:36.249162429Z 	remote.log.manager.task.retry.backoff.max.ms = 30000
kafka-2-1  | 2026-09-21T21:59:36.249163529Z 	remote.log.manager.task.retry.backoff.ms = 500
kafka-2-1  | 2026-09-21T21:59:36.249164629Z 	remote.log.manager.task.retry.jitter = 0.2
kafka-2-1  | 2026-09-21T21:59:36.249165729Z 	remote.log.manager.thread.pool.size = 10
kafka-2-1  | 2026-09-21T21:59:36.249166829Z 	remote.log.metadata.custom.metadata.max.bytes = 128
kafka-2-1  | 2026-09-21T21:59:36.249168029Z 	remote.log.metadata.manager.class.name = org.apache.kafka.server.log.remote.metadata.storage.TopicBasedRemoteLogMetadataManager
kafka-2-1  | 2026-09-21T21:59:36.249169230Z 	remote.log.metadata.manager.class.path = null
kafka-2-1  | 2026-09-21T21:59:36.249170330Z 	remote.log.metadata.manager.impl.prefix = rlmm.config.
kafka-2-1  | 2026-09-21T21:59:36.249171430Z 	remote.log.metadata.manager.listener.name = null
kafka-2-1  | 2026-09-21T21:59:36.249172530Z 	remote.log.reader.max.pending.tasks = 100
kafka-2-1  | 2026-09-21T21:59:36.249173630Z 	remote.log.reader.threads = 10
kafka-2-1  | 2026-09-21T21:59:36.249174730Z 	remote.log.storage.manager.class.name = null
kafka-2-1  | 2026-09-21T21:59:36.249175830Z 	remote.log.storage.manager.class.path = null
kafka-2-1  | 2026-09-21T21:59:36.249176930Z 	remote.log.storage.manager.impl.prefix = rsm.config.
kafka-2-1  | 2026-09-21T21:59:36.249178230Z 	remote.log.storage.system.enable = false
kafka-2-1  | 2026-09-21T21:59:36.249179430Z 	replica.fetch.backoff.ms = 1000
kafka-2-1  | 2026-09-21T21:59:36.249180531Z 	replica.fetch.max.bytes = 1048576
kafka-2-1  | 2026-09-21T21:59:36.249181631Z 	replica.fetch.min.bytes = 1
kafka-2-1  | 2026-09-21T21:59:36.249182731Z 	replica.fetch.response.max.bytes = 10485760
kafka-2-1  | 2026-09-21T21:59:36.249183831Z 	replica.fetch.wait.max.ms = 500
kafka-2-1  | 2026-09-21T21:59:36.249184831Z 	replica.high.watermark.checkpoint.interval.ms = 5000
kafka-2-1  | 2026-09-21T21:59:36.249186031Z 	replica.lag.time.max.ms = 30000
kafka-2-1  | 2026-09-21T21:59:36.249187131Z 	replica.selector.class = null
kafka-2-1  | 2026-09-21T21:59:36.249188231Z 	replica.socket.receive.buffer.bytes = 65536
kafka-2-1  | 2026-09-21T21:59:36.249189331Z 	replica.socket.timeout.ms = 30000
kafka-2-1  | 2026-09-21T21:59:36.249190331Z 	replication.quota.window.num = 11
kafka-2-1  | 2026-09-21T21:59:36.249191431Z 	replication.quota.window.size.seconds = 1
kafka-2-1  | 2026-09-21T21:59:36.249193932Z 	request.timeout.ms = 30000
kafka-2-1  | 2026-09-21T21:59:36.249210633Z 	reserved.broker.max.id = 1000
kafka-2-1  | 2026-09-21T21:59:36.249211633Z 	sasl.client.callback.handler.class = null
kafka-2-1  | 2026-09-21T21:59:36.249212633Z 	sasl.enabled.mechanisms = [GSSAPI]
kafka-2-1  | 2026-09-21T21:59:36.249213733Z 	sasl.jaas.config = null
kafka-2-1  | 2026-09-21T21:59:36.249214734Z 	sasl.kerberos.kinit.cmd = /usr/bin/kinit
kafka-2-1  | 2026-09-21T21:59:36.249215734Z 	sasl.kerberos.min.time.before.relogin = 60000
kafka-2-1  | 2026-09-21T21:59:36.249216834Z 	sasl.kerberos.principal.to.local.rules = [DEFAULT]
kafka-2-1  | 2026-09-21T21:59:36.249217834Z 	sasl.kerberos.service.name = null
kafka-2-1  | 2026-09-21T21:59:36.249218834Z 	sasl.kerberos.ticket.renew.jitter = 0.05
kafka-2-1  | 2026-09-21T21:59:36.249219934Z 	sasl.kerberos.ticket.renew.window.factor = 0.8
kafka-2-1  | 2026-09-21T21:59:36.249220934Z 	sasl.login.callback.handler.class = null
kafka-2-1  | 2026-09-21T21:59:36.249221934Z 	sasl.login.class = null
kafka-2-1  | 2026-09-21T21:59:36.249222934Z 	sasl.login.connect.timeout.ms = null
kafka-2-1  | 2026-09-21T21:59:36.249223934Z 	sasl.login.read.timeout.ms = null
kafka-2-1  | 2026-09-21T21:59:36.249224934Z 	sasl.login.refresh.buffer.seconds = 300
kafka-2-1  | 2026-09-21T21:59:36.249225935Z 	sasl.login.refresh.min.period.seconds = 60
kafka-2-1  | 2026-09-21T21:59:36.249226935Z 	sasl.login.refresh.window.factor = 0.8
kafka-2-1  | 2026-09-21T21:59:36.249228035Z 	sasl.login.refresh.window.jitter = 0.05
kafka-2-1  | 2026-09-21T21:59:36.249229035Z 	sasl.login.retry.backoff.max.ms = 10000
kafka-2-1  | 2026-09-21T21:59:36.249230035Z 	sasl.login.retry.backoff.ms = 100
kafka-2-1  | 2026-09-21T21:59:36.249231035Z 	sasl.mechanism.controller.protocol = GSSAPI
kafka-2-1  | 2026-09-21T21:59:36.249232135Z 	sasl.mechanism.inter.broker.protocol = GSSAPI
kafka-2-1  | 2026-09-21T21:59:36.249233135Z 	sasl.oauthbearer.clock.skew.seconds = 30
kafka-2-1  | 2026-09-21T21:59:36.249234135Z 	sasl.oauthbearer.expected.audience = null
kafka-2-1  | 2026-09-21T21:59:36.249235135Z 	sasl.oauthbearer.expected.issuer = null
kafka-2-1  | 2026-09-21T21:59:36.249236135Z 	sasl.oauthbearer.jwks.endpoint.refresh.ms = 3600000
kafka-2-1  | 2026-09-21T21:59:36.249237236Z 	sasl.oauthbearer.jwks.endpoint.retry.backoff.max.ms = 10000
kafka-2-1  | 2026-09-21T21:59:36.249238236Z 	sasl.oauthbearer.jwks.endpoint.retry.backoff.ms = 100
kafka-2-1  | 2026-09-21T21:59:36.249239336Z 	sasl.oauthbearer.jwks.endpoint.url = null
kafka-2-1  | 2026-09-21T21:59:36.249240436Z 	sasl.oauthbearer.scope.claim.name = scope
kafka-2-1  | 2026-09-21T21:59:36.249241436Z 	sasl.oauthbearer.sub.claim.name = sub
kafka-2-1  | 2026-09-21T21:59:36.249242436Z 	sasl.oauthbearer.token.endpoint.url = null
kafka-2-1  | 2026-09-21T21:59:36.249243436Z 	sasl.server.callback.handler.class = null
kafka-2-1  | 2026-09-21T21:59:36.249244436Z 	sasl.server.max.receive.size = 524288
kafka-2-1  | 2026-09-21T21:59:36.249246836Z 	security.inter.broker.protocol = PLAINTEXT
kafka-2-1  | 2026-09-21T21:59:36.249247936Z 	security.providers = null
kafka-2-1  | 2026-09-21T21:59:36.249248937Z 	server.max.startup.time.ms = 9223372036854775807
kafka-2-1  | 2026-09-21T21:59:36.249250137Z 	socket.connection.setup.timeout.max.ms = 30000
kafka-2-1  | 2026-09-21T21:59:36.249251237Z 	socket.connection.setup.timeout.ms = 10000
kafka-2-1  | 2026-09-21T21:59:36.249252237Z 	socket.listen.backlog.size = 50
kafka-2-1  | 2026-09-21T21:59:36.249253237Z 	socket.receive.buffer.bytes = 102400
kafka-2-1  | 2026-09-21T21:59:36.249254237Z 	socket.request.max.bytes = 104857600
kafka-2-1  | 2026-09-21T21:59:36.249255337Z 	socket.send.buffer.bytes = 102400
kafka-2-1  | 2026-09-21T21:59:36.249256437Z 	ssl.allow.dn.changes = false
kafka-2-1  | 2026-09-21T21:59:36.249257437Z 	ssl.allow.san.changes = false
kafka-2-1  | 2026-09-21T21:59:36.249258437Z 	ssl.cipher.suites = []
kafka-2-1  | 2026-09-21T21:59:36.249259437Z 	ssl.client.auth = none
kafka-2-1  | 2026-09-21T21:59:36.249260438Z 	ssl.enabled.protocols = [TLSv1.2, TLSv1.3]
kafka-2-1  | 2026-09-21T21:59:36.249261438Z 	ssl.endpoint.identification.algorithm = https
kafka-2-1  | 2026-09-21T21:59:36.249262538Z 	ssl.engine.factory.class = null
kafka-2-1  | 2026-09-21T21:59:36.249263538Z 	ssl.key.password = null
kafka-2-1  | 2026-09-21T21:59:36.249264538Z 	ssl.keymanager.algorithm = SunX509
kafka-2-1  | 2026-09-21T21:59:36.249265538Z 	ssl.keystore.certificate.chain = null
kafka-2-1  | 2026-09-21T21:59:36.249266538Z 	ssl.keystore.key = null
kafka-2-1  | 2026-09-21T21:59:36.249267538Z 	ssl.keystore.location = null
kafka-2-1  | 2026-09-21T21:59:36.249268538Z 	ssl.keystore.password = null
kafka-2-1  | 2026-09-21T21:59:36.249269638Z 	ssl.keystore.type = JKS
kafka-2-1  | 2026-09-21T21:59:36.249270638Z 	ssl.principal.mapping.rules = DEFAULT
kafka-2-1  | 2026-09-21T21:59:36.249271839Z 	ssl.protocol = TLSv1.3
kafka-2-1  | 2026-09-21T21:59:36.249290940Z 	ssl.provider = null
kafka-2-1  | 2026-09-21T21:59:36.249292040Z 	ssl.secure.random.implementation = null
kafka-2-1  | 2026-09-21T21:59:36.249293140Z 	ssl.trustmanager.algorithm = PKIX
kafka-2-1  | 2026-09-21T21:59:36.249294241Z 	ssl.truststore.certificates = null
kafka-2-1  | 2026-09-21T21:59:36.249295341Z 	ssl.truststore.location = null
kafka-2-1  | 2026-09-21T21:59:36.249296341Z 	ssl.truststore.password = null
kafka-2-1  | 2026-09-21T21:59:36.249297541Z 	ssl.truststore.type = JKS
kafka-2-1  | 2026-09-21T21:59:36.249298541Z 	telemetry.max.bytes = 1048576
kafka-2-1  | 2026-09-21T21:59:36.249299641Z 	transaction.abort.timed.out.transaction.cleanup.interval.ms = 10000
kafka-2-1  | 2026-09-21T21:59:36.249300841Z 	transaction.max.timeout.ms = 900000
kafka-2-1  | 2026-09-21T21:59:36.249301941Z 	transaction.partition.verification.enable = true
kafka-2-1  | 2026-09-21T21:59:36.249303041Z 	transaction.remove.expired.transaction.cleanup.interval.ms = 3600000
kafka-2-1  | 2026-09-21T21:59:36.249306142Z 	transaction.state.log.load.buffer.size = 5242880
kafka-2-1  | 2026-09-21T21:59:36.249307342Z 	transaction.state.log.min.isr = 2
kafka-2-1  | 2026-09-21T21:59:36.249308442Z 	transaction.state.log.num.partitions = 50
kafka-2-1  | 2026-09-21T21:59:36.249309542Z 	transaction.state.log.replication.factor = 3
kafka-2-1  | 2026-09-21T21:59:36.249310742Z 	transaction.state.log.segment.bytes = 104857600
kafka-2-1  | 2026-09-21T21:59:36.249311842Z 	transactional.id.expiration.ms = 604800000
kafka-2-1  | 2026-09-21T21:59:36.249312842Z 	unclean.leader.election.enable = false
kafka-2-1  | 2026-09-21T21:59:36.249313942Z 	unstable.api.versions.enable = false
kafka-2-1  | 2026-09-21T21:59:36.249315042Z 	unstable.feature.versions.enable = false
kafka-2-1  | 2026-09-21T21:59:36.249316142Z 	zookeeper.clientCnxnSocket = null
kafka-2-1  | 2026-09-21T21:59:36.249317343Z 	zookeeper.connect = null
kafka-2-1  | 2026-09-21T21:59:36.249318443Z 	zookeeper.connection.timeout.ms = null
kafka-2-1  | 2026-09-21T21:59:36.249319443Z 	zookeeper.max.in.flight.requests = 10
kafka-2-1  | 2026-09-21T21:59:36.249320543Z 	zookeeper.metadata.migration.enable = false
kafka-2-1  | 2026-09-21T21:59:36.249321643Z 	zookeeper.metadata.migration.min.batch.size = 200
kafka-2-1  | 2026-09-21T21:59:36.249322743Z 	zookeeper.session.timeout.ms = 18000
kafka-2-1  | 2026-09-21T21:59:36.249323843Z 	zookeeper.set.acl = false
kafka-2-1  | 2026-09-21T21:59:36.249324943Z 	zookeeper.ssl.cipher.suites = null
kafka-2-1  | 2026-09-21T21:59:36.249326043Z 	zookeeper.ssl.client.enable = false
kafka-2-1  | 2026-09-21T21:59:36.249327143Z 	zookeeper.ssl.crl.enable = false
kafka-2-1  | 2026-09-21T21:59:36.249328544Z 	zookeeper.ssl.enabled.protocols = null
kafka-2-1  | 2026-09-21T21:59:36.249329644Z 	zookeeper.ssl.endpoint.identification.algorithm = HTTPS
kafka-2-1  | 2026-09-21T21:59:36.249330744Z 	zookeeper.ssl.keystore.location = null
kafka-2-1  | 2026-09-21T21:59:36.249331844Z 	zookeeper.ssl.keystore.password = null
kafka-2-1  | 2026-09-21T21:59:36.249332944Z 	zookeeper.ssl.keystore.type = null
kafka-2-1  | 2026-09-21T21:59:36.249333944Z 	zookeeper.ssl.ocsp.enable = false
kafka-2-1  | 2026-09-21T21:59:36.249335144Z 	zookeeper.ssl.protocol = TLSv1.2
kafka-2-1  | 2026-09-21T21:59:36.249336244Z 	zookeeper.ssl.truststore.location = null
kafka-2-1  | 2026-09-21T21:59:36.249337344Z 	zookeeper.ssl.truststore.password = null
kafka-2-1  | 2026-09-21T21:59:36.249338444Z 	zookeeper.ssl.truststore.type = null
kafka-2-1  | 2026-09-21T21:59:36.249339545Z  (kafka.server.KafkaConfig)
kafka-2-1  | 2026-09-21T21:59:36.249722278Z [2026-09-21 21:59:36,249] INFO RemoteLogManagerConfig values: 
kafka-2-1  | 2026-09-21T21:59:36.249728979Z 	log.local.retention.bytes = -2
kafka-2-1  | 2026-09-21T21:59:36.249730479Z 	log.local.retention.ms = -2
kafka-2-1  | 2026-09-21T21:59:36.249731679Z 	remote.fetch.max.wait.ms = 500
kafka-2-1  | 2026-09-21T21:59:36.249732779Z 	remote.log.index.file.cache.total.size.bytes = 1073741824
kafka-2-1  | 2026-09-21T21:59:36.249754281Z 	remote.log.manager.copier.thread.pool.size = 10
kafka-2-1  | 2026-09-21T21:59:36.249755581Z 	remote.log.manager.copy.max.bytes.per.second = 9223372036854775807
kafka-2-1  | 2026-09-21T21:59:36.249756681Z 	remote.log.manager.copy.quota.window.num = 11
kafka-2-1  | 2026-09-21T21:59:36.249757681Z 	remote.log.manager.copy.quota.window.size.seconds = 1
kafka-2-1  | 2026-09-21T21:59:36.249758782Z 	remote.log.manager.expiration.thread.pool.size = 10
kafka-2-1  | 2026-09-21T21:59:36.249759782Z 	remote.log.manager.fetch.max.bytes.per.second = 9223372036854775807
kafka-2-1  | 2026-09-21T21:59:36.249761082Z 	remote.log.manager.fetch.quota.window.num = 11
kafka-2-1  | 2026-09-21T21:59:36.249762182Z 	remote.log.manager.fetch.quota.window.size.seconds = 1
kafka-2-1  | 2026-09-21T21:59:36.249763182Z 	remote.log.manager.task.interval.ms = 30000
kafka-2-1  | 2026-09-21T21:59:36.249780083Z 	remote.log.manager.task.retry.backoff.max.ms = 30000
kafka-2-1  | 2026-09-21T21:59:36.249781284Z 	remote.log.manager.task.retry.backoff.ms = 500
kafka-2-1  | 2026-09-21T21:59:36.249782384Z 	remote.log.manager.task.retry.jitter = 0.2
kafka-2-1  | 2026-09-21T21:59:36.249783484Z 	remote.log.manager.thread.pool.size = 10
kafka-2-1  | 2026-09-21T21:59:36.249784584Z 	remote.log.metadata.custom.metadata.max.bytes = 128
kafka-2-1  | 2026-09-21T21:59:36.249785784Z 	remote.log.metadata.manager.class.name = org.apache.kafka.server.log.remote.metadata.storage.TopicBasedRemoteLogMetadataManager
kafka-2-1  | 2026-09-21T21:59:36.249786984Z 	remote.log.metadata.manager.class.path = null
kafka-2-1  | 2026-09-21T21:59:36.249788084Z 	remote.log.metadata.manager.impl.prefix = rlmm.config.
kafka-2-1  | 2026-09-21T21:59:36.249789284Z 	remote.log.metadata.manager.listener.name = null
kafka-2-1  | 2026-09-21T21:59:36.249790484Z 	remote.log.reader.max.pending.tasks = 100
kafka-2-1  | 2026-09-21T21:59:36.249791584Z 	remote.log.reader.threads = 10
kafka-2-1  | 2026-09-21T21:59:36.249792685Z 	remote.log.storage.manager.class.name = null
kafka-2-1  | 2026-09-21T21:59:36.249793785Z 	remote.log.storage.manager.class.path = null
kafka-2-1  | 2026-09-21T21:59:36.249794885Z 	remote.log.storage.manager.impl.prefix = rsm.config.
kafka-2-1  | 2026-09-21T21:59:36.249795985Z 	remote.log.storage.system.enable = false
kafka-2-1  | 2026-09-21T21:59:36.249797185Z  (org.apache.kafka.server.log.remote.storage.RemoteLogManagerConfig)
kafka-2-1  | 2026-09-21T21:59:36.252498223Z [2026-09-21 21:59:36,252] INFO [BrokerServer id=2] Waiting for the broker to be unfenced (kafka.server.BrokerServer)
kafka-2-1  | 2026-09-21T21:59:36.286010582Z [2026-09-21 21:59:36,285] INFO [BrokerLifecycleManager id=2] The broker has been unfenced. Transitioning from RECOVERY to RUNNING. (kafka.server.BrokerLifecycleManager)
kafka-2-1  | 2026-09-21T21:59:36.286067787Z [2026-09-21 21:59:36,285] INFO [BrokerServer id=2] Finished waiting for the broker to be unfenced (kafka.server.BrokerServer)
kafka-2-1  | 2026-09-21T21:59:36.286902260Z [2026-09-21 21:59:36,286] INFO authorizerStart completed for endpoint PLAINTEXT. Endpoint is now READY. (org.apache.kafka.server.network.EndpointReadyFutures)
kafka-2-1  | 2026-09-21T21:59:36.286963066Z [2026-09-21 21:59:36,286] INFO [SocketServer listenerType=BROKER, nodeId=2] Enabling request processing. (kafka.network.SocketServer)
kafka-2-1  | 2026-09-21T21:59:36.287291795Z [2026-09-21 21:59:36,287] INFO Awaiting socket connections on 0.0.0.0:9092. (kafka.network.DataPlaneAcceptor)
kafka-2-1  | 2026-09-21T21:59:36.288677517Z [2026-09-21 21:59:36,288] INFO [BrokerServer id=2] Waiting for all of the authorizer futures to be completed (kafka.server.BrokerServer)
kafka-2-1  | 2026-09-21T21:59:36.288686418Z [2026-09-21 21:59:36,288] INFO [BrokerServer id=2] Finished waiting for all of the authorizer futures to be completed (kafka.server.BrokerServer)
kafka-2-1  | 2026-09-21T21:59:36.288688418Z [2026-09-21 21:59:36,288] INFO [BrokerServer id=2] Waiting for all of the SocketServer Acceptors to be started (kafka.server.BrokerServer)
kafka-2-1  | 2026-09-21T21:59:36.288689818Z [2026-09-21 21:59:36,288] INFO [BrokerServer id=2] Finished waiting for all of the SocketServer Acceptors to be started (kafka.server.BrokerServer)
kafka-2-1  | 2026-09-21T21:59:36.288714620Z [2026-09-21 21:59:36,288] INFO [BrokerServer id=2] Transition from STARTING to STARTED (kafka.server.BrokerServer)
kafka-2-1  | 2026-09-21T21:59:36.289007046Z [2026-09-21 21:59:36,288] INFO Kafka version: 3.8.0 (org.apache.kafka.common.utils.AppInfoParser)
kafka-2-1  | 2026-09-21T21:59:36.289011646Z [2026-09-21 21:59:36,288] INFO Kafka commitId: 771b9576b00ecf5b (org.apache.kafka.common.utils.AppInfoParser)
kafka-2-1  | 2026-09-21T21:59:36.289013047Z [2026-09-21 21:59:36,288] INFO Kafka startTimeMs: 1790027976288 (org.apache.kafka.common.utils.AppInfoParser)
kafka-2-1  | 2026-09-21T21:59:36.289975732Z [2026-09-21 21:59:36,289] INFO [KafkaRaftServer nodeId=2] Kafka Server started (kafka.server.KafkaRaftServer)
kafka-2-1  | 2026-09-21T21:59:36.498080401Z [2026-09-21 21:59:36,497] INFO [GroupCoordinator 2]: Resigned as the group coordinator for partition 48 in epoch OptionalInt[1] (kafka.coordinator.group.GroupCoordinator)
kafka-2-1  | 2026-09-21T21:59:36.498090702Z [2026-09-21 21:59:36,498] INFO [GroupMetadataManager brokerId=2] Scheduling unloading of offsets and group metadata from __consumer_offsets-48 (kafka.coordinator.group.GroupMetadataManager)
kafka-2-1  | 2026-09-21T21:59:36.498387428Z [2026-09-21 21:59:36,498] INFO [GroupMetadataManager brokerId=2] Finished unloading __consumer_offsets-48 for coordinator epoch OptionalInt[1]. Removed 0 cached offsets and 0 cached groups. (kafka.coordinator.group.GroupMetadataManager)
kafka-2-1  | 2026-09-21T21:59:36.539679473Z [2026-09-21 21:59:36,539] INFO [GroupCoordinator 2]: Resigned as the group coordinator for partition 15 in epoch OptionalInt[1] (kafka.coordinator.group.GroupCoordinator)
kafka-2-1  | 2026-09-21T21:59:36.539686874Z [2026-09-21 21:59:36,539] INFO [GroupMetadataManager brokerId=2] Scheduling unloading of offsets and group metadata from __consumer_offsets-15 (kafka.coordinator.group.GroupMetadataManager)
kafka-2-1  | 2026-09-21T21:59:36.539731478Z [2026-09-21 21:59:36,539] INFO [GroupCoordinator 2]: Resigned as the group coordinator for partition 13 in epoch OptionalInt[0] (kafka.coordinator.group.GroupCoordinator)
kafka-2-1  | 2026-09-21T21:59:36.539735178Z [2026-09-21 21:59:36,539] INFO [GroupMetadataManager brokerId=2] Scheduling unloading of offsets and group metadata from __consumer_offsets-13 (kafka.coordinator.group.GroupMetadataManager)
kafka-2-1  | 2026-09-21T21:59:36.539759480Z [2026-09-21 21:59:36,539] INFO [GroupCoordinator 2]: Resigned as the group coordinator for partition 11 in epoch OptionalInt[0] (kafka.coordinator.group.GroupCoordinator)
kafka-2-1  | 2026-09-21T21:59:36.539767581Z [2026-09-21 21:59:36,539] INFO [GroupMetadataManager brokerId=2] Scheduling unloading of offsets and group metadata from __consumer_offsets-11 (kafka.coordinator.group.GroupMetadataManager)
kafka-2-1  | 2026-09-21T21:59:36.539791483Z [2026-09-21 21:59:36,539] INFO [GroupCoordinator 2]: Resigned as the group coordinator for partition 42 in epoch OptionalInt[1] (kafka.coordinator.group.GroupCoordinator)
kafka-2-1  | 2026-09-21T21:59:36.539794984Z [2026-09-21 21:59:36,539] INFO [GroupMetadataManager brokerId=2] Scheduling unloading of offsets and group metadata from __consumer_offsets-42 (kafka.coordinator.group.GroupMetadataManager)
kafka-2-1  | 2026-09-21T21:59:36.540274826Z [2026-09-21 21:59:36,539] INFO [GroupCoordinator 2]: Resigned as the group coordinator for partition 21 in epoch OptionalInt[1] (kafka.coordinator.group.GroupCoordinator)
kafka-2-1  | 2026-09-21T21:59:36.540277826Z [2026-09-21 21:59:36,539] INFO [GroupMetadataManager brokerId=2] Scheduling unloading of offsets and group metadata from __consumer_offsets-21 (kafka.coordinator.group.GroupMetadataManager)
kafka-2-1  | 2026-09-21T21:59:36.540279226Z [2026-09-21 21:59:36,539] INFO [GroupCoordinator 2]: Resigned as the group coordinator for partition 17 in epoch OptionalInt[0] (kafka.coordinator.group.GroupCoordinator)
kafka-2-1  | 2026-09-21T21:59:36.540280526Z [2026-09-21 21:59:36,539] INFO [GroupMetadataManager brokerId=2] Scheduling unloading of offsets and group metadata from __consumer_offsets-17 (kafka.coordinator.group.GroupMetadataManager)
kafka-2-1  | 2026-09-21T21:59:36.540281926Z [2026-09-21 21:59:36,539] INFO [GroupCoordinator 2]: Resigned as the group coordinator for partition 30 in epoch OptionalInt[1] (kafka.coordinator.group.GroupCoordinator)
kafka-2-1  | 2026-09-21T21:59:36.540283127Z [2026-09-21 21:59:36,539] INFO [GroupMetadataManager brokerId=2] Scheduling unloading of offsets and group metadata from __consumer_offsets-30 (kafka.coordinator.group.GroupMetadataManager)
kafka-2-1  | 2026-09-21T21:59:36.540284527Z [2026-09-21 21:59:36,539] INFO [GroupCoordinator 2]: Resigned as the group coordinator for partition 38 in epoch OptionalInt[0] (kafka.coordinator.group.GroupCoordinator)
kafka-2-1  | 2026-09-21T21:59:36.540285827Z [2026-09-21 21:59:36,539] INFO [GroupMetadataManager brokerId=2] Scheduling unloading of offsets and group metadata from __consumer_offsets-38 (kafka.coordinator.group.GroupMetadataManager)
kafka-2-1  | 2026-09-21T21:59:36.540287027Z [2026-09-21 21:59:36,539] INFO [GroupCoordinator 2]: Resigned as the group coordinator for partition 3 in epoch OptionalInt[1] (kafka.coordinator.group.GroupCoordinator)
kafka-2-1  | 2026-09-21T21:59:36.540288427Z [2026-09-21 21:59:36,539] INFO [GroupMetadataManager brokerId=2] Scheduling unloading of offsets and group metadata from __consumer_offsets-3 (kafka.coordinator.group.GroupMetadataManager)
kafka-2-1  | 2026-09-21T21:59:36.540289727Z [2026-09-21 21:59:36,539] INFO [GroupCoordinator 2]: Resigned as the group coordinator for partition 1 in epoch OptionalInt[1] (kafka.coordinator.group.GroupCoordinator)
kafka-2-1  | 2026-09-21T21:59:36.540291227Z [2026-09-21 21:59:36,539] INFO [GroupMetadataManager brokerId=2] Scheduling unloading of offsets and group metadata from __consumer_offsets-1 (kafka.coordinator.group.GroupMetadataManager)
kafka-2-1  | 2026-09-21T21:59:36.540292627Z [2026-09-21 21:59:36,540] INFO [GroupCoordinator 2]: Resigned as the group coordinator for partition 45 in epoch OptionalInt[0] (kafka.coordinator.group.GroupCoordinator)
kafka-2-1  | 2026-09-21T21:59:36.540295928Z [2026-09-21 21:59:36,540] INFO [GroupMetadataManager brokerId=2] Scheduling unloading of offsets and group metadata from __consumer_offsets-45 (kafka.coordinator.group.GroupMetadataManager)
kafka-2-1  | 2026-09-21T21:59:36.540297428Z [2026-09-21 21:59:36,540] INFO [GroupCoordinator 2]: Resigned as the group coordinator for partition 43 in epoch OptionalInt[0] (kafka.coordinator.group.GroupCoordinator)
kafka-2-1  | 2026-09-21T21:59:36.540298628Z [2026-09-21 21:59:36,540] INFO [GroupMetadataManager brokerId=2] Scheduling unloading of offsets and group metadata from __consumer_offsets-43 (kafka.coordinator.group.GroupMetadataManager)
kafka-2-1  | 2026-09-21T21:59:36.540299928Z [2026-09-21 21:59:36,540] INFO [GroupCoordinator 2]: Resigned as the group coordinator for partition 41 in epoch OptionalInt[1] (kafka.coordinator.group.GroupCoordinator)
kafka-2-1  | 2026-09-21T21:59:36.540301328Z [2026-09-21 21:59:36,540] INFO [GroupMetadataManager brokerId=2] Scheduling unloading of offsets and group metadata from __consumer_offsets-41 (kafka.coordinator.group.GroupMetadataManager)
kafka-2-1  | 2026-09-21T21:59:36.540302628Z [2026-09-21 21:59:36,540] INFO [GroupCoordinator 2]: Resigned as the group coordinator for partition 10 in epoch OptionalInt[1] (kafka.coordinator.group.GroupCoordinator)
kafka-2-1  | 2026-09-21T21:59:36.540303928Z [2026-09-21 21:59:36,540] INFO [GroupMetadataManager brokerId=2] Scheduling unloading of offsets and group metadata from __consumer_offsets-10 (kafka.coordinator.group.GroupMetadataManager)
kafka-2-1  | 2026-09-21T21:59:36.540337931Z [2026-09-21 21:59:36,540] INFO [GroupCoordinator 2]: Resigned as the group coordinator for partition 22 in epoch OptionalInt[0] (kafka.coordinator.group.GroupCoordinator)
kafka-2-1  | 2026-09-21T21:59:36.540339932Z [2026-09-21 21:59:36,540] INFO [GroupMetadataManager brokerId=2] Scheduling unloading of offsets and group metadata from __consumer_offsets-22 (kafka.coordinator.group.GroupMetadataManager)
kafka-2-1  | 2026-09-21T21:59:36.540444741Z [2026-09-21 21:59:36,540] INFO [GroupCoordinator 2]: Resigned as the group coordinator for partition 20 in epoch OptionalInt[1] (kafka.coordinator.group.GroupCoordinator)
kafka-2-1  | 2026-09-21T21:59:36.540452342Z [2026-09-21 21:59:36,540] INFO [GroupMetadataManager brokerId=2] Scheduling unloading of offsets and group metadata from __consumer_offsets-20 (kafka.coordinator.group.GroupMetadataManager)
kafka-2-1  | 2026-09-21T21:59:36.540454242Z [2026-09-21 21:59:36,540] INFO [GroupCoordinator 2]: Resigned as the group coordinator for partition 49 in epoch OptionalInt[0] (kafka.coordinator.group.GroupCoordinator)
kafka-2-1  | 2026-09-21T21:59:36.540455742Z [2026-09-21 21:59:36,540] INFO [GroupMetadataManager brokerId=2] Scheduling unloading of offsets and group metadata from __consumer_offsets-49 (kafka.coordinator.group.GroupMetadataManager)
kafka-2-1  | 2026-09-21T21:59:36.540457142Z [2026-09-21 21:59:36,540] INFO [GroupCoordinator 2]: Resigned as the group coordinator for partition 18 in epoch OptionalInt[0] (kafka.coordinator.group.GroupCoordinator)
kafka-2-1  | 2026-09-21T21:59:36.540458442Z [2026-09-21 21:59:36,540] INFO [GroupMetadataManager brokerId=2] Scheduling unloading of offsets and group metadata from __consumer_offsets-18 (kafka.coordinator.group.GroupMetadataManager)
kafka-2-1  | 2026-09-21T21:59:36.540487145Z [2026-09-21 21:59:36,540] INFO [GroupCoordinator 2]: Resigned as the group coordinator for partition 31 in epoch OptionalInt[0] (kafka.coordinator.group.GroupCoordinator)
kafka-2-1  | 2026-09-21T21:59:36.540490645Z [2026-09-21 21:59:36,540] INFO [GroupMetadataManager brokerId=2] Scheduling unloading of offsets and group metadata from __consumer_offsets-31 (kafka.coordinator.group.GroupMetadataManager)
kafka-2-1  | 2026-09-21T21:59:36.540499046Z [2026-09-21 21:59:36,540] INFO [GroupCoordinator 2]: Resigned as the group coordinator for partition 29 in epoch OptionalInt[0] (kafka.coordinator.group.GroupCoordinator)
kafka-2-1  | 2026-09-21T21:59:36.540500746Z [2026-09-21 21:59:36,540] INFO [GroupMetadataManager brokerId=2] Scheduling unloading of offsets and group metadata from __consumer_offsets-29 (kafka.coordinator.group.GroupMetadataManager)
kafka-2-1  | 2026-09-21T21:59:36.540583053Z [2026-09-21 21:59:36,540] INFO [GroupCoordinator 2]: Resigned as the group coordinator for partition 25 in epoch OptionalInt[0] (kafka.coordinator.group.GroupCoordinator)
kafka-2-1  | 2026-09-21T21:59:36.540588054Z [2026-09-21 21:59:36,540] INFO [GroupMetadataManager brokerId=2] Scheduling unloading of offsets and group metadata from __consumer_offsets-25 (kafka.coordinator.group.GroupMetadataManager)
kafka-2-1  | 2026-09-21T21:59:36.540589654Z [2026-09-21 21:59:36,540] INFO [GroupCoordinator 2]: Resigned as the group coordinator for partition 39 in epoch OptionalInt[0] (kafka.coordinator.group.GroupCoordinator)
kafka-2-1  | 2026-09-21T21:59:36.540591054Z [2026-09-21 21:59:36,540] INFO [GroupMetadataManager brokerId=2] Scheduling unloading of offsets and group metadata from __consumer_offsets-39 (kafka.coordinator.group.GroupMetadataManager)
kafka-2-1  | 2026-09-21T21:59:36.540618956Z [2026-09-21 21:59:36,540] INFO [GroupCoordinator 2]: Resigned as the group coordinator for partition 37 in epoch OptionalInt[1] (kafka.coordinator.group.GroupCoordinator)
kafka-2-1  | 2026-09-21T21:59:36.540727366Z [2026-09-21 21:59:36,540] INFO [GroupMetadataManager brokerId=2] Scheduling unloading of offsets and group metadata from __consumer_offsets-37 (kafka.coordinator.group.GroupMetadataManager)
kafka-2-1  | 2026-09-21T21:59:36.540734266Z [2026-09-21 21:59:36,540] INFO [GroupCoordinator 2]: Resigned as the group coordinator for partition 6 in epoch OptionalInt[0] (kafka.coordinator.group.GroupCoordinator)
kafka-2-1  | 2026-09-21T21:59:36.540736167Z [2026-09-21 21:59:36,540] INFO [GroupMetadataManager brokerId=2] Scheduling unloading of offsets and group metadata from __consumer_offsets-6 (kafka.coordinator.group.GroupMetadataManager)
kafka-2-1  | 2026-09-21T21:59:36.540743567Z [2026-09-21 21:59:36,540] INFO [GroupCoordinator 2]: Resigned as the group coordinator for partition 35 in epoch OptionalInt[1] (kafka.coordinator.group.GroupCoordinator)
kafka-2-1  | 2026-09-21T21:59:36.540776370Z [2026-09-21 21:59:36,540] INFO [GroupMetadataManager brokerId=2] Scheduling unloading of offsets and group metadata from __consumer_offsets-35 (kafka.coordinator.group.GroupMetadataManager)
kafka-2-1  | 2026-09-21T21:59:36.540780771Z [2026-09-21 21:59:36,540] INFO [GroupCoordinator 2]: Resigned as the group coordinator for partition 4 in epoch OptionalInt[0] (kafka.coordinator.group.GroupCoordinator)
kafka-2-1  | 2026-09-21T21:59:36.540807973Z [2026-09-21 21:59:36,540] INFO [GroupMetadataManager brokerId=2] Scheduling unloading of offsets and group metadata from __consumer_offsets-4 (kafka.coordinator.group.GroupMetadataManager)
kafka-2-1  | 2026-09-21T21:59:36.540814974Z [2026-09-21 21:59:36,540] INFO [GroupCoordinator 2]: Resigned as the group coordinator for partition 33 in epoch OptionalInt[0] (kafka.coordinator.group.GroupCoordinator)
kafka-2-1  | 2026-09-21T21:59:36.540870878Z [2026-09-21 21:59:36,540] INFO [GroupMetadataManager brokerId=2] Scheduling unloading of offsets and group metadata from __consumer_offsets-33 (kafka.coordinator.group.GroupMetadataManager)
kafka-2-1  | 2026-09-21T21:59:36.540882780Z [2026-09-21 21:59:36,540] INFO [GroupCoordinator 2]: Resigned as the group coordinator for partition 2 in epoch OptionalInt[0] (kafka.coordinator.group.GroupCoordinator)
kafka-2-1  | 2026-09-21T21:59:36.540884680Z [2026-09-21 21:59:36,540] INFO [GroupMetadataManager brokerId=2] Scheduling unloading of offsets and group metadata from __consumer_offsets-2 (kafka.coordinator.group.GroupMetadataManager)
kafka-2-1  | 2026-09-21T21:59:36.541271414Z [2026-09-21 21:59:36,541] INFO [GroupMetadataManager brokerId=2] Finished unloading __consumer_offsets-15 for coordinator epoch OptionalInt[1]. Removed 0 cached offsets and 0 cached groups. (kafka.coordinator.group.GroupMetadataManager)
kafka-2-1  | 2026-09-21T21:59:36.541302017Z [2026-09-21 21:59:36,541] INFO [GroupMetadataManager brokerId=2] Finished unloading __consumer_offsets-13 for coordinator epoch OptionalInt[0]. Removed 0 cached offsets and 0 cached groups. (kafka.coordinator.group.GroupMetadataManager)
kafka-2-1  | 2026-09-21T21:59:36.541383224Z [2026-09-21 21:59:36,541] INFO [GroupMetadataManager brokerId=2] Finished unloading __consumer_offsets-11 for coordinator epoch OptionalInt[0]. Removed 0 cached offsets and 0 cached groups. (kafka.coordinator.group.GroupMetadataManager)
kafka-2-1  | 2026-09-21T21:59:36.542685339Z [2026-09-21 21:59:36,541] INFO [GroupMetadataManager brokerId=2] Finished unloading __consumer_offsets-42 for coordinator epoch OptionalInt[1]. Removed 0 cached offsets and 0 cached groups. (kafka.coordinator.group.GroupMetadataManager)
kafka-2-1  | 2026-09-21T21:59:36.542703340Z [2026-09-21 21:59:36,541] INFO [GroupMetadataManager brokerId=2] Finished unloading __consumer_offsets-21 for coordinator epoch OptionalInt[1]. Removed 0 cached offsets and 0 cached groups. (kafka.coordinator.group.GroupMetadataManager)
kafka-2-1  | 2026-09-21T21:59:36.542705640Z [2026-09-21 21:59:36,541] INFO [GroupMetadataManager brokerId=2] Finished unloading __consumer_offsets-17 for coordinator epoch OptionalInt[0]. Removed 0 cached offsets and 0 cached groups. (kafka.coordinator.group.GroupMetadataManager)
kafka-2-1  | 2026-09-21T21:59:36.542707241Z [2026-09-21 21:59:36,541] INFO [GroupMetadataManager brokerId=2] Finished unloading __consumer_offsets-30 for coordinator epoch OptionalInt[1]. Removed 0 cached offsets and 0 cached groups. (kafka.coordinator.group.GroupMetadataManager)
kafka-2-1  | 2026-09-21T21:59:36.542708741Z [2026-09-21 21:59:36,541] INFO [GroupMetadataManager brokerId=2] Finished unloading __consumer_offsets-38 for coordinator epoch OptionalInt[0]. Removed 0 cached offsets and 0 cached groups. (kafka.coordinator.group.GroupMetadataManager)
kafka-2-1  | 2026-09-21T21:59:36.542710341Z [2026-09-21 21:59:36,541] INFO [GroupMetadataManager brokerId=2] Finished unloading __consumer_offsets-3 for coordinator epoch OptionalInt[1]. Removed 0 cached offsets and 0 cached groups. (kafka.coordinator.group.GroupMetadataManager)
kafka-2-1  | 2026-09-21T21:59:36.542711741Z [2026-09-21 21:59:36,541] INFO [GroupMetadataManager brokerId=2] Finished unloading __consumer_offsets-1 for coordinator epoch OptionalInt[1]. Removed 0 cached offsets and 0 cached groups. (kafka.coordinator.group.GroupMetadataManager)
kafka-2-1  | 2026-09-21T21:59:36.542713041Z [2026-09-21 21:59:36,541] INFO [GroupMetadataManager brokerId=2] Finished unloading __consumer_offsets-45 for coordinator epoch OptionalInt[0]. Removed 0 cached offsets and 0 cached groups. (kafka.coordinator.group.GroupMetadataManager)
kafka-2-1  | 2026-09-21T21:59:36.542715241Z [2026-09-21 21:59:36,541] INFO [GroupMetadataManager brokerId=2] Finished unloading __consumer_offsets-43 for coordinator epoch OptionalInt[0]. Removed 0 cached offsets and 0 cached groups. (kafka.coordinator.group.GroupMetadataManager)
kafka-2-1  | 2026-09-21T21:59:36.542725542Z [2026-09-21 21:59:36,541] INFO [GroupMetadataManager brokerId=2] Finished unloading __consumer_offsets-41 for coordinator epoch OptionalInt[1]. Removed 0 cached offsets and 0 cached groups. (kafka.coordinator.group.GroupMetadataManager)
kafka-2-1  | 2026-09-21T21:59:36.542727242Z [2026-09-21 21:59:36,541] INFO [GroupMetadataManager brokerId=2] Finished unloading __consumer_offsets-10 for coordinator epoch OptionalInt[1]. Removed 0 cached offsets and 0 cached groups. (kafka.coordinator.group.GroupMetadataManager)
kafka-2-1  | 2026-09-21T21:59:36.542728542Z [2026-09-21 21:59:36,542] INFO [GroupMetadataManager brokerId=2] Finished unloading __consumer_offsets-22 for coordinator epoch OptionalInt[0]. Removed 0 cached offsets and 0 cached groups. (kafka.coordinator.group.GroupMetadataManager)
kafka-2-1  | 2026-09-21T21:59:36.542729943Z [2026-09-21 21:59:36,542] INFO [GroupMetadataManager brokerId=2] Finished unloading __consumer_offsets-20 for coordinator epoch OptionalInt[1]. Removed 0 cached offsets and 0 cached groups. (kafka.coordinator.group.GroupMetadataManager)
kafka-2-1  | 2026-09-21T21:59:36.542731243Z [2026-09-21 21:59:36,542] INFO [GroupMetadataManager brokerId=2] Finished unloading __consumer_offsets-49 for coordinator epoch OptionalInt[0]. Removed 0 cached offsets and 0 cached groups. (kafka.coordinator.group.GroupMetadataManager)
kafka-2-1  | 2026-09-21T21:59:36.542732743Z [2026-09-21 21:59:36,542] INFO [GroupMetadataManager brokerId=2] Finished unloading __consumer_offsets-18 for coordinator epoch OptionalInt[0]. Removed 0 cached offsets and 0 cached groups. (kafka.coordinator.group.GroupMetadataManager)
kafka-2-1  | 2026-09-21T21:59:36.542734043Z [2026-09-21 21:59:36,542] INFO [GroupMetadataManager brokerId=2] Finished unloading __consumer_offsets-31 for coordinator epoch OptionalInt[0]. Removed 0 cached offsets and 0 cached groups. (kafka.coordinator.group.GroupMetadataManager)
kafka-2-1  | 2026-09-21T21:59:36.542735443Z [2026-09-21 21:59:36,542] INFO [GroupMetadataManager brokerId=2] Finished unloading __consumer_offsets-29 for coordinator epoch OptionalInt[0]. Removed 0 cached offsets and 0 cached groups. (kafka.coordinator.group.GroupMetadataManager)
kafka-2-1  | 2026-09-21T21:59:36.542737143Z [2026-09-21 21:59:36,542] INFO [GroupMetadataManager brokerId=2] Finished unloading __consumer_offsets-25 for coordinator epoch OptionalInt[0]. Removed 0 cached offsets and 0 cached groups. (kafka.coordinator.group.GroupMetadataManager)
kafka-2-1  | 2026-09-21T21:59:36.542738543Z [2026-09-21 21:59:36,542] INFO [GroupMetadataManager brokerId=2] Finished unloading __consumer_offsets-39 for coordinator epoch OptionalInt[0]. Removed 0 cached offsets and 0 cached groups. (kafka.coordinator.group.GroupMetadataManager)
kafka-2-1  | 2026-09-21T21:59:36.542739943Z [2026-09-21 21:59:36,542] INFO [GroupMetadataManager brokerId=2] Finished unloading __consumer_offsets-37 for coordinator epoch OptionalInt[1]. Removed 0 cached offsets and 0 cached groups. (kafka.coordinator.group.GroupMetadataManager)
kafka-2-1  | 2026-09-21T21:59:36.542741344Z [2026-09-21 21:59:36,542] INFO [GroupMetadataManager brokerId=2] Finished unloading __consumer_offsets-6 for coordinator epoch OptionalInt[0]. Removed 0 cached offsets and 0 cached groups. (kafka.coordinator.group.GroupMetadataManager)
kafka-2-1  | 2026-09-21T21:59:36.542742644Z [2026-09-21 21:59:36,542] INFO [GroupMetadataManager brokerId=2] Finished unloading __consumer_offsets-35 for coordinator epoch OptionalInt[1]. Removed 0 cached offsets and 0 cached groups. (kafka.coordinator.group.GroupMetadataManager)
kafka-2-1  | 2026-09-21T21:59:36.542776047Z [2026-09-21 21:59:36,542] INFO [GroupMetadataManager brokerId=2] Finished unloading __consumer_offsets-4 for coordinator epoch OptionalInt[0]. Removed 0 cached offsets and 0 cached groups. (kafka.coordinator.group.GroupMetadataManager)
kafka-2-1  | 2026-09-21T21:59:36.542782447Z [2026-09-21 21:59:36,542] INFO [GroupMetadataManager brokerId=2] Finished unloading __consumer_offsets-33 for coordinator epoch OptionalInt[0]. Removed 0 cached offsets and 0 cached groups. (kafka.coordinator.group.GroupMetadataManager)
kafka-2-1  | 2026-09-21T21:59:36.542784347Z [2026-09-21 21:59:36,542] INFO [GroupMetadataManager brokerId=2] Finished unloading __consumer_offsets-2 for coordinator epoch OptionalInt[0]. Removed 0 cached offsets and 0 cached groups. (kafka.coordinator.group.GroupMetadataManager)
kafka-2-1  | 2026-09-21T21:59:36.865449330Z [2026-09-21 21:59:36,865] INFO [GroupCoordinator 2]: Resigned as the group coordinator for partition 47 in epoch OptionalInt[0] (kafka.coordinator.group.GroupCoordinator)
kafka-2-1  | 2026-09-21T21:59:36.865481132Z [2026-09-21 21:59:36,865] INFO [GroupMetadataManager brokerId=2] Scheduling unloading of offsets and group metadata from __consumer_offsets-47 (kafka.coordinator.group.GroupMetadataManager)
kafka-2-1  | 2026-09-21T21:59:36.865495134Z [2026-09-21 21:59:36,865] INFO [GroupCoordinator 2]: Resigned as the group coordinator for partition 16 in epoch OptionalInt[0] (kafka.coordinator.group.GroupCoordinator)
kafka-2-1  | 2026-09-21T21:59:36.865499334Z [2026-09-21 21:59:36,865] INFO [GroupMetadataManager brokerId=2] Scheduling unloading of offsets and group metadata from __consumer_offsets-16 (kafka.coordinator.group.GroupMetadataManager)
kafka-2-1  | 2026-09-21T21:59:36.865767558Z [2026-09-21 21:59:36,865] INFO [GroupCoordinator 2]: Resigned as the group coordinator for partition 46 in epoch OptionalInt[1] (kafka.coordinator.group.GroupCoordinator)
kafka-2-1  | 2026-09-21T21:59:36.865783459Z [2026-09-21 21:59:36,865] INFO [GroupMetadataManager brokerId=2] Scheduling unloading of offsets and group metadata from __consumer_offsets-46 (kafka.coordinator.group.GroupMetadataManager)
kafka-2-1  | 2026-09-21T21:59:36.865787559Z [2026-09-21 21:59:36,865] INFO [GroupMetadataManager brokerId=2] Finished unloading __consumer_offsets-47 for coordinator epoch OptionalInt[0]. Removed 0 cached offsets and 0 cached groups. (kafka.coordinator.group.GroupMetadataManager)
kafka-2-1  | 2026-09-21T21:59:36.865790660Z [2026-09-21 21:59:36,865] INFO [GroupCoordinator 2]: Resigned as the group coordinator for partition 14 in epoch OptionalInt[1] (kafka.coordinator.group.GroupCoordinator)
kafka-2-1  | 2026-09-21T21:59:36.865793660Z [2026-09-21 21:59:36,865] INFO [GroupMetadataManager brokerId=2] Scheduling unloading of offsets and group metadata from __consumer_offsets-14 (kafka.coordinator.group.GroupMetadataManager)
kafka-2-1  | 2026-09-21T21:59:36.866146991Z [2026-09-21 21:59:36,865] INFO [GroupCoordinator 2]: Resigned as the group coordinator for partition 44 in epoch OptionalInt[0] (kafka.coordinator.group.GroupCoordinator)
kafka-2-1  | 2026-09-21T21:59:36.866162592Z [2026-09-21 21:59:36,865] INFO [GroupMetadataManager brokerId=2] Scheduling unloading of offsets and group metadata from __consumer_offsets-44 (kafka.coordinator.group.GroupMetadataManager)
kafka-2-1  | 2026-09-21T21:59:36.866166193Z [2026-09-21 21:59:36,865] INFO [GroupCoordinator 2]: Resigned as the group coordinator for partition 12 in epoch OptionalInt[0] (kafka.coordinator.group.GroupCoordinator)
kafka-2-1  | 2026-09-21T21:59:36.866169093Z [2026-09-21 21:59:36,865] INFO [GroupMetadataManager brokerId=2] Scheduling unloading of offsets and group metadata from __consumer_offsets-12 (kafka.coordinator.group.GroupMetadataManager)
kafka-2-1  | 2026-09-21T21:59:36.866188095Z [2026-09-21 21:59:36,865] INFO [GroupCoordinator 2]: Resigned as the group coordinator for partition 9 in epoch OptionalInt[0] (kafka.coordinator.group.GroupCoordinator)
kafka-2-1  | 2026-09-21T21:59:36.866191495Z [2026-09-21 21:59:36,866] INFO [GroupMetadataManager brokerId=2] Scheduling unloading of offsets and group metadata from __consumer_offsets-9 (kafka.coordinator.group.GroupMetadataManager)
kafka-2-1  | 2026-09-21T21:59:36.866237799Z [2026-09-21 21:59:36,865] INFO [GroupMetadataManager brokerId=2] Finished unloading __consumer_offsets-16 for coordinator epoch OptionalInt[0]. Removed 0 cached offsets and 0 cached groups. (kafka.coordinator.group.GroupMetadataManager)
kafka-2-1  | 2026-09-21T21:59:36.866580429Z [2026-09-21 21:59:36,866] INFO [GroupMetadataManager brokerId=2] Finished unloading __consumer_offsets-46 for coordinator epoch OptionalInt[1]. Removed 0 cached offsets and 0 cached groups. (kafka.coordinator.group.GroupMetadataManager)
kafka-2-1  | 2026-09-21T21:59:36.866673238Z [2026-09-21 21:59:36,866] INFO [GroupCoordinator 2]: Resigned as the group coordinator for partition 23 in epoch OptionalInt[0] (kafka.coordinator.group.GroupCoordinator)
kafka-2-1  | 2026-09-21T21:59:36.866898657Z [2026-09-21 21:59:36,866] INFO [GroupMetadataManager brokerId=2] Finished unloading __consumer_offsets-14 for coordinator epoch OptionalInt[1]. Removed 0 cached offsets and 0 cached groups. (kafka.coordinator.group.GroupMetadataManager)
kafka-2-1  | 2026-09-21T21:59:36.867115777Z [2026-09-21 21:59:36,866] INFO [GroupMetadataManager brokerId=2] Finished unloading __consumer_offsets-44 for coordinator epoch OptionalInt[0]. Removed 0 cached offsets and 0 cached groups. (kafka.coordinator.group.GroupMetadataManager)
kafka-2-1  | 2026-09-21T21:59:36.867132478Z [2026-09-21 21:59:36,866] INFO [GroupMetadataManager brokerId=2] Finished unloading __consumer_offsets-12 for coordinator epoch OptionalInt[0]. Removed 0 cached offsets and 0 cached groups. (kafka.coordinator.group.GroupMetadataManager)
kafka-2-1  | 2026-09-21T21:59:36.867380500Z [2026-09-21 21:59:36,867] INFO [GroupMetadataManager brokerId=2] Finished unloading __consumer_offsets-9 for coordinator epoch OptionalInt[0]. Removed 0 cached offsets and 0 cached groups. (kafka.coordinator.group.GroupMetadataManager)
kafka-2-1  | 2026-09-21T21:59:36.867393401Z [2026-09-21 21:59:36,867] INFO [GroupMetadataManager brokerId=2] Scheduling unloading of offsets and group metadata from __consumer_offsets-23 (kafka.coordinator.group.GroupMetadataManager)
kafka-2-1  | 2026-09-21T21:59:36.867396801Z [2026-09-21 21:59:36,867] INFO [GroupCoordinator 2]: Resigned as the group coordinator for partition 24 in epoch OptionalInt[0] (kafka.coordinator.group.GroupCoordinator)
kafka-2-1  | 2026-09-21T21:59:36.867399502Z [2026-09-21 21:59:36,867] INFO [GroupMetadataManager brokerId=2] Scheduling unloading of offsets and group metadata from __consumer_offsets-24 (kafka.coordinator.group.GroupMetadataManager)
kafka-2-1  | 2026-09-21T21:59:36.867594219Z [2026-09-21 21:59:36,867] INFO [GroupCoordinator 2]: Resigned as the group coordinator for partition 19 in epoch OptionalInt[0] (kafka.coordinator.group.GroupCoordinator)
kafka-2-1  | 2026-09-21T21:59:36.867606820Z [2026-09-21 21:59:36,867] INFO [GroupMetadataManager brokerId=2] Scheduling unloading of offsets and group metadata from __consumer_offsets-19 (kafka.coordinator.group.GroupMetadataManager)
kafka-2-1  | 2026-09-21T21:59:36.867610220Z [2026-09-21 21:59:36,867] INFO [GroupCoordinator 2]: Resigned as the group coordinator for partition 32 in epoch OptionalInt[0] (kafka.coordinator.group.GroupCoordinator)
kafka-2-1  | 2026-09-21T21:59:36.867621921Z [2026-09-21 21:59:36,867] INFO [GroupMetadataManager brokerId=2] Scheduling unloading of offsets and group metadata from __consumer_offsets-32 (kafka.coordinator.group.GroupMetadataManager)
kafka-2-1  | 2026-09-21T21:59:36.867624722Z [2026-09-21 21:59:36,867] INFO [GroupCoordinator 2]: Resigned as the group coordinator for partition 0 in epoch OptionalInt[0] (kafka.coordinator.group.GroupCoordinator)
kafka-2-1  | 2026-09-21T21:59:36.867627022Z [2026-09-21 21:59:36,867] INFO [GroupMetadataManager brokerId=2] Scheduling unloading of offsets and group metadata from __consumer_offsets-0 (kafka.coordinator.group.GroupMetadataManager)
kafka-2-1  | 2026-09-21T21:59:36.867652924Z [2026-09-21 21:59:36,867] INFO [GroupCoordinator 2]: Resigned as the group coordinator for partition 27 in epoch OptionalInt[1] (kafka.coordinator.group.GroupCoordinator)
kafka-2-1  | 2026-09-21T21:59:36.867656724Z [2026-09-21 21:59:36,867] INFO [GroupMetadataManager brokerId=2] Scheduling unloading of offsets and group metadata from __consumer_offsets-27 (kafka.coordinator.group.GroupMetadataManager)
kafka-2-1  | 2026-09-21T21:59:36.867659125Z [2026-09-21 21:59:36,867] INFO [GroupCoordinator 2]: Resigned as the group coordinator for partition 28 in epoch OptionalInt[0] (kafka.coordinator.group.GroupCoordinator)
kafka-2-1  | 2026-09-21T21:59:36.867661425Z [2026-09-21 21:59:36,867] INFO [GroupMetadataManager brokerId=2] Scheduling unloading of offsets and group metadata from __consumer_offsets-28 (kafka.coordinator.group.GroupMetadataManager)
kafka-2-1  | 2026-09-21T21:59:36.867879144Z [2026-09-21 21:59:36,867] INFO [GroupCoordinator 2]: Resigned as the group coordinator for partition 26 in epoch OptionalInt[1] (kafka.coordinator.group.GroupCoordinator)
kafka-2-1  | 2026-09-21T21:59:36.867891245Z [2026-09-21 21:59:36,867] INFO [GroupMetadataManager brokerId=2] Scheduling unloading of offsets and group metadata from __consumer_offsets-26 (kafka.coordinator.group.GroupMetadataManager)
kafka-2-1  | 2026-09-21T21:59:36.867894445Z [2026-09-21 21:59:36,867] INFO [GroupCoordinator 2]: Resigned as the group coordinator for partition 7 in epoch OptionalInt[1] (kafka.coordinator.group.GroupCoordinator)
kafka-2-1  | 2026-09-21T21:59:36.867896746Z [2026-09-21 21:59:36,867] INFO [GroupMetadataManager brokerId=2] Scheduling unloading of offsets and group metadata from __consumer_offsets-7 (kafka.coordinator.group.GroupMetadataManager)
kafka-2-1  | 2026-09-21T21:59:36.867899146Z [2026-09-21 21:59:36,867] INFO [GroupCoordinator 2]: Resigned as the group coordinator for partition 40 in epoch OptionalInt[0] (kafka.coordinator.group.GroupCoordinator)
kafka-2-1  | 2026-09-21T21:59:36.867919048Z [2026-09-21 21:59:36,867] INFO [GroupMetadataManager brokerId=2] Scheduling unloading of offsets and group metadata from __consumer_offsets-40 (kafka.coordinator.group.GroupMetadataManager)
kafka-2-1  | 2026-09-21T21:59:36.867930949Z [2026-09-21 21:59:36,867] INFO [GroupCoordinator 2]: Resigned as the group coordinator for partition 8 in epoch OptionalInt[0] (kafka.coordinator.group.GroupCoordinator)
kafka-2-1  | 2026-09-21T21:59:36.868049459Z [2026-09-21 21:59:36,867] INFO [GroupMetadataManager brokerId=2] Scheduling unloading of offsets and group metadata from __consumer_offsets-8 (kafka.coordinator.group.GroupMetadataManager)
kafka-2-1  | 2026-09-21T21:59:36.868059960Z [2026-09-21 21:59:36,867] INFO [GroupCoordinator 2]: Resigned as the group coordinator for partition 5 in epoch OptionalInt[0] (kafka.coordinator.group.GroupCoordinator)
kafka-2-1  | 2026-09-21T21:59:36.868129166Z [2026-09-21 21:59:36,867] INFO [GroupMetadataManager brokerId=2] Scheduling unloading of offsets and group metadata from __consumer_offsets-5 (kafka.coordinator.group.GroupMetadataManager)
kafka-2-1  | 2026-09-21T21:59:36.868182071Z [2026-09-21 21:59:36,867] INFO [GroupCoordinator 2]: Resigned as the group coordinator for partition 36 in epoch OptionalInt[0] (kafka.coordinator.group.GroupCoordinator)
kafka-2-1  | 2026-09-21T21:59:36.868189871Z [2026-09-21 21:59:36,868] INFO [GroupMetadataManager brokerId=2] Scheduling unloading of offsets and group metadata from __consumer_offsets-36 (kafka.coordinator.group.GroupMetadataManager)
kafka-2-1  | 2026-09-21T21:59:36.868192772Z [2026-09-21 21:59:36,868] INFO [GroupCoordinator 2]: Resigned as the group coordinator for partition 34 in epoch OptionalInt[0] (kafka.coordinator.group.GroupCoordinator)
kafka-2-1  | 2026-09-21T21:59:36.868409691Z [2026-09-21 21:59:36,868] INFO [GroupMetadataManager brokerId=2] Scheduling unloading of offsets and group metadata from __consumer_offsets-34 (kafka.coordinator.group.GroupMetadataManager)
kafka-2-1  | 2026-09-21T21:59:36.868710417Z [2026-09-21 21:59:36,868] INFO [GroupMetadataManager brokerId=2] Finished unloading __consumer_offsets-23 for coordinator epoch OptionalInt[0]. Removed 0 cached offsets and 0 cached groups. (kafka.coordinator.group.GroupMetadataManager)
kafka-2-1  | 2026-09-21T21:59:36.868723319Z [2026-09-21 21:59:36,868] INFO [GroupMetadataManager brokerId=2] Finished unloading __consumer_offsets-24 for coordinator epoch OptionalInt[0]. Removed 0 cached offsets and 0 cached groups. (kafka.coordinator.group.GroupMetadataManager)
kafka-2-1  | 2026-09-21T21:59:36.868808626Z [2026-09-21 21:59:36,868] INFO [GroupMetadataManager brokerId=2] Finished unloading __consumer_offsets-19 for coordinator epoch OptionalInt[0]. Removed 0 cached offsets and 0 cached groups. (kafka.coordinator.group.GroupMetadataManager)
kafka-2-1  | 2026-09-21T21:59:36.868862931Z [2026-09-21 21:59:36,868] INFO [GroupMetadataManager brokerId=2] Finished unloading __consumer_offsets-32 for coordinator epoch OptionalInt[0]. Removed 0 cached offsets and 0 cached groups. (kafka.coordinator.group.GroupMetadataManager)
kafka-2-1  | 2026-09-21T21:59:36.868870432Z [2026-09-21 21:59:36,868] INFO [GroupMetadataManager brokerId=2] Finished unloading __consumer_offsets-0 for coordinator epoch OptionalInt[0]. Removed 0 cached offsets and 0 cached groups. (kafka.coordinator.group.GroupMetadataManager)
kafka-2-1  | 2026-09-21T21:59:36.869142055Z [2026-09-21 21:59:36,868] INFO [GroupMetadataManager brokerId=2] Finished unloading __consumer_offsets-27 for coordinator epoch OptionalInt[1]. Removed 0 cached offsets and 0 cached groups. (kafka.coordinator.group.GroupMetadataManager)
kafka-2-1  | 2026-09-21T21:59:36.869154557Z [2026-09-21 21:59:36,869] INFO [GroupMetadataManager brokerId=2] Finished unloading __consumer_offsets-28 for coordinator epoch OptionalInt[0]. Removed 0 cached offsets and 0 cached groups. (kafka.coordinator.group.GroupMetadataManager)
kafka-2-1  | 2026-09-21T21:59:36.869336173Z [2026-09-21 21:59:36,869] INFO [GroupMetadataManager brokerId=2] Finished unloading __consumer_offsets-26 for coordinator epoch OptionalInt[1]. Removed 0 cached offsets and 0 cached groups. (kafka.coordinator.group.GroupMetadataManager)
kafka-2-1  | 2026-09-21T21:59:36.869439782Z [2026-09-21 21:59:36,869] INFO [GroupMetadataManager brokerId=2] Finished unloading __consumer_offsets-7 for coordinator epoch OptionalInt[1]. Removed 0 cached offsets and 0 cached groups. (kafka.coordinator.group.GroupMetadataManager)
kafka-2-1  | 2026-09-21T21:59:36.869672502Z [2026-09-21 21:59:36,869] INFO [GroupMetadataManager brokerId=2] Finished unloading __consumer_offsets-40 for coordinator epoch OptionalInt[0]. Removed 0 cached offsets and 0 cached groups. (kafka.coordinator.group.GroupMetadataManager)
kafka-2-1  | 2026-09-21T21:59:36.869683803Z [2026-09-21 21:59:36,869] INFO [GroupMetadataManager brokerId=2] Finished unloading __consumer_offsets-8 for coordinator epoch OptionalInt[0]. Removed 0 cached offsets and 0 cached groups. (kafka.coordinator.group.GroupMetadataManager)
kafka-2-1  | 2026-09-21T21:59:36.869686804Z [2026-09-21 21:59:36,869] INFO [GroupMetadataManager brokerId=2] Finished unloading __consumer_offsets-5 for coordinator epoch OptionalInt[0]. Removed 0 cached offsets and 0 cached groups. (kafka.coordinator.group.GroupMetadataManager)
kafka-2-1  | 2026-09-21T21:59:36.870042535Z [2026-09-21 21:59:36,869] INFO [GroupMetadataManager brokerId=2] Finished unloading __consumer_offsets-36 for coordinator epoch OptionalInt[0]. Removed 0 cached offsets and 0 cached groups. (kafka.coordinator.group.GroupMetadataManager)
kafka-2-1  | 2026-09-21T21:59:36.870056036Z [2026-09-21 21:59:36,869] INFO [GroupMetadataManager brokerId=2] Finished unloading __consumer_offsets-34 for coordinator epoch OptionalInt[0]. Removed 0 cached offsets and 0 cached groups. (kafka.coordinator.group.GroupMetadataManager)
kafka-2-1  | 2026-09-21T22:04:07.340133719Z [2026-09-21 22:04:07,339] INFO [ReplicaFetcher replicaId=2, leaderId=3, fetcherId=0] Partition __consumer_offsets-48 has an older epoch (1) than the current leader. Will await the new LeaderAndIsr state before resuming fetching. (kafka.server.ReplicaFetcherThread)
kafka-2-1  | 2026-09-21T22:04:07.344356374Z [2026-09-21 22:04:07,342] WARN [ReplicaFetcher replicaId=2, leaderId=3, fetcherId=0] Partition __consumer_offsets-48 marked as failed (kafka.server.ReplicaFetcherThread)
kafka-2-1  | 2026-09-21T22:04:07.344373875Z [2026-09-21 22:04:07,342] INFO [ReplicaFetcher replicaId=2, leaderId=3, fetcherId=0] Partition __consumer_offsets-42 has an older epoch (1) than the current leader. Will await the new LeaderAndIsr state before resuming fetching. (kafka.server.ReplicaFetcherThread)
kafka-2-1  | 2026-09-21T22:04:07.344377176Z [2026-09-21 22:04:07,342] WARN [ReplicaFetcher replicaId=2, leaderId=3, fetcherId=0] Partition __consumer_offsets-42 marked as failed (kafka.server.ReplicaFetcherThread)
kafka-2-1  | 2026-09-21T22:04:07.344379376Z [2026-09-21 22:04:07,342] INFO [ReplicaFetcher replicaId=2, leaderId=3, fetcherId=0] Partition __consumer_offsets-21 has an older epoch (1) than the current leader. Will await the new LeaderAndIsr state before resuming fetching. (kafka.server.ReplicaFetcherThread)
kafka-2-1  | 2026-09-21T22:04:07.344381476Z [2026-09-21 22:04:07,342] WARN [ReplicaFetcher replicaId=2, leaderId=3, fetcherId=0] Partition __consumer_offsets-21 marked as failed (kafka.server.ReplicaFetcherThread)
kafka-2-1  | 2026-09-21T22:04:07.344383376Z [2026-09-21 22:04:07,342] INFO [ReplicaFetcher replicaId=2, leaderId=3, fetcherId=0] Partition __consumer_offsets-30 has an older epoch (1) than the current leader. Will await the new LeaderAndIsr state before resuming fetching. (kafka.server.ReplicaFetcherThread)
kafka-2-1  | 2026-09-21T22:04:07.344385276Z [2026-09-21 22:04:07,342] WARN [ReplicaFetcher replicaId=2, leaderId=3, fetcherId=0] Partition __consumer_offsets-30 marked as failed (kafka.server.ReplicaFetcherThread)
kafka-2-1  | 2026-09-21T22:04:07.344387176Z [2026-09-21 22:04:07,342] INFO [ReplicaFetcher replicaId=2, leaderId=3, fetcherId=0] Partition __consumer_offsets-3 has an older epoch (1) than the current leader. Will await the new LeaderAndIsr state before resuming fetching. (kafka.server.ReplicaFetcherThread)
kafka-2-1  | 2026-09-21T22:04:07.344407578Z [2026-09-21 22:04:07,343] WARN [ReplicaFetcher replicaId=2, leaderId=3, fetcherId=0] Partition __consumer_offsets-3 marked as failed (kafka.server.ReplicaFetcherThread)
kafka-2-1  | 2026-09-21T22:04:07.344409978Z [2026-09-21 22:04:07,343] INFO [ReplicaFetcher replicaId=2, leaderId=3, fetcherId=0] Partition __consumer_offsets-1 has an older epoch (1) than the current leader. Will await the new LeaderAndIsr state before resuming fetching. (kafka.server.ReplicaFetcherThread)
kafka-2-1  | 2026-09-21T22:04:07.344411479Z [2026-09-21 22:04:07,343] WARN [ReplicaFetcher replicaId=2, leaderId=3, fetcherId=0] Partition __consumer_offsets-1 marked as failed (kafka.server.ReplicaFetcherThread)
kafka-2-1  | 2026-09-21T22:04:07.344412879Z [2026-09-21 22:04:07,343] INFO [ReplicaFetcher replicaId=2, leaderId=3, fetcherId=0] Partition __consumer_offsets-41 has an older epoch (1) than the current leader. Will await the new LeaderAndIsr state before resuming fetching. (kafka.server.ReplicaFetcherThread)
kafka-2-1  | 2026-09-21T22:04:07.344414479Z [2026-09-21 22:04:07,343] WARN [ReplicaFetcher replicaId=2, leaderId=3, fetcherId=0] Partition __consumer_offsets-41 marked as failed (kafka.server.ReplicaFetcherThread)
kafka-2-1  | 2026-09-21T22:04:07.344415879Z [2026-09-21 22:04:07,343] INFO [ReplicaFetcher replicaId=2, leaderId=3, fetcherId=0] Partition __consumer_offsets-10 has an older epoch (1) than the current leader. Will await the new LeaderAndIsr state before resuming fetching. (kafka.server.ReplicaFetcherThread)
kafka-2-1  | 2026-09-21T22:04:07.344417379Z [2026-09-21 22:04:07,343] WARN [ReplicaFetcher replicaId=2, leaderId=3, fetcherId=0] Partition __consumer_offsets-10 marked as failed (kafka.server.ReplicaFetcherThread)
kafka-2-1  | 2026-09-21T22:04:07.344418679Z [2026-09-21 22:04:07,343] INFO [ReplicaFetcher replicaId=2, leaderId=3, fetcherId=0] Partition __consumer_offsets-20 has an older epoch (1) than the current leader. Will await the new LeaderAndIsr state before resuming fetching. (kafka.server.ReplicaFetcherThread)
kafka-2-1  | 2026-09-21T22:04:07.344420179Z [2026-09-21 22:04:07,343] WARN [ReplicaFetcher replicaId=2, leaderId=3, fetcherId=0] Partition __consumer_offsets-20 marked as failed (kafka.server.ReplicaFetcherThread)
kafka-2-1  | 2026-09-21T22:04:07.344421579Z [2026-09-21 22:04:07,343] INFO [ReplicaFetcher replicaId=2, leaderId=3, fetcherId=0] Partition __consumer_offsets-37 has an older epoch (1) than the current leader. Will await the new LeaderAndIsr state before resuming fetching. (kafka.server.ReplicaFetcherThread)
kafka-2-1  | 2026-09-21T22:04:07.344423079Z [2026-09-21 22:04:07,343] WARN [ReplicaFetcher replicaId=2, leaderId=3, fetcherId=0] Partition __consumer_offsets-37 marked as failed (kafka.server.ReplicaFetcherThread)
kafka-2-1  | 2026-09-21T22:04:07.344424680Z [2026-09-21 22:04:07,343] INFO [ReplicaFetcher replicaId=2, leaderId=3, fetcherId=0] Partition __consumer_offsets-35 has an older epoch (1) than the current leader. Will await the new LeaderAndIsr state before resuming fetching. (kafka.server.ReplicaFetcherThread)
kafka-2-1  | 2026-09-21T22:04:07.344426280Z [2026-09-21 22:04:07,343] WARN [ReplicaFetcher replicaId=2, leaderId=3, fetcherId=0] Partition __consumer_offsets-35 marked as failed (kafka.server.ReplicaFetcherThread)
kafka-2-1  | 2026-09-21T22:04:07.344427680Z [2026-09-21 22:04:07,343] INFO [ReplicaFetcher replicaId=2, leaderId=3, fetcherId=0] Partition dados-sensores-2 has an older epoch (1) than the current leader. Will await the new LeaderAndIsr state before resuming fetching. (kafka.server.ReplicaFetcherThread)
kafka-2-1  | 2026-09-21T22:04:07.344431780Z [2026-09-21 22:04:07,343] WARN [ReplicaFetcher replicaId=2, leaderId=3, fetcherId=0] Partition dados-sensores-2 marked as failed (kafka.server.ReplicaFetcherThread)
kafka-2-1  | 2026-09-21T22:04:07.344433280Z [2026-09-21 22:04:07,343] INFO [ReplicaFetcher replicaId=2, leaderId=3, fetcherId=0] Partition dados-sensores-5 has an older epoch (1) than the current leader. Will await the new LeaderAndIsr state before resuming fetching. (kafka.server.ReplicaFetcherThread)
kafka-2-1  | 2026-09-21T22:04:07.344434880Z [2026-09-21 22:04:07,343] WARN [ReplicaFetcher replicaId=2, leaderId=3, fetcherId=0] Partition dados-sensores-5 marked as failed (kafka.server.ReplicaFetcherThread)
kafka-2-1  | 2026-09-21T22:04:07.479346814Z [2026-09-21 22:04:07,479] INFO [ReplicaFetcherManager on broker 2] Removed fetcher for partitions Set(__consumer_offsets-15, __consumer_offsets-48, __consumer_offsets-46, __consumer_offsets-14, __consumer_offsets-41, __consumer_offsets-42, __consumer_offsets-10, __consumer_offsets-21, __consumer_offsets-20, dados-sensores-5, __consumer_offsets-30, __consumer_offsets-27, __consumer_offsets-26, __consumer_offsets-7, __consumer_offsets-37, __consumer_offsets-3, __consumer_offsets-35, __consumer_offsets-1, dados-sensores-2) (kafka.server.ReplicaFetcherManager)
kafka-2-1  | 2026-09-21T22:04:07.589235845Z [2026-09-21 22:04:07,588] INFO [GroupCoordinator 2]: Elected as the group coordinator for partition 15 in epoch 2 (kafka.coordinator.group.GroupCoordinator)
kafka-2-1  | 2026-09-21T22:04:07.589904901Z [2026-09-21 22:04:07,589] INFO [GroupMetadataManager brokerId=2] Scheduling loading of offsets and group metadata from __consumer_offsets-15 for epoch 2 (kafka.coordinator.group.GroupMetadataManager)
kafka-2-1  | 2026-09-21T22:04:07.590355439Z [2026-09-21 22:04:07,590] INFO [GroupCoordinator 2]: Elected as the group coordinator for partition 48 in epoch 2 (kafka.coordinator.group.GroupCoordinator)
kafka-2-1  | 2026-09-21T22:04:07.590367440Z [2026-09-21 22:04:07,590] INFO [GroupMetadataManager brokerId=2] Scheduling loading of offsets and group metadata from __consumer_offsets-48 for epoch 2 (kafka.coordinator.group.GroupMetadataManager)
kafka-2-1  | 2026-09-21T22:04:07.590369840Z [2026-09-21 22:04:07,590] INFO [GroupCoordinator 2]: Elected as the group coordinator for partition 46 in epoch 2 (kafka.coordinator.group.GroupCoordinator)
kafka-2-1  | 2026-09-21T22:04:07.590371340Z [2026-09-21 22:04:07,590] INFO [GroupMetadataManager brokerId=2] Scheduling loading of offsets and group metadata from __consumer_offsets-46 for epoch 2 (kafka.coordinator.group.GroupMetadataManager)
kafka-2-1  | 2026-09-21T22:04:07.590372941Z [2026-09-21 22:04:07,590] INFO [GroupCoordinator 2]: Elected as the group coordinator for partition 14 in epoch 2 (kafka.coordinator.group.GroupCoordinator)
kafka-2-1  | 2026-09-21T22:04:07.590374341Z [2026-09-21 22:04:07,590] INFO [GroupMetadataManager brokerId=2] Scheduling loading of offsets and group metadata from __consumer_offsets-14 for epoch 2 (kafka.coordinator.group.GroupMetadataManager)
kafka-2-1  | 2026-09-21T22:04:07.590375841Z [2026-09-21 22:04:07,590] INFO [GroupCoordinator 2]: Elected as the group coordinator for partition 41 in epoch 2 (kafka.coordinator.group.GroupCoordinator)
kafka-2-1  | 2026-09-21T22:04:07.590377041Z [2026-09-21 22:04:07,590] INFO [GroupMetadataManager brokerId=2] Scheduling loading of offsets and group metadata from __consumer_offsets-41 for epoch 2 (kafka.coordinator.group.GroupMetadataManager)
kafka-2-1  | 2026-09-21T22:04:07.590378441Z [2026-09-21 22:04:07,590] INFO [GroupCoordinator 2]: Elected as the group coordinator for partition 42 in epoch 2 (kafka.coordinator.group.GroupCoordinator)
kafka-2-1  | 2026-09-21T22:04:07.590387342Z [2026-09-21 22:04:07,590] INFO [GroupMetadataManager brokerId=2] Scheduling loading of offsets and group metadata from __consumer_offsets-42 for epoch 2 (kafka.coordinator.group.GroupMetadataManager)
kafka-2-1  | 2026-09-21T22:04:07.590424545Z [2026-09-21 22:04:07,590] INFO [GroupCoordinator 2]: Elected as the group coordinator for partition 10 in epoch 2 (kafka.coordinator.group.GroupCoordinator)
kafka-2-1  | 2026-09-21T22:04:07.590428945Z [2026-09-21 22:04:07,590] INFO [GroupMetadataManager brokerId=2] Scheduling loading of offsets and group metadata from __consumer_offsets-10 for epoch 2 (kafka.coordinator.group.GroupMetadataManager)
kafka-2-1  | 2026-09-21T22:04:07.590430445Z [2026-09-21 22:04:07,590] INFO [GroupCoordinator 2]: Elected as the group coordinator for partition 21 in epoch 2 (kafka.coordinator.group.GroupCoordinator)
kafka-2-1  | 2026-09-21T22:04:07.590431746Z [2026-09-21 22:04:07,590] INFO [GroupMetadataManager brokerId=2] Scheduling loading of offsets and group metadata from __consumer_offsets-21 for epoch 2 (kafka.coordinator.group.GroupMetadataManager)
kafka-2-1  | 2026-09-21T22:04:07.590433046Z [2026-09-21 22:04:07,590] INFO [GroupCoordinator 2]: Elected as the group coordinator for partition 20 in epoch 2 (kafka.coordinator.group.GroupCoordinator)
kafka-2-1  | 2026-09-21T22:04:07.590434446Z [2026-09-21 22:04:07,590] INFO [GroupMetadataManager brokerId=2] Scheduling loading of offsets and group metadata from __consumer_offsets-20 for epoch 2 (kafka.coordinator.group.GroupMetadataManager)
kafka-2-1  | 2026-09-21T22:04:07.590538154Z [2026-09-21 22:04:07,590] INFO [GroupCoordinator 2]: Elected as the group coordinator for partition 30 in epoch 2 (kafka.coordinator.group.GroupCoordinator)
kafka-2-1  | 2026-09-21T22:04:07.590544555Z [2026-09-21 22:04:07,590] INFO [GroupMetadataManager brokerId=2] Scheduling loading of offsets and group metadata from __consumer_offsets-30 for epoch 2 (kafka.coordinator.group.GroupMetadataManager)
kafka-2-1  | 2026-09-21T22:04:07.590546155Z [2026-09-21 22:04:07,590] INFO [GroupCoordinator 2]: Elected as the group coordinator for partition 27 in epoch 2 (kafka.coordinator.group.GroupCoordinator)
kafka-2-1  | 2026-09-21T22:04:07.590547555Z [2026-09-21 22:04:07,590] INFO [GroupMetadataManager brokerId=2] Scheduling loading of offsets and group metadata from __consumer_offsets-27 for epoch 2 (kafka.coordinator.group.GroupMetadataManager)
kafka-2-1  | 2026-09-21T22:04:07.590548855Z [2026-09-21 22:04:07,590] INFO [GroupCoordinator 2]: Elected as the group coordinator for partition 26 in epoch 2 (kafka.coordinator.group.GroupCoordinator)
kafka-2-1  | 2026-09-21T22:04:07.590550156Z [2026-09-21 22:04:07,590] INFO [GroupMetadataManager brokerId=2] Scheduling loading of offsets and group metadata from __consumer_offsets-26 for epoch 2 (kafka.coordinator.group.GroupMetadataManager)
kafka-2-1  | 2026-09-21T22:04:07.590551556Z [2026-09-21 22:04:07,590] INFO [GroupCoordinator 2]: Elected as the group coordinator for partition 7 in epoch 2 (kafka.coordinator.group.GroupCoordinator)
kafka-2-1  | 2026-09-21T22:04:07.590552856Z [2026-09-21 22:04:07,590] INFO [GroupMetadataManager brokerId=2] Scheduling loading of offsets and group metadata from __consumer_offsets-7 for epoch 2 (kafka.coordinator.group.GroupMetadataManager)
kafka-2-1  | 2026-09-21T22:04:07.590554156Z [2026-09-21 22:04:07,590] INFO [GroupCoordinator 2]: Elected as the group coordinator for partition 37 in epoch 2 (kafka.coordinator.group.GroupCoordinator)
kafka-2-1  | 2026-09-21T22:04:07.590555356Z [2026-09-21 22:04:07,590] INFO [GroupMetadataManager brokerId=2] Scheduling loading of offsets and group metadata from __consumer_offsets-37 for epoch 2 (kafka.coordinator.group.GroupMetadataManager)
kafka-2-1  | 2026-09-21T22:04:07.590562157Z [2026-09-21 22:04:07,590] INFO [GroupCoordinator 2]: Elected as the group coordinator for partition 3 in epoch 2 (kafka.coordinator.group.GroupCoordinator)
kafka-2-1  | 2026-09-21T22:04:07.590564057Z [2026-09-21 22:04:07,590] INFO [GroupMetadataManager brokerId=2] Scheduling loading of offsets and group metadata from __consumer_offsets-3 for epoch 2 (kafka.coordinator.group.GroupMetadataManager)
kafka-2-1  | 2026-09-21T22:04:07.591109703Z [2026-09-21 22:04:07,590] INFO [GroupCoordinator 2]: Elected as the group coordinator for partition 35 in epoch 2 (kafka.coordinator.group.GroupCoordinator)
kafka-2-1  | 2026-09-21T22:04:07.591118603Z [2026-09-21 22:04:07,590] INFO [GroupMetadataManager brokerId=2] Scheduling loading of offsets and group metadata from __consumer_offsets-35 for epoch 2 (kafka.coordinator.group.GroupMetadataManager)
kafka-2-1  | 2026-09-21T22:04:07.591120303Z [2026-09-21 22:04:07,590] INFO [GroupCoordinator 2]: Elected as the group coordinator for partition 1 in epoch 2 (kafka.coordinator.group.GroupCoordinator)
kafka-2-1  | 2026-09-21T22:04:07.591121604Z [2026-09-21 22:04:07,590] INFO [GroupMetadataManager brokerId=2] Scheduling loading of offsets and group metadata from __consumer_offsets-1 for epoch 2 (kafka.coordinator.group.GroupMetadataManager)
kafka-2-1  | 2026-09-21T22:04:07.598127592Z [2026-09-21 22:04:07,596] INFO [GroupMetadataManager brokerId=2] Finished loading offsets and group metadata from __consumer_offsets-15 in 6 milliseconds for epoch 2, of which 1 milliseconds was spent in the scheduler. (kafka.coordinator.group.GroupMetadataManager)
kafka-2-1  | 2026-09-21T22:04:07.598151594Z [2026-09-21 22:04:07,597] INFO [GroupMetadataManager brokerId=2] Finished loading offsets and group metadata from __consumer_offsets-48 in 7 milliseconds for epoch 2, of which 6 milliseconds was spent in the scheduler. (kafka.coordinator.group.GroupMetadataManager)
kafka-2-1  | 2026-09-21T22:04:07.598153794Z [2026-09-21 22:04:07,597] INFO [GroupMetadataManager brokerId=2] Finished loading offsets and group metadata from __consumer_offsets-46 in 7 milliseconds for epoch 2, of which 7 milliseconds was spent in the scheduler. (kafka.coordinator.group.GroupMetadataManager)
kafka-2-1  | 2026-09-21T22:04:07.598155394Z [2026-09-21 22:04:07,597] INFO [GroupMetadataManager brokerId=2] Finished loading offsets and group metadata from __consumer_offsets-14 in 7 milliseconds for epoch 2, of which 7 milliseconds was spent in the scheduler. (kafka.coordinator.group.GroupMetadataManager)
kafka-2-1  | 2026-09-21T22:04:07.598156895Z [2026-09-21 22:04:07,597] INFO [GroupMetadataManager brokerId=2] Finished loading offsets and group metadata from __consumer_offsets-41 in 7 milliseconds for epoch 2, of which 7 milliseconds was spent in the scheduler. (kafka.coordinator.group.GroupMetadataManager)
kafka-2-1  | 2026-09-21T22:04:07.598158395Z [2026-09-21 22:04:07,597] INFO [GroupMetadataManager brokerId=2] Finished loading offsets and group metadata from __consumer_offsets-42 in 7 milliseconds for epoch 2, of which 7 milliseconds was spent in the scheduler. (kafka.coordinator.group.GroupMetadataManager)
kafka-2-1  | 2026-09-21T22:04:07.598160095Z [2026-09-21 22:04:07,597] INFO [GroupMetadataManager brokerId=2] Finished loading offsets and group metadata from __consumer_offsets-10 in 7 milliseconds for epoch 2, of which 7 milliseconds was spent in the scheduler. (kafka.coordinator.group.GroupMetadataManager)
kafka-2-1  | 2026-09-21T22:04:07.600647204Z [2026-09-21 22:04:07,598] INFO [GroupMetadataManager brokerId=2] Finished loading offsets and group metadata from __consumer_offsets-21 in 7 milliseconds for epoch 2, of which 7 milliseconds was spent in the scheduler. (kafka.coordinator.group.GroupMetadataManager)
kafka-2-1  | 2026-09-21T22:04:07.600713809Z [2026-09-21 22:04:07,599] INFO [GroupMetadataManager brokerId=2] Finished loading offsets and group metadata from __consumer_offsets-20 in 9 milliseconds for epoch 2, of which 8 milliseconds was spent in the scheduler. (kafka.coordinator.group.GroupMetadataManager)
kafka-2-1  | 2026-09-21T22:04:07.600936428Z [2026-09-21 22:04:07,600] INFO [GroupMetadataManager brokerId=2] Finished loading offsets and group metadata from __consumer_offsets-30 in 10 milliseconds for epoch 2, of which 10 milliseconds was spent in the scheduler. (kafka.coordinator.group.GroupMetadataManager)
kafka-2-1  | 2026-09-21T22:04:07.601409368Z [2026-09-21 22:04:07,601] INFO [GroupMetadataManager brokerId=2] Finished loading offsets and group metadata from __consumer_offsets-27 in 11 milliseconds for epoch 2, of which 10 milliseconds was spent in the scheduler. (kafka.coordinator.group.GroupMetadataManager)
kafka-2-1  | 2026-09-21T22:04:07.602341146Z [2026-09-21 22:04:07,601] INFO [GroupMetadataManager brokerId=2] Finished loading offsets and group metadata from __consumer_offsets-26 in 11 milliseconds for epoch 2, of which 11 milliseconds was spent in the scheduler. (kafka.coordinator.group.GroupMetadataManager)
kafka-2-1  | 2026-09-21T22:04:07.602356447Z [2026-09-21 22:04:07,602] INFO [GroupMetadataManager brokerId=2] Finished loading offsets and group metadata from __consumer_offsets-7 in 12 milliseconds for epoch 2, of which 11 milliseconds was spent in the scheduler. (kafka.coordinator.group.GroupMetadataManager)
kafka-2-1  | 2026-09-21T22:04:07.602825187Z [2026-09-21 22:04:07,602] INFO [GroupMetadataManager brokerId=2] Finished loading offsets and group metadata from __consumer_offsets-37 in 12 milliseconds for epoch 2, of which 12 milliseconds was spent in the scheduler. (kafka.coordinator.group.GroupMetadataManager)
kafka-2-1  | 2026-09-21T22:04:07.602836088Z [2026-09-21 22:04:07,602] INFO [GroupMetadataManager brokerId=2] Finished loading offsets and group metadata from __consumer_offsets-3 in 12 milliseconds for epoch 2, of which 12 milliseconds was spent in the scheduler. (kafka.coordinator.group.GroupMetadataManager)
kafka-2-1  | 2026-09-21T22:04:07.602838088Z [2026-09-21 22:04:07,602] INFO [GroupMetadataManager brokerId=2] Finished loading offsets and group metadata from __consumer_offsets-35 in 12 milliseconds for epoch 2, of which 12 milliseconds was spent in the scheduler. (kafka.coordinator.group.GroupMetadataManager)
kafka-2-1  | 2026-09-21T22:04:07.602839788Z [2026-09-21 22:04:07,602] INFO [GroupMetadataManager brokerId=2] Finished loading offsets and group metadata from __consumer_offsets-1 in 12 milliseconds for epoch 2, of which 12 milliseconds was spent in the scheduler. (kafka.coordinator.group.GroupMetadataManager)
