sensor-consumer-1  | 2026-09-21T21:52:25.153031751Z Picked up JAVA_TOOL_OPTIONS: -Xms32m -Xmx128m
sensor-consumer-1  | 2026-09-21T21:52:25.391736502Z 2026-09-21 21:52:25.390 INFO SensorConsumer - [SensorConsumer.main] Iniciando consumidor=consumidor-c0aa95a89b68 grupo=processadores-sensores topico=dados-sensores
sensor-consumer-1  | 2026-09-21T21:52:31.009938958Z 2026-09-21 21:52:31.009 INFO SensorConsumer - [STATS] consumidor=consumidor-c0aa95a89b68 processadas=0 alertas=0 invalidas=0 particoes=[]
sensor-consumer-1  | 2026-09-21T21:52:33.328863897Z 2026-09-21 21:52:33.328 WARN SensorConsumer - [REBALANCE] consumidor=consumidor-c0aa95a89b68 RECEBEU particoes=[1, 4]
sensor-consumer-1  | 2026-09-21T21:52:33.401629587Z 2026-09-21 21:52:33.401 WARN RegistroAlertas - [ALERTA] sensor=sensor-ecea9084327b setor=linha-producao particao=4 offset=8 ATENCAO:temperatura=89.38(limite=80.00)
sensor-consumer-1  | 2026-09-21T21:52:33.410862201Z 2026-09-21 21:52:33.410 WARN RegistroAlertas - [ALERTA] sensor=sensor-ecea9084327b setor=linha-producao particao=4 offset=12 ATENCAO:temperatura=87.66(limite=80.00)
sensor-consumer-1  | 2026-09-21T21:52:36.211907781Z 2026-09-21 21:52:36.211 INFO SensorConsumer - [STATS] consumidor=consumidor-c0aa95a89b68 processadas=20 alertas=2 invalidas=0 particoes=[1, 4]
sensor-consumer-1  | 2026-09-21T21:52:37.687015872Z 2026-09-21 21:52:37.686 WARN RegistroAlertas - [ALERTA] sensor=sensor-ecea9084327b setor=linha-producao particao=4 offset=22 ATENCAO:energia=655.91(limite=500.00)
sensor-consumer-1  | 2026-09-21T21:52:38.189279996Z 2026-09-21 21:52:38.188 WARN RegistroAlertas - [ALERTA] sensor=sensor-ecea9084327b setor=linha-producao particao=4 offset=23 ATENCAO:vibracao=10.81(limite=7.00)
sensor-consumer-1  | 2026-09-21T21:52:40.196843966Z 2026-09-21 21:52:40.196 WARN RegistroAlertas - [ALERTA] sensor=sensor-ecea9084327b setor=linha-producao particao=4 offset=27 ATENCAO:temperatura=95.85(limite=80.00)
sensor-consumer-1  | 2026-09-21T21:52:41.696563872Z 2026-09-21 21:52:41.696 INFO SensorConsumer - [STATS] consumidor=consumidor-c0aa95a89b68 processadas=31 alertas=5 invalidas=0 particoes=[1, 4]
sensor-consumer-1  | 2026-09-21T21:52:42.695064211Z 2026-09-21 21:52:42.694 WARN RegistroAlertas - [ALERTA] sensor=sensor-ecea9084327b setor=linha-producao particao=4 offset=32 ATENCAO:energia=607.24(limite=500.00)
sensor-consumer-1  | 2026-09-21T21:52:46.702440339Z 2026-09-21 21:52:46.701 INFO SensorConsumer - [STATS] consumidor=consumidor-c0aa95a89b68 processadas=41 alertas=6 invalidas=0 particoes=[1, 4]
sensor-consumer-1  | 2026-09-21T21:52:48.211543979Z 2026-09-21 21:52:48.210 WARN RegistroAlertas - [ALERTA] sensor=sensor-ecea9084327b setor=linha-producao particao=4 offset=43 ATENCAO:vibracao=9.04(limite=7.00)
sensor-consumer-1  | 2026-09-21T21:52:51.708868480Z 2026-09-21 21:52:51.708 INFO SensorConsumer - [STATS] consumidor=consumidor-c0aa95a89b68 processadas=51 alertas=7 invalidas=0 particoes=[1, 4]
sensor-consumer-3  | 2026-09-21T22:06:10.160806076Z Picked up JAVA_TOOL_OPTIONS: -Xms32m -Xmx128m
sensor-consumer-1  | 2026-09-21T21:52:52.208701808Z 2026-09-21 21:52:52.208 WARN RegistroAlertas - [ALERTA] sensor=sensor-ecea9084327b setor=linha-producao particao=4 offset=51 ATENCAO:vibracao=11.13(limite=7.00)
sensor-consumer-1  | 2026-09-21T21:52:56.239612918Z 2026-09-21 21:52:56.239 WARN RegistroAlertas - [ALERTA] sensor=sensor-ecea9084327b setor=linha-producao particao=4 offset=59 ATENCAO:vibracao=11.63(limite=7.00)
sensor-consumer-1  | 2026-09-21T21:52:56.715826215Z 2026-09-21 21:52:56.715 INFO SensorConsumer - [STATS] consumidor=consumidor-c0aa95a89b68 processadas=61 alertas=9 invalidas=0 particoes=[1, 4]
sensor-consumer-1  | 2026-09-21T21:53:01.720469756Z 2026-09-21 21:53:01.720 INFO SensorConsumer - [STATS] consumidor=consumidor-c0aa95a89b68 processadas=71 alertas=9 invalidas=0 particoes=[1, 4]
sensor-consumer-2  | 2026-09-21T22:05:38.131188454Z Picked up JAVA_TOOL_OPTIONS: -Xms32m -Xmx128m
sensor-consumer-2  | 2026-09-21T22:05:38.277053083Z 2026-09-21 22:05:38.276 INFO SensorConsumer - [SensorConsumer.main] Iniciando consumidor=consumidor-5f3b04119deb grupo=processadores-sensores topico=dados-sensores
sensor-consumer-2  | 2026-09-21T22:05:41.152897843Z 2026-09-21 22:05:41.152 WARN SensorConsumer - [REBALANCE] consumidor=consumidor-5f3b04119deb RECEBEU particoes=[0, 2, 4]
sensor-consumer-2  | 2026-09-21T22:05:43.456956478Z 2026-09-21 22:05:43.456 WARN RegistroAlertas - [ALERTA] sensor=sensor-ecea9084327b setor=linha-producao particao=4 offset=1592 ATENCAO:energia=610.15(limite=500.00)
sensor-consumer-2  | 2026-09-21T22:05:43.686463725Z 2026-09-21 22:05:43.686 INFO SensorConsumer - [STATS] consumidor=consumidor-5f3b04119deb processadas=11 alertas=1 invalidas=0 particoes=[0, 2, 4]
sensor-consumer-2  | 2026-09-21T22:05:44.971487308Z 2026-09-21 22:05:44.970 WARN RegistroAlertas - [ALERTA] sensor=sensor-ecea9084327b setor=linha-producao particao=4 offset=1595 ATENCAO:vibracao=10.66(limite=7.00)
sensor-consumer-1  | 2026-09-21T21:53:06.229497526Z 2026-09-21 21:53:06.228 WARN RegistroAlertas - [ALERTA] sensor=sensor-ecea9084327b setor=linha-producao particao=4 offset=79 CRITICO:temperatura=107.82(limite=80.00)
sensor-consumer-1  | 2026-09-21T21:53:06.729309068Z 2026-09-21 21:53:06.728 INFO SensorConsumer - [STATS] consumidor=consumidor-c0aa95a89b68 processadas=81 alertas=10 invalidas=0 particoes=[1, 4]
sensor-consumer-1  | 2026-09-21T21:53:11.738720799Z 2026-09-21 21:53:11.738 INFO SensorConsumer - [STATS] consumidor=consumidor-c0aa95a89b68 processadas=91 alertas=10 invalidas=0 particoes=[1, 4]
sensor-consumer-1  | 2026-09-21T21:53:16.744123725Z 2026-09-21 21:53:16.743 INFO SensorConsumer - [STATS] consumidor=consumidor-c0aa95a89b68 processadas=101 alertas=10 invalidas=0 particoes=[1, 4]
sensor-consumer-1  | 2026-09-21T21:53:17.244564460Z 2026-09-21 21:53:17.243 WARN RegistroAlertas - [ALERTA] sensor=sensor-ecea9084327b setor=linha-producao particao=4 offset=101 ATENCAO:energia=660.03(limite=500.00)
sensor-consumer-1  | 2026-09-21T21:53:21.749447507Z 2026-09-21 21:53:21.748 INFO SensorConsumer - [STATS] consumidor=consumidor-c0aa95a89b68 processadas=111 alertas=11 invalidas=0 particoes=[1, 4]
sensor-consumer-3  | 2026-09-21T22:06:10.295986815Z 2026-09-21 22:06:10.295 INFO SensorConsumer - [SensorConsumer.main] Iniciando consumidor=consumidor-07b7cd127114 grupo=processadores-sensores topico=dados-sensores
sensor-consumer-3  | 2026-09-21T22:06:11.180915497Z 2026-09-21 22:06:11.180 WARN SensorConsumer - [REBALANCE] consumidor=consumidor-07b7cd127114 RECEBEU particoes=[0, 3]
sensor-consumer-3  | 2026-09-21T22:06:11.723763449Z 2026-09-21 22:06:11.723 WARN RegistroAlertas - [ALERTA] sensor=sensor-9caa6b672dc8 setor=linha-producao particao=3 offset=1649 ATENCAO:vibracao=9.25(limite=7.00)
sensor-consumer-3  | 2026-09-21T22:06:12.196265276Z 2026-09-21 22:06:12.195 WARN RegistroAlertas - [ALERTA] sensor=sensor-482f699b5e27 setor=linha-producao particao=0 offset=1649 ATENCAO:energia=687.78(limite=500.00)
sensor-consumer-2  | 2026-09-21T22:05:48.963008823Z 2026-09-21 22:05:48.962 INFO SensorConsumer - [STATS] consumidor=consumidor-5f3b04119deb processadas=32 alertas=2 invalidas=0 particoes=[0, 2, 4]
sensor-consumer-2  | 2026-09-21T22:05:49.462615367Z 2026-09-21 22:05:49.461 WARN RegistroAlertas - [ALERTA] sensor=sensor-ecea9084327b setor=linha-producao particao=4 offset=1604 ATENCAO:vibracao=8.60(limite=7.00)
sensor-consumer-2  | 2026-09-21T22:05:53.473737146Z 2026-09-21 22:05:53.472 WARN RegistroAlertas - [ALERTA] sensor=sensor-ecea9084327b setor=linha-producao particao=4 offset=1612 ATENCAO:vibracao=11.23(limite=7.00)
sensor-consumer-2  | 2026-09-21T22:05:53.966110187Z 2026-09-21 22:05:53.965 WARN RegistroAlertas - [ALERTA] sensor=sensor-ecea9084327b setor=linha-producao particao=4 offset=1613 ATENCAO:vibracao=11.02(limite=7.00)
sensor-consumer-3  | 2026-09-21T22:06:13.212709656Z 2026-09-21 22:06:13.211 WARN RegistroAlertas - [ALERTA] sensor=sensor-482f699b5e27 setor=linha-producao particao=0 offset=1651 ATENCAO:vibracao=9.05(limite=7.00)
sensor-consumer-3  | 2026-09-21T22:06:13.724007782Z 2026-09-21 22:06:13.723 WARN RegistroAlertas - [ALERTA] sensor=sensor-9caa6b672dc8 setor=linha-producao particao=3 offset=1653 ATENCAO:energia=670.66(limite=500.00)
sensor-consumer-3  | 2026-09-21T22:06:14.728298035Z 2026-09-21 22:06:14.726 WARN RegistroAlertas - [ALERTA] sensor=sensor-9caa6b672dc8 setor=linha-producao particao=3 offset=1655 ATENCAO:vibracao=10.56(limite=7.00)
sensor-consumer-3  | 2026-09-21T22:06:15.708326277Z 2026-09-21 22:06:15.707 INFO SensorConsumer - [STATS] consumidor=consumidor-07b7cd127114 processadas=19 alertas=5 invalidas=0 particoes=[0, 3]
sensor-consumer-1  | 2026-09-21T21:53:23.762200280Z 2026-09-21 21:53:23.761 WARN RegistroAlertas - [ALERTA] sensor=sensor-ecea9084327b setor=linha-producao particao=4 offset=114 ATENCAO:vibracao=10.75(limite=7.00)
sensor-consumer-2  | 2026-09-21T22:05:53.969384756Z 2026-09-21 22:05:53.968 INFO SensorConsumer - [STATS] consumidor=consumidor-5f3b04119deb processadas=52 alertas=5 invalidas=0 particoes=[0, 2, 4]
sensor-consumer-2  | 2026-09-21T22:05:56.683774600Z 2026-09-21 22:05:56.683 WARN RegistroAlertas - [ALERTA] sensor=sensor-482f699b5e27 setor=linha-producao particao=0 offset=1618 ATENCAO:vibracao=11.05(limite=7.00)
sensor-consumer-3  | 2026-09-21T22:06:17.730702532Z 2026-09-21 22:06:17.730 WARN RegistroAlertas - [ALERTA] sensor=sensor-9caa6b672dc8 setor=linha-producao particao=3 offset=1661 ATENCAO:energia=697.43(limite=500.00)
sensor-consumer-3  | 2026-09-21T22:06:19.214349069Z 2026-09-21 22:06:19.213 WARN RegistroAlertas - [ALERTA] sensor=sensor-482f699b5e27 setor=linha-producao particao=0 offset=1663 ATENCAO:energia=596.78(limite=500.00)
sensor-consumer-3  | 2026-09-21T22:06:20.729365333Z 2026-09-21 22:06:20.728 INFO SensorConsumer - [STATS] consumidor=consumidor-07b7cd127114 processadas=40 alertas=7 invalidas=0 particoes=[0, 3]
sensor-consumer-3  | 2026-09-21T22:06:22.730408900Z 2026-09-21 22:06:22.729 WARN RegistroAlertas - [ALERTA] sensor=sensor-9caa6b672dc8 setor=linha-producao particao=3 offset=1671 CRITICO:temperatura=101.86(limite=80.00)
sensor-consumer-3  | 2026-09-21T22:06:25.729269499Z 2026-09-21 22:06:25.728 INFO SensorConsumer - [STATS] consumidor=consumidor-07b7cd127114 processadas=60 alertas=8 invalidas=0 particoes=[0, 3]
sensor-consumer-3  | 2026-09-21T22:06:26.209036051Z 2026-09-21 22:06:26.208 WARN RegistroAlertas - [ALERTA] sensor=sensor-482f699b5e27 setor=linha-producao particao=0 offset=1677 ATENCAO:vibracao=10.13(limite=7.00)
sensor-consumer-3  | 2026-09-21T22:06:27.734368749Z 2026-09-21 22:06:27.734 WARN RegistroAlertas - [ALERTA] sensor=sensor-9caa6b672dc8 setor=linha-producao particao=3 offset=1681 ATENCAO:energia=555.99(limite=500.00)
sensor-consumer-3  | 2026-09-21T22:06:30.733984487Z 2026-09-21 22:06:30.733 INFO SensorConsumer - [STATS] consumidor=consumidor-07b7cd127114 processadas=80 alertas=10 invalidas=0 particoes=[0, 3]
sensor-consumer-3  | 2026-09-21T22:06:31.226540959Z 2026-09-21 22:06:31.225 WARN RegistroAlertas - [ALERTA] sensor=sensor-482f699b5e27 setor=linha-producao particao=0 offset=1687 ATENCAO:energia=599.57(limite=500.00)
sensor-consumer-2  | 2026-09-21T22:05:58.971179474Z 2026-09-21 22:05:58.970 INFO SensorConsumer - [STATS] consumidor=consumidor-5f3b04119deb processadas=72 alertas=6 invalidas=0 particoes=[0, 2, 4]
sensor-consumer-2  | 2026-09-21T22:06:02.984078423Z 2026-09-21 22:06:02.983 WARN RegistroAlertas - [ALERTA] sensor=sensor-ecea9084327b setor=linha-producao particao=4 offset=1631 CRITICO:temperatura=102.91(limite=80.00)
sensor-consumer-2  | 2026-09-21T22:06:03.974312920Z 2026-09-21 22:06:03.973 INFO SensorConsumer - [STATS] consumidor=consumidor-5f3b04119deb processadas=92 alertas=7 invalidas=0 particoes=[0, 2, 4]
sensor-consumer-2  | 2026-09-21T22:06:06.694748580Z 2026-09-21 22:06:06.694 WARN RegistroAlertas - [ALERTA] sensor=sensor-482f699b5e27 setor=linha-producao particao=0 offset=1638 ATENCAO:temperatura=90.73(limite=80.00)
sensor-consumer-2  | 2026-09-21T22:06:08.979086365Z 2026-09-21 22:06:08.978 INFO SensorConsumer - [STATS] consumidor=consumidor-5f3b04119deb processadas=112 alertas=8 invalidas=0 particoes=[0, 2, 4]
sensor-consumer-2  | 2026-09-21T22:06:11.158547222Z 2026-09-21 22:06:11.157 WARN SensorConsumer - [REBALANCE] consumidor=consumidor-5f3b04119deb PERDEU particoes=[0, 2, 4]
sensor-consumer-1  | 2026-09-21T21:53:25.250481899Z 2026-09-21 21:53:25.249 WARN RegistroAlertas - [ALERTA] sensor=sensor-ecea9084327b setor=linha-producao particao=4 offset=117 ATENCAO:vibracao=10.94(limite=7.00)
sensor-consumer-1  | 2026-09-21T21:53:26.754862996Z 2026-09-21 21:53:26.753 INFO SensorConsumer - [STATS] consumidor=consumidor-c0aa95a89b68 processadas=120 alertas=13 invalidas=0 particoes=[1, 4]
sensor-consumer-1  | 2026-09-21T21:53:29.758900942Z 2026-09-21 21:53:29.758 WARN RegistroAlertas - [ALERTA] sensor=sensor-ecea9084327b setor=linha-producao particao=4 offset=126 ATENCAO:temperatura=91.30(limite=80.00)
sensor-consumer-1  | 2026-09-21T21:53:30.761541149Z 2026-09-21 21:53:30.760 WARN RegistroAlertas - [ALERTA] sensor=sensor-ecea9084327b setor=linha-producao particao=4 offset=128 ATENCAO:temperatura=99.91(limite=80.00)
sensor-consumer-1  | 2026-09-21T21:53:31.767182571Z 2026-09-21 21:53:31.766 INFO SensorConsumer - [STATS] consumidor=consumidor-c0aa95a89b68 processadas=130 alertas=15 invalidas=0 particoes=[1, 4]
sensor-consumer-1  | 2026-09-21T21:53:32.272824133Z 2026-09-21 21:53:32.272 WARN RegistroAlertas - [ALERTA] sensor=sensor-ecea9084327b setor=linha-producao particao=4 offset=131 ATENCAO:vibracao=10.36(limite=7.00)
sensor-consumer-1  | 2026-09-21T21:53:34.768227257Z 2026-09-21 21:53:34.767 WARN RegistroAlertas - [ALERTA] sensor=sensor-ecea9084327b setor=linha-producao particao=4 offset=136 ATENCAO:energia=626.73(limite=500.00)
sensor-consumer-1  | 2026-09-21T21:53:36.781381594Z 2026-09-21 21:53:36.780 INFO SensorConsumer - [STATS] consumidor=consumidor-c0aa95a89b68 processadas=141 alertas=17 invalidas=0 particoes=[1, 4]
sensor-consumer-1  | 2026-09-21T21:53:40.784713806Z 2026-09-21 21:53:40.784 WARN RegistroAlertas - [ALERTA] sensor=sensor-ecea9084327b setor=linha-producao particao=4 offset=148 ATENCAO:vibracao=9.09(limite=7.00)
sensor-consumer-1  | 2026-09-21T21:53:41.783413455Z 2026-09-21 21:53:41.782 INFO SensorConsumer - [STATS] consumidor=consumidor-c0aa95a89b68 processadas=151 alertas=18 invalidas=0 particoes=[1, 4]
sensor-consumer-2  | 2026-09-21T22:06:11.167862986Z 2026-09-21 22:06:11.167 WARN SensorConsumer - [REBALANCE] consumidor=consumidor-5f3b04119deb RECEBEU particoes=[1, 4]
sensor-consumer-1  | 2026-09-21T21:53:47.283554720Z 2026-09-21 21:53:47.283 INFO SensorConsumer - [STATS] consumidor=consumidor-c0aa95a89b68 processadas=162 alertas=18 invalidas=0 particoes=[1, 4]
sensor-consumer-1  | 2026-09-21T21:53:47.783704968Z 2026-09-21 21:53:47.783 WARN RegistroAlertas - [ALERTA] sensor=sensor-ecea9084327b setor=linha-producao particao=4 offset=162 ATENCAO:temperatura=96.13(limite=80.00)
sensor-consumer-1  | 2026-09-21T21:53:48.791828117Z 2026-09-21 21:53:48.791 WARN RegistroAlertas - [ALERTA] sensor=sensor-ecea9084327b setor=linha-producao particao=4 offset=164 ATENCAO:temperatura=90.48(limite=80.00)
sensor-consumer-1  | 2026-09-21T21:53:49.787164561Z 2026-09-21 21:53:49.786 WARN RegistroAlertas - [ALERTA] sensor=sensor-ecea9084327b setor=linha-producao particao=4 offset=166 ATENCAO:vibracao=11.38(limite=7.00)
sensor-consumer-1  | 2026-09-21T21:53:52.779518827Z 2026-09-21 21:53:52.779 INFO SensorConsumer - [STATS] consumidor=consumidor-c0aa95a89b68 processadas=173 alertas=21 invalidas=0 particoes=[1, 4]
sensor-consumer-1  | 2026-09-21T21:53:54.782442302Z 2026-09-21 21:53:54.782 WARN RegistroAlertas - [ALERTA] sensor=sensor-ecea9084327b setor=linha-producao particao=4 offset=176 ATENCAO:energia=698.05(limite=500.00)
sensor-consumer-1  | 2026-09-21T21:53:57.794949434Z 2026-09-21 21:53:57.794 INFO SensorConsumer - [STATS] consumidor=consumidor-c0aa95a89b68 processadas=183 alertas=22 invalidas=0 particoes=[1, 4]
sensor-consumer-1  | 2026-09-21T21:54:00.793483781Z 2026-09-21 21:54:00.792 WARN RegistroAlertas - [ALERTA] sensor=sensor-ecea9084327b setor=linha-producao particao=4 offset=188 ATENCAO:energia=669.20(limite=500.00)
sensor-consumer-1  | 2026-09-21T21:54:02.797828767Z 2026-09-21 21:54:02.797 INFO SensorConsumer - [STATS] consumidor=consumidor-c0aa95a89b68 processadas=193 alertas=23 invalidas=0 particoes=[1, 4]
sensor-consumer-1  | 2026-09-21T21:54:07.816268630Z 2026-09-21 21:54:07.810 INFO SensorConsumer - [STATS] consumidor=consumidor-c0aa95a89b68 processadas=203 alertas=23 invalidas=0 particoes=[1, 4]
sensor-consumer-1  | 2026-09-21T21:54:13.307249046Z 2026-09-21 21:54:13.306 INFO SensorConsumer - [STATS] consumidor=consumidor-c0aa95a89b68 processadas=214 alertas=23 invalidas=0 particoes=[1, 4]
sensor-consumer-3  | 2026-09-21T22:06:34.738650900Z 2026-09-21 22:06:34.738 WARN RegistroAlertas - [ALERTA] sensor=sensor-9caa6b672dc8 setor=linha-producao particao=3 offset=1695 ATENCAO:vibracao=9.63(limite=7.00)
sensor-consumer-3  | 2026-09-21T22:06:35.735377851Z 2026-09-21 22:06:35.734 INFO SensorConsumer - [STATS] consumidor=consumidor-07b7cd127114 processadas=100 alertas=12 invalidas=0 particoes=[0, 3]
sensor-consumer-3  | 2026-09-21T22:06:37.717731881Z 2026-09-21 22:06:37.717 WARN RegistroAlertas - [ALERTA] sensor=sensor-482f699b5e27 setor=linha-producao particao=0 offset=1700 ATENCAO:energia=597.58(limite=500.00)
sensor-consumer-3  | 2026-09-21T22:06:40.219176050Z 2026-09-21 22:06:40.218 WARN RegistroAlertas - [ALERTA] sensor=sensor-482f699b5e27 setor=linha-producao particao=0 offset=1705 CRITICO:temperatura=103.70(limite=80.00)
sensor-consumer-2  | 2026-09-21T22:06:12.001979355Z 2026-09-21 22:06:12.000 WARN RegistroAlertas - [ALERTA] sensor=sensor-ecea9084327b setor=linha-producao particao=4 offset=1649 ATENCAO:vibracao=9.56(limite=7.00)
sensor-consumer-2  | 2026-09-21T22:06:12.990319128Z 2026-09-21 22:06:12.989 WARN RegistroAlertas - [ALERTA] sensor=sensor-ecea9084327b setor=linha-producao particao=4 offset=1651 ATENCAO:vibracao=9.23(limite=7.00)
sensor-consumer-2  | 2026-09-21T22:06:13.984178714Z 2026-09-21 22:06:13.983 INFO SensorConsumer - [STATS] consumidor=consumidor-5f3b04119deb processadas=126 alertas=10 invalidas=0 particoes=[1, 4]
sensor-consumer-2  | 2026-09-21T22:06:18.990313199Z 2026-09-21 22:06:18.989 INFO SensorConsumer - [STATS] consumidor=consumidor-5f3b04119deb processadas=136 alertas=10 invalidas=0 particoes=[1, 4]
sensor-consumer-2  | 2026-09-21T22:06:20.505711996Z 2026-09-21 22:06:20.504 WARN RegistroAlertas - [ALERTA] sensor=sensor-ecea9084327b setor=linha-producao particao=4 offset=1666 CRITICO:temperatura=105.65(limite=80.00)
sensor-consumer-2  | 2026-09-21T22:06:23.493341947Z 2026-09-21 22:06:23.492 WARN RegistroAlertas - [ALERTA] sensor=sensor-ecea9084327b setor=linha-producao particao=4 offset=1672 ATENCAO:energia=675.82(limite=500.00)
sensor-consumer-2  | 2026-09-21T22:06:24.004515979Z 2026-09-21 22:06:24.003 INFO SensorConsumer - [STATS] consumidor=consumidor-5f3b04119deb processadas=146 alertas=12 invalidas=0 particoes=[1, 4]
sensor-consumer-1  | 2026-09-21T21:54:15.321405283Z 2026-09-21 21:54:15.320 WARN RegistroAlertas - [ALERTA] sensor=sensor-ecea9084327b setor=linha-producao particao=4 offset=217 ATENCAO:energia=666.22(limite=500.00)
sensor-consumer-1  | 2026-09-21T21:54:15.810531611Z 2026-09-21 21:54:15.809 WARN RegistroAlertas - [ALERTA] sensor=sensor-ecea9084327b setor=linha-producao particao=4 offset=218 CRITICO:temperatura=106.29(limite=80.00)
sensor-consumer-1  | 2026-09-21T21:54:16.311638310Z 2026-09-21 21:54:16.311 WARN RegistroAlertas - [ALERTA] sensor=sensor-ecea9084327b setor=linha-producao particao=4 offset=219 ATENCAO:energia=659.97(limite=500.00)
sensor-consumer-1  | 2026-09-21T21:54:18.315652977Z 2026-09-21 21:54:18.315 INFO SensorConsumer - [STATS] consumidor=consumidor-c0aa95a89b68 processadas=224 alertas=26 invalidas=0 particoes=[1, 4]
sensor-consumer-2  | 2026-09-21T22:06:29.496206034Z 2026-09-21 22:06:29.495 INFO SensorConsumer - [STATS] consumidor=consumidor-5f3b04119deb processadas=157 alertas=12 invalidas=0 particoes=[1, 4]
sensor-consumer-1  | 2026-09-21T21:54:18.814053179Z 2026-09-21 21:54:18.813 WARN RegistroAlertas - [ALERTA] sensor=sensor-ecea9084327b setor=linha-producao particao=4 offset=224 ATENCAO:vibracao=8.62(limite=7.00)
sensor-consumer-1  | 2026-09-21T21:54:19.829995774Z 2026-09-21 21:54:19.829 WARN RegistroAlertas - [ALERTA] sensor=sensor-ecea9084327b setor=linha-producao particao=4 offset=226 ATENCAO:temperatura=97.28(limite=80.00)
sensor-consumer-1  | 2026-09-21T21:54:23.318702620Z 2026-09-21 21:54:23.318 INFO SensorConsumer - [STATS] consumidor=consumidor-c0aa95a89b68 processadas=234 alertas=28 invalidas=0 particoes=[1, 4]
sensor-consumer-3  | 2026-09-21T22:06:40.741563609Z 2026-09-21 22:06:40.741 INFO SensorConsumer - [STATS] consumidor=consumidor-07b7cd127114 processadas=120 alertas=14 invalidas=0 particoes=[0, 3]
sensor-consumer-3  | 2026-09-21T22:06:42.746693255Z 2026-09-21 22:06:42.746 WARN RegistroAlertas - [ALERTA] sensor=sensor-9caa6b672dc8 setor=linha-producao particao=3 offset=1711 ATENCAO:energia=563.06(limite=500.00)
sensor-consumer-2  | 2026-09-21T22:06:29.996243416Z 2026-09-21 22:06:29.995 WARN RegistroAlertas - [ALERTA] sensor=sensor-ecea9084327b setor=linha-producao particao=4 offset=1685 ATENCAO:energia=654.00(limite=500.00)
sensor-consumer-2  | 2026-09-21T22:06:34.501939779Z 2026-09-21 22:06:34.501 INFO SensorConsumer - [STATS] consumidor=consumidor-5f3b04119deb processadas=167 alertas=13 invalidas=0 particoes=[1, 4]
sensor-consumer-2  | 2026-09-21T22:06:36.505314449Z 2026-09-21 22:06:36.504 WARN RegistroAlertas - [ALERTA] sensor=sensor-ecea9084327b setor=linha-producao particao=4 offset=1698 ATENCAO:vibracao=10.26(limite=7.00)
sensor-consumer-2  | 2026-09-21T22:06:37.004740168Z 2026-09-21 22:06:37.004 WARN RegistroAlertas - [ALERTA] sensor=sensor-ecea9084327b setor=linha-producao particao=4 offset=1699 ATENCAO:temperatura=87.45(limite=80.00)
sensor-consumer-2  | 2026-09-21T22:06:39.517307562Z 2026-09-21 22:06:39.516 WARN RegistroAlertas - [ALERTA] sensor=sensor-ecea9084327b setor=linha-producao particao=4 offset=1704 ATENCAO:vibracao=10.71(limite=7.00)
sensor-consumer-2  | 2026-09-21T22:06:39.520597454Z 2026-09-21 22:06:39.519 INFO SensorConsumer - [STATS] consumidor=consumidor-5f3b04119deb processadas=177 alertas=16 invalidas=0 particoes=[1, 4]
sensor-consumer-2  | 2026-09-21T22:06:44.172318572Z 2026-09-21 22:06:44.171 WARN SensorConsumer - [REBALANCE] consumidor=consumidor-5f3b04119deb PERDEU particoes=[1, 4]
sensor-consumer-2  | 2026-09-21T22:06:44.187661334Z 2026-09-21 22:06:44.187 WARN SensorConsumer - [REBALANCE] consumidor=consumidor-5f3b04119deb RECEBEU particoes=[2]
sensor-consumer-2  | 2026-09-21T22:06:45.018850398Z 2026-09-21 22:06:45.017 INFO SensorConsumer - [STATS] consumidor=consumidor-5f3b04119deb processadas=186 alertas=16 invalidas=0 particoes=[2]
sensor-consumer-2  | 2026-09-21T22:06:50.028159692Z 2026-09-21 22:06:50.025 INFO SensorConsumer - [STATS] consumidor=consumidor-5f3b04119deb processadas=186 alertas=16 invalidas=0 particoes=[2]
sensor-consumer-2  | 2026-09-21T22:06:55.033581836Z 2026-09-21 22:06:55.032 INFO SensorConsumer - [STATS] consumidor=consumidor-5f3b04119deb processadas=186 alertas=16 invalidas=0 particoes=[2]
sensor-consumer-2  | 2026-09-21T22:07:00.038323309Z 2026-09-21 22:07:00.037 INFO SensorConsumer - [STATS] consumidor=consumidor-5f3b04119deb processadas=186 alertas=16 invalidas=0 particoes=[2]
sensor-consumer-3  | 2026-09-21T22:06:44.178230897Z 2026-09-21 22:06:44.177 WARN SensorConsumer - [REBALANCE] consumidor=consumidor-07b7cd127114 PERDEU particoes=[0, 3]
sensor-consumer-3  | 2026-09-21T22:06:44.188860640Z 2026-09-21 22:06:44.187 WARN SensorConsumer - [REBALANCE] consumidor=consumidor-07b7cd127114 RECEBEU particoes=[0]
sensor-consumer-1  | 2026-09-21T21:54:27.321972690Z 2026-09-21 21:54:27.321 WARN RegistroAlertas - [ALERTA] sensor=sensor-ecea9084327b setor=linha-producao particao=4 offset=241 ATENCAO:vibracao=8.16(limite=7.00)
sensor-consumer-1  | 2026-09-21T21:54:28.324773512Z 2026-09-21 21:54:28.324 INFO SensorConsumer - [STATS] consumidor=consumidor-c0aa95a89b68 processadas=244 alertas=29 invalidas=0 particoes=[1, 4]
sensor-consumer-1  | 2026-09-21T21:54:29.831659588Z 2026-09-21 21:54:29.831 WARN RegistroAlertas - [ALERTA] sensor=sensor-ecea9084327b setor=linha-producao particao=4 offset=246 CRITICO:temperatura=101.37(limite=80.00)
sensor-consumer-3  | 2026-09-21T22:06:46.223513706Z 2026-09-21 22:06:46.222 INFO SensorConsumer - [STATS] consumidor=consumidor-07b7cd127114 processadas=136 alertas=15 invalidas=0 particoes=[0]
sensor-consumer-1  | 2026-09-21T21:54:33.328445223Z 2026-09-21 21:54:33.327 INFO SensorConsumer - [STATS] consumidor=consumidor-c0aa95a89b68 processadas=254 alertas=30 invalidas=0 particoes=[1, 4]
sensor-consumer-1  | 2026-09-21T21:54:38.336832485Z 2026-09-21 21:54:38.336 INFO SensorConsumer - [STATS] consumidor=consumidor-c0aa95a89b68 processadas=264 alertas=30 invalidas=0 particoes=[1, 4]
sensor-consumer-1  | 2026-09-21T21:54:39.835877121Z 2026-09-21 21:54:39.835 WARN RegistroAlertas - [ALERTA] sensor=sensor-ecea9084327b setor=linha-producao particao=4 offset=266 ATENCAO:vibracao=11.45(limite=7.00)
sensor-consumer-1  | 2026-09-21T21:54:40.338464575Z 2026-09-21 21:54:40.338 WARN RegistroAlertas - [ALERTA] sensor=sensor-ecea9084327b setor=linha-producao particao=4 offset=267 CRITICO:temperatura=108.84(limite=80.00)
sensor-consumer-1  | 2026-09-21T21:54:43.342272556Z 2026-09-21 21:54:43.341 WARN RegistroAlertas - [ALERTA] sensor=sensor-ecea9084327b setor=linha-producao particao=4 offset=273 ATENCAO:vibracao=10.38(limite=7.00)
sensor-consumer-1  | 2026-09-21T21:54:43.351593849Z 2026-09-21 21:54:43.351 INFO SensorConsumer - [STATS] consumidor=consumidor-c0aa95a89b68 processadas=274 alertas=33 invalidas=0 particoes=[1, 4]
sensor-consumer-1  | 2026-09-21T21:54:45.344247083Z 2026-09-21 21:54:45.343 WARN RegistroAlertas - [ALERTA] sensor=sensor-ecea9084327b setor=linha-producao particao=4 offset=277 ATENCAO:vibracao=11.80(limite=7.00)
sensor-consumer-3  | 2026-09-21T22:06:46.232648016Z 2026-09-21 22:06:46.231 WARN RegistroAlertas - [ALERTA] sensor=sensor-482f699b5e27 setor=linha-producao particao=0 offset=1717 ATENCAO:vibracao=10.38(limite=7.00)
sensor-consumer-3  | 2026-09-21T22:06:48.237063324Z 2026-09-21 22:06:48.236 WARN RegistroAlertas - [ALERTA] sensor=sensor-482f699b5e27 setor=linha-producao particao=0 offset=1721 ATENCAO:energia=647.69(limite=500.00)
sensor-consumer-2  | 2026-09-21T22:07:05.046717220Z 2026-09-21 22:07:05.045 INFO SensorConsumer - [STATS] consumidor=consumidor-5f3b04119deb processadas=186 alertas=16 invalidas=0 particoes=[2]
sensor-consumer-2  | 2026-09-21T22:07:10.052002489Z 2026-09-21 22:07:10.051 INFO SensorConsumer - [STATS] consumidor=consumidor-5f3b04119deb processadas=186 alertas=16 invalidas=0 particoes=[2]
sensor-consumer-1  | 2026-09-21T21:54:47.345797431Z 2026-09-21 21:54:47.345 WARN RegistroAlertas - [ALERTA] sensor=sensor-ecea9084327b setor=linha-producao particao=4 offset=281 ATENCAO:vibracao=9.13(limite=7.00)
sensor-consumer-1  | 2026-09-21T21:54:48.844088935Z 2026-09-21 21:54:48.843 INFO SensorConsumer - [STATS] consumidor=consumidor-c0aa95a89b68 processadas=285 alertas=35 invalidas=0 particoes=[1, 4]
sensor-consumer-3  | 2026-09-21T22:06:48.728481788Z 2026-09-21 22:06:48.727 WARN RegistroAlertas - [ALERTA] sensor=sensor-482f699b5e27 setor=linha-producao particao=0 offset=1722 ATENCAO:energia=645.38(limite=500.00)
sensor-consumer-1  | 2026-09-21T21:54:50.346834036Z 2026-09-21 21:54:50.346 WARN RegistroAlertas - [ALERTA] sensor=sensor-ecea9084327b setor=linha-producao particao=4 offset=287 ATENCAO:energia=617.56(limite=500.00)
sensor-consumer-1  | 2026-09-21T21:54:53.846827908Z 2026-09-21 21:54:53.846 INFO SensorConsumer - [STATS] consumidor=consumidor-c0aa95a89b68 processadas=295 alertas=36 invalidas=0 particoes=[1, 4]
sensor-consumer-1  | 2026-09-21T21:54:57.854442368Z 2026-09-21 21:54:57.853 WARN RegistroAlertas - [ALERTA] sensor=sensor-ecea9084327b setor=linha-producao particao=4 offset=302 ATENCAO:vibracao=10.12(limite=7.00)
sensor-consumer-1  | 2026-09-21T21:54:58.851915643Z 2026-09-21 21:54:58.851 INFO SensorConsumer - [STATS] consumidor=consumidor-c0aa95a89b68 processadas=305 alertas=37 invalidas=0 particoes=[1, 4]
sensor-consumer-1  | 2026-09-21T21:55:00.855949258Z 2026-09-21 21:55:00.855 WARN RegistroAlertas - [ALERTA] sensor=sensor-ecea9084327b setor=linha-producao particao=4 offset=308 ATENCAO:vibracao=11.14(limite=7.00)
sensor-consumer-1  | 2026-09-21T21:55:03.859389102Z 2026-09-21 21:55:03.858 INFO SensorConsumer - [STATS] consumidor=consumidor-c0aa95a89b68 processadas=315 alertas=38 invalidas=0 particoes=[1, 4]
sensor-consumer-1  | 2026-09-21T21:55:08.866733549Z 2026-09-21 21:55:08.866 INFO SensorConsumer - [STATS] consumidor=consumidor-c0aa95a89b68 processadas=325 alertas=38 invalidas=0 particoes=[1, 4]
sensor-consumer-1  | 2026-09-21T21:55:11.370411959Z 2026-09-21 21:55:11.370 WARN RegistroAlertas - [ALERTA] sensor=sensor-ecea9084327b setor=linha-producao particao=4 offset=329 ATENCAO:temperatura=86.72(limite=80.00)
sensor-consumer-2  | 2026-09-21T22:07:15.058547431Z 2026-09-21 22:07:15.058 INFO SensorConsumer - [STATS] consumidor=consumidor-5f3b04119deb processadas=186 alertas=16 invalidas=0 particoes=[2]
sensor-consumer-2  | 2026-09-21T22:07:17.193722115Z 2026-09-21 22:07:17.193 WARN SensorConsumer - [REBALANCE] consumidor=consumidor-5f3b04119deb PERDEU particoes=[2]
sensor-consumer-1  | 2026-09-21T21:55:13.875974587Z 2026-09-21 21:55:13.875 INFO SensorConsumer - [STATS] consumidor=consumidor-c0aa95a89b68 processadas=335 alertas=39 invalidas=0 particoes=[1, 4]
sensor-consumer-1  | 2026-09-21T21:55:16.889255926Z 2026-09-21 21:55:16.888 WARN RegistroAlertas - [ALERTA] sensor=sensor-ecea9084327b setor=linha-producao particao=4 offset=340 ATENCAO:temperatura=90.03(limite=80.00)
sensor-consumer-1  | 2026-09-21T21:55:18.881356775Z 2026-09-21 21:55:18.880 INFO SensorConsumer - [STATS] consumidor=consumidor-c0aa95a89b68 processadas=344 alertas=40 invalidas=0 particoes=[1, 4]
sensor-consumer-3  | 2026-09-21T22:06:51.236065048Z 2026-09-21 22:06:51.235 INFO SensorConsumer - [STATS] consumidor=consumidor-07b7cd127114 processadas=147 alertas=18 invalidas=0 particoes=[0]
sensor-consumer-3  | 2026-09-21T22:06:52.730235431Z 2026-09-21 22:06:52.729 WARN RegistroAlertas - [ALERTA] sensor=sensor-482f699b5e27 setor=linha-producao particao=0 offset=1730 ATENCAO:energia=601.83(limite=500.00)
sensor-consumer-1  | 2026-09-21T21:55:21.884298318Z 2026-09-21 21:55:21.883 WARN RegistroAlertas - [ALERTA] sensor=sensor-ecea9084327b setor=linha-producao particao=4 offset=350 ATENCAO:vibracao=8.34(limite=7.00)
sensor-consumer-1  | 2026-09-21T21:55:23.885362030Z 2026-09-21 21:55:23.884 INFO SensorConsumer - [STATS] consumidor=consumidor-c0aa95a89b68 processadas=355 alertas=41 invalidas=0 particoes=[1, 4]
sensor-consumer-1  | 2026-09-21T21:55:27.393185050Z 2026-09-21 21:55:27.392 WARN RegistroAlertas - [ALERTA] sensor=sensor-ecea9084327b setor=linha-producao particao=4 offset=361 ATENCAO:energia=688.27(limite=500.00)
sensor-consumer-1  | 2026-09-21T21:55:28.889340584Z 2026-09-21 21:55:28.888 INFO SensorConsumer - [STATS] consumidor=consumidor-c0aa95a89b68 processadas=364 alertas=42 invalidas=0 particoes=[1, 4]
sensor-consumer-1  | 2026-09-21T21:55:32.900673323Z 2026-09-21 21:55:32.899 WARN RegistroAlertas - [ALERTA] sensor=sensor-ecea9084327b setor=linha-producao particao=4 offset=372 ATENCAO:vibracao=8.55(limite=7.00)
sensor-consumer-1  | 2026-09-21T21:55:33.897270251Z 2026-09-21 21:55:33.896 INFO SensorConsumer - [STATS] consumidor=consumidor-c0aa95a89b68 processadas=375 alertas=43 invalidas=0 particoes=[1, 4]
sensor-consumer-1  | 2026-09-21T21:55:36.401705931Z 2026-09-21 21:55:36.401 WARN RegistroAlertas - [ALERTA] sensor=sensor-ecea9084327b setor=linha-producao particao=4 offset=379 ATENCAO:temperatura=95.58(limite=80.00)
sensor-consumer-2  | 2026-09-21T22:07:17.214661078Z 2026-09-21 22:07:17.213 WARN SensorConsumer - [REBALANCE] consumidor=consumidor-5f3b04119deb RECEBEU particoes=[4]
sensor-consumer-2  | 2026-09-21T22:07:20.046893624Z 2026-09-21 22:07:20.046 WARN RegistroAlertas - [ALERTA] sensor=sensor-ecea9084327b setor=linha-producao particao=4 offset=1785 ATENCAO:temperatura=99.32(limite=80.00)
sensor-consumer-2  | 2026-09-21T22:07:20.542166335Z 2026-09-21 22:07:20.541 INFO SensorConsumer - [STATS] consumidor=consumidor-5f3b04119deb processadas=193 alertas=17 invalidas=0 particoes=[4]
sensor-consumer-2  | 2026-09-21T22:07:25.549719245Z 2026-09-21 22:07:25.549 INFO SensorConsumer - [STATS] consumidor=consumidor-5f3b04119deb processadas=203 alertas=17 invalidas=0 particoes=[4]
sensor-consumer-2  | 2026-09-21T22:07:28.062371481Z 2026-09-21 22:07:28.061 WARN RegistroAlertas - [ALERTA] sensor=sensor-ecea9084327b setor=linha-producao particao=4 offset=1801 ATENCAO:temperatura=98.40(limite=80.00)
sensor-consumer-2  | 2026-09-21T22:07:31.049557615Z 2026-09-21 22:07:31.048 INFO SensorConsumer - [STATS] consumidor=consumidor-5f3b04119deb processadas=213 alertas=18 invalidas=0 particoes=[4]
sensor-consumer-2  | 2026-09-21T22:07:34.561144758Z 2026-09-21 22:07:34.560 WARN RegistroAlertas - [ALERTA] sensor=sensor-ecea9084327b setor=linha-producao particao=4 offset=1814 ATENCAO:energia=693.81(limite=500.00)
sensor-consumer-1  | 2026-09-21T21:55:38.901432925Z 2026-09-21 21:55:38.900 INFO SensorConsumer - [STATS] consumidor=consumidor-c0aa95a89b68 processadas=384 alertas=44 invalidas=0 particoes=[1, 4]
sensor-consumer-1  | 2026-09-21T21:55:43.409448621Z 2026-09-21 21:55:43.408 WARN RegistroAlertas - [ALERTA] sensor=sensor-ecea9084327b setor=linha-producao particao=4 offset=393 ATENCAO:energia=638.70(limite=500.00)
sensor-consumer-2  | 2026-09-21T22:07:36.052968257Z 2026-09-21 22:07:36.052 INFO SensorConsumer - [STATS] consumidor=consumidor-5f3b04119deb processadas=224 alertas=19 invalidas=0 particoes=[4]
sensor-consumer-2  | 2026-09-21T22:07:39.070592138Z 2026-09-21 22:07:39.070 WARN RegistroAlertas - [ALERTA] sensor=sensor-ecea9084327b setor=linha-producao particao=4 offset=1823 CRITICO:temperatura=100.50(limite=80.00)
sensor-consumer-2  | 2026-09-21T22:07:40.071913151Z 2026-09-21 22:07:40.071 WARN RegistroAlertas - [ALERTA] sensor=sensor-ecea9084327b setor=linha-producao particao=4 offset=1825 CRITICO:temperatura=107.77(limite=80.00)
sensor-consumer-3  | 2026-09-21T22:06:56.734202048Z 2026-09-21 22:06:56.733 INFO SensorConsumer - [STATS] consumidor=consumidor-07b7cd127114 processadas=158 alertas=19 invalidas=0 particoes=[0]
sensor-consumer-3  | 2026-09-21T22:06:57.736193326Z 2026-09-21 22:06:57.735 WARN RegistroAlertas - [ALERTA] sensor=sensor-482f699b5e27 setor=linha-producao particao=0 offset=1740 ATENCAO:energia=622.78(limite=500.00)
sensor-consumer-3  | 2026-09-21T22:07:01.736091526Z 2026-09-21 22:07:01.735 INFO SensorConsumer - [STATS] consumidor=consumidor-07b7cd127114 processadas=167 alertas=20 invalidas=0 particoes=[0]
sensor-consumer-1  | 2026-09-21T21:55:43.913305588Z 2026-09-21 21:55:43.911 INFO SensorConsumer - [STATS] consumidor=consumidor-c0aa95a89b68 processadas=394 alertas=45 invalidas=0 particoes=[1, 4]
sensor-consumer-1  | 2026-09-21T21:55:45.411000339Z 2026-09-21 21:55:45.410 WARN RegistroAlertas - [ALERTA] sensor=sensor-ecea9084327b setor=linha-producao particao=4 offset=397 ATENCAO:energia=643.17(limite=500.00)
sensor-consumer-1  | 2026-09-21T21:55:45.911910655Z 2026-09-21 21:55:45.911 WARN RegistroAlertas - [ALERTA] sensor=sensor-ecea9084327b setor=linha-producao particao=4 offset=398 ATENCAO:temperatura=99.13(limite=80.00)
sensor-consumer-1  | 2026-09-21T21:55:46.917891083Z 2026-09-21 21:55:46.917 WARN RegistroAlertas - [ALERTA] sensor=sensor-ecea9084327b setor=linha-producao particao=4 offset=400 ATENCAO:temperatura=91.18(limite=80.00)
sensor-consumer-1  | 2026-09-21T21:55:48.914947666Z 2026-09-21 21:55:48.914 INFO SensorConsumer - [STATS] consumidor=consumidor-c0aa95a89b68 processadas=405 alertas=48 invalidas=0 particoes=[1, 4]
sensor-consumer-1  | 2026-09-21T21:55:53.924622187Z 2026-09-21 21:55:53.924 INFO SensorConsumer - [STATS] consumidor=consumidor-c0aa95a89b68 processadas=415 alertas=48 invalidas=0 particoes=[1, 4]
sensor-consumer-1  | 2026-09-21T21:55:57.926621833Z 2026-09-21 21:55:57.926 WARN RegistroAlertas - [ALERTA] sensor=sensor-ecea9084327b setor=linha-producao particao=4 offset=422 ATENCAO:vibracao=10.16(limite=7.00)
sensor-consumer-1  | 2026-09-21T21:55:58.926058323Z 2026-09-21 21:55:58.925 INFO SensorConsumer - [STATS] consumidor=consumidor-c0aa95a89b68 processadas=425 alertas=49 invalidas=0 particoes=[1, 4]
sensor-consumer-1  | 2026-09-21T21:56:02.442466242Z 2026-09-21 21:56:02.441 WARN RegistroAlertas - [ALERTA] sensor=sensor-ecea9084327b setor=linha-producao particao=4 offset=431 ATENCAO:vibracao=10.53(limite=7.00)
sensor-consumer-1  | 2026-09-21T21:56:03.932067801Z 2026-09-21 21:56:03.931 INFO SensorConsumer - [STATS] consumidor=consumidor-c0aa95a89b68 processadas=435 alertas=50 invalidas=0 particoes=[1, 4]
sensor-consumer-3  | 2026-09-21T22:07:02.239012935Z 2026-09-21 22:07:02.238 WARN RegistroAlertas - [ALERTA] sensor=sensor-482f699b5e27 setor=linha-producao particao=0 offset=1749 ATENCAO:vibracao=10.44(limite=7.00)
sensor-consumer-3  | 2026-09-21T22:07:04.239955224Z 2026-09-21 22:07:04.239 WARN RegistroAlertas - [ALERTA] sensor=sensor-482f699b5e27 setor=linha-producao particao=0 offset=1753 ATENCAO:energia=676.70(limite=500.00)
sensor-consumer-3  | 2026-09-21T22:07:06.242414221Z 2026-09-21 22:07:06.241 WARN RegistroAlertas - [ALERTA] sensor=sensor-482f699b5e27 setor=linha-producao particao=0 offset=1757 ATENCAO:vibracao=11.57(limite=7.00)
sensor-consumer-3  | 2026-09-21T22:07:06.744173744Z 2026-09-21 22:07:06.743 INFO SensorConsumer - [STATS] consumidor=consumidor-07b7cd127114 processadas=178 alertas=23 invalidas=0 particoes=[0]
sensor-consumer-3  | 2026-09-21T22:07:11.747498636Z 2026-09-21 22:07:11.747 INFO SensorConsumer - [STATS] consumidor=consumidor-07b7cd127114 processadas=188 alertas=23 invalidas=0 particoes=[0]
sensor-consumer-3  | 2026-09-21T22:07:12.748352509Z 2026-09-21 22:07:12.747 WARN RegistroAlertas - [ALERTA] sensor=sensor-482f699b5e27 setor=linha-producao particao=0 offset=1770 ATENCAO:energia=604.69(limite=500.00)
sensor-consumer-3  | 2026-09-21T22:07:16.255892149Z 2026-09-21 22:07:16.255 WARN RegistroAlertas - [ALERTA] sensor=sensor-482f699b5e27 setor=linha-producao particao=0 offset=1777 ATENCAO:vibracao=10.97(limite=7.00)
sensor-consumer-3  | 2026-09-21T22:07:16.754417025Z 2026-09-21 22:07:16.754 INFO SensorConsumer - [STATS] consumidor=consumidor-07b7cd127114 processadas=198 alertas=25 invalidas=0 particoes=[0]
sensor-consumer-3  | 2026-09-21T22:07:17.197722352Z 2026-09-21 22:07:17.197 WARN SensorConsumer - [REBALANCE] consumidor=consumidor-07b7cd127114 PERDEU particoes=[0]
sensor-consumer-3  | 2026-09-21T22:07:17.214164136Z 2026-09-21 22:07:17.213 WARN SensorConsumer - [REBALANCE] consumidor=consumidor-07b7cd127114 RECEBEU particoes=[0]
sensor-consumer-3  | 2026-09-21T22:07:17.757918021Z 2026-09-21 22:07:17.757 WARN RegistroAlertas - [ALERTA] sensor=sensor-482f699b5e27 setor=linha-producao particao=0 offset=1780 ATENCAO:energia=624.00(limite=500.00)
sensor-consumer-3  | 2026-09-21T22:07:21.755733016Z 2026-09-21 22:07:21.755 INFO SensorConsumer - [STATS] consumidor=consumidor-07b7cd127114 processadas=208 alertas=26 invalidas=0 particoes=[0]
sensor-consumer-3  | 2026-09-21T22:07:24.756512226Z 2026-09-21 22:07:24.756 WARN RegistroAlertas - [ALERTA] sensor=sensor-482f699b5e27 setor=linha-producao particao=0 offset=1794 ATENCAO:vibracao=9.00(limite=7.00)
sensor-consumer-3  | 2026-09-21T22:07:26.768172531Z 2026-09-21 22:07:26.767 INFO SensorConsumer - [STATS] consumidor=consumidor-07b7cd127114 processadas=218 alertas=27 invalidas=0 particoes=[0]
sensor-consumer-2  | 2026-09-21T22:07:41.062414460Z 2026-09-21 22:07:41.061 INFO SensorConsumer - [STATS] consumidor=consumidor-5f3b04119deb processadas=234 alertas=21 invalidas=0 particoes=[4]
sensor-consumer-3  | 2026-09-21T22:07:31.767264952Z 2026-09-21 22:07:31.766 WARN RegistroAlertas - [ALERTA] sensor=sensor-482f699b5e27 setor=linha-producao particao=0 offset=1808 ATENCAO:energia=636.14(limite=500.00)
sensor-consumer-3  | 2026-09-21T22:07:31.770955456Z 2026-09-21 22:07:31.770 INFO SensorConsumer - [STATS] consumidor=consumidor-07b7cd127114 processadas=228 alertas=28 invalidas=0 particoes=[0]
sensor-consumer-3  | 2026-09-21T22:07:34.774619247Z 2026-09-21 22:07:34.773 WARN RegistroAlertas - [ALERTA] sensor=sensor-482f699b5e27 setor=linha-producao particao=0 offset=1814 ATENCAO:temperatura=88.04(limite=80.00)
sensor-consumer-3  | 2026-09-21T22:07:35.768647187Z 2026-09-21 22:07:35.768 WARN RegistroAlertas - [ALERTA] sensor=sensor-482f699b5e27 setor=linha-producao particao=0 offset=1816 ATENCAO:temperatura=89.71(limite=80.00)
sensor-consumer-3  | 2026-09-21T22:07:37.269315747Z 2026-09-21 22:07:37.267 INFO SensorConsumer - [STATS] consumidor=consumidor-07b7cd127114 processadas=238 alertas=30 invalidas=0 particoes=[0]
sensor-consumer-2  | 2026-09-21T22:07:42.061954724Z 2026-09-21 22:07:42.061 WARN RegistroAlertas - [ALERTA] sensor=sensor-ecea9084327b setor=linha-producao particao=4 offset=1829 ATENCAO:vibracao=8.00(limite=7.00)
sensor-consumer-2  | 2026-09-21T22:07:45.065215730Z 2026-09-21 22:07:45.064 WARN RegistroAlertas - [ALERTA] sensor=sensor-ecea9084327b setor=linha-producao particao=4 offset=1835 CRITICO:temperatura=105.36(limite=80.00)
sensor-consumer-3  | 2026-09-21T22:07:40.772619632Z 2026-09-21 22:07:40.772 WARN RegistroAlertas - [ALERTA] sensor=sensor-482f699b5e27 setor=linha-producao particao=0 offset=1826 ATENCAO:vibracao=11.03(limite=7.00)
sensor-consumer-3  | 2026-09-21T22:07:42.270871990Z 2026-09-21 22:07:42.270 INFO SensorConsumer - [STATS] consumidor=consumidor-07b7cd127114 processadas=249 alertas=31 invalidas=0 particoes=[0]
sensor-consumer-3  | 2026-09-21T22:07:45.276754368Z 2026-09-21 22:07:45.276 WARN RegistroAlertas - [ALERTA] sensor=sensor-482f699b5e27 setor=linha-producao particao=0 offset=1835 ATENCAO:energia=633.60(limite=500.00)
sensor-consumer-3  | 2026-09-21T22:07:45.780877138Z 2026-09-21 22:07:45.780 WARN RegistroAlertas - [ALERTA] sensor=sensor-482f699b5e27 setor=linha-producao particao=0 offset=1836 ATENCAO:energia=647.93(limite=500.00)
sensor-consumer-1  | 2026-09-21T21:56:04.935725901Z 2026-09-21 21:56:04.935 WARN RegistroAlertas - [ALERTA] sensor=sensor-ecea9084327b setor=linha-producao particao=4 offset=436 ATENCAO:energia=668.02(limite=500.00)
sensor-consumer-1  | 2026-09-21T21:56:05.448794505Z 2026-09-21 21:56:05.447 WARN RegistroAlertas - [ALERTA] sensor=sensor-ecea9084327b setor=linha-producao particao=4 offset=437 ATENCAO:vibracao=8.32(limite=7.00)
sensor-consumer-1  | 2026-09-21T21:56:08.937586615Z 2026-09-21 21:56:08.936 INFO SensorConsumer - [STATS] consumidor=consumidor-c0aa95a89b68 processadas=444 alertas=52 invalidas=0 particoes=[1, 4]
sensor-consumer-2  | 2026-09-21T22:07:46.067998413Z 2026-09-21 22:07:46.067 WARN RegistroAlertas - [ALERTA] sensor=sensor-ecea9084327b setor=linha-producao particao=4 offset=1837 ATENCAO:energia=602.99(limite=500.00)
sensor-consumer-2  | 2026-09-21T22:07:46.071029967Z 2026-09-21 22:07:46.070 INFO SensorConsumer - [STATS] consumidor=consumidor-5f3b04119deb processadas=244 alertas=24 invalidas=0 particoes=[4]
sensor-consumer-2  | 2026-09-21T22:07:47.069532191Z 2026-09-21 22:07:47.068 WARN RegistroAlertas - [ALERTA] sensor=sensor-ecea9084327b setor=linha-producao particao=4 offset=1839 ATENCAO:vibracao=9.38(limite=7.00)
sensor-consumer-2  | 2026-09-21T22:07:51.078399832Z 2026-09-21 22:07:51.078 INFO SensorConsumer - [STATS] consumidor=consumidor-5f3b04119deb processadas=254 alertas=25 invalidas=0 particoes=[4]
sensor-consumer-2  | 2026-09-21T22:07:55.071229040Z 2026-09-21 22:07:55.070 WARN RegistroAlertas - [ALERTA] sensor=sensor-ecea9084327b setor=linha-producao particao=4 offset=1855 ATENCAO:vibracao=11.30(limite=7.00)
sensor-consumer-3  | 2026-09-21T22:07:47.275189435Z 2026-09-21 22:07:47.274 INFO SensorConsumer - [STATS] consumidor=consumidor-07b7cd127114 processadas=259 alertas=33 invalidas=0 particoes=[0]
sensor-consumer-3  | 2026-09-21T22:07:47.775335072Z 2026-09-21 22:07:47.775 WARN RegistroAlertas - [ALERTA] sensor=sensor-482f699b5e27 setor=linha-producao particao=0 offset=1840 ATENCAO:vibracao=9.36(limite=7.00)
sensor-consumer-1  | 2026-09-21T21:56:13.945529543Z 2026-09-21 21:56:13.945 INFO SensorConsumer - [STATS] consumidor=consumidor-c0aa95a89b68 processadas=455 alertas=52 invalidas=0 particoes=[1, 4]
sensor-consumer-3  | 2026-09-21T22:07:52.277257269Z 2026-09-21 22:07:52.276 INFO SensorConsumer - [STATS] consumidor=consumidor-07b7cd127114 processadas=275 alertas=34 invalidas=0 particoes=[0]
sensor-consumer-3  | 2026-09-21T22:07:57.283796761Z 2026-09-21 22:07:57.283 INFO SensorConsumer - [STATS] consumidor=consumidor-07b7cd127114 processadas=295 alertas=34 invalidas=0 particoes=[0]
sensor-consumer-3  | 2026-09-21T22:07:59.782622324Z 2026-09-21 22:07:59.782 WARN RegistroAlertas - [ALERTA] sensor=sensor-482f699b5e27 setor=linha-producao particao=0 offset=1885 ATENCAO:temperatura=91.41(limite=80.00)
sensor-consumer-3  | 2026-09-21T22:08:02.286333289Z 2026-09-21 22:08:02.286 INFO SensorConsumer - [STATS] consumidor=consumidor-07b7cd127114 processadas=315 alertas=35 invalidas=0 particoes=[0]
sensor-consumer-2  | 2026-09-21T22:07:56.573078968Z 2026-09-21 22:07:56.572 INFO SensorConsumer - [STATS] consumidor=consumidor-5f3b04119deb processadas=265 alertas=26 invalidas=0 particoes=[4]
sensor-consumer-2  | 2026-09-21T22:07:57.572249147Z 2026-09-21 22:07:57.571 WARN RegistroAlertas - [ALERTA] sensor=sensor-ecea9084327b setor=linha-producao particao=4 offset=1860 ATENCAO:vibracao=10.33(limite=7.00)
sensor-consumer-3  | 2026-09-21T22:08:07.289255838Z 2026-09-21 22:08:07.288 INFO SensorConsumer - [STATS] consumidor=consumidor-07b7cd127114 processadas=335 alertas=35 invalidas=0 particoes=[0]
sensor-consumer-3  | 2026-09-21T22:08:07.793603307Z 2026-09-21 22:08:07.792 WARN RegistroAlertas - [ALERTA] sensor=sensor-482f699b5e27 setor=linha-producao particao=0 offset=1917 ATENCAO:vibracao=8.20(limite=7.00)
sensor-consumer-1  | 2026-09-21T21:56:15.460223619Z 2026-09-21 21:56:15.459 WARN RegistroAlertas - [ALERTA] sensor=sensor-ecea9084327b setor=linha-producao particao=4 offset=457 ATENCAO:vibracao=8.90(limite=7.00)
sensor-consumer-1  | 2026-09-21T21:56:18.960851676Z 2026-09-21 21:56:18.960 WARN RegistroAlertas - [ALERTA] sensor=sensor-ecea9084327b setor=linha-producao particao=4 offset=464 ATENCAO:energia=577.64(limite=500.00)
sensor-consumer-1  | 2026-09-21T21:56:18.967339132Z 2026-09-21 21:56:18.967 INFO SensorConsumer - [STATS] consumidor=consumidor-c0aa95a89b68 processadas=465 alertas=54 invalidas=0 particoes=[1, 4]
sensor-consumer-2  | 2026-09-21T22:07:59.576245651Z 2026-09-21 22:07:59.575 WARN RegistroAlertas - [ALERTA] sensor=sensor-ecea9084327b setor=linha-producao particao=4 offset=1864 ATENCAO:vibracao=9.81(limite=7.00)
sensor-consumer-2  | 2026-09-21T22:08:01.576043296Z 2026-09-21 22:08:01.575 INFO SensorConsumer - [STATS] consumidor=consumidor-5f3b04119deb processadas=275 alertas=28 invalidas=0 particoes=[4]
sensor-consumer-1  | 2026-09-21T21:56:22.460252620Z 2026-09-21 21:56:22.459 WARN RegistroAlertas - [ALERTA] sensor=sensor-ecea9084327b setor=linha-producao particao=4 offset=471 ATENCAO:vibracao=10.29(limite=7.00)
sensor-consumer-1  | 2026-09-21T21:56:24.454957675Z 2026-09-21 21:56:24.454 INFO SensorConsumer - [STATS] consumidor=consumidor-c0aa95a89b68 processadas=475 alertas=55 invalidas=0 particoes=[1, 4]
sensor-consumer-1  | 2026-09-21T21:56:24.957142903Z 2026-09-21 21:56:24.956 WARN RegistroAlertas - [ALERTA] sensor=sensor-ecea9084327b setor=linha-producao particao=4 offset=476 CRITICO:temperatura=105.54(limite=80.00)
sensor-consumer-1  | 2026-09-21T21:56:29.461292608Z 2026-09-21 21:56:29.460 INFO SensorConsumer - [STATS] consumidor=consumidor-c0aa95a89b68 processadas=485 alertas=56 invalidas=0 particoes=[1, 4]
sensor-consumer-2  | 2026-09-21T22:08:06.578124275Z 2026-09-21 22:08:06.577 INFO SensorConsumer - [STATS] consumidor=consumidor-5f3b04119deb processadas=285 alertas=28 invalidas=0 particoes=[4]
sensor-consumer-2  | 2026-09-21T22:08:08.582539655Z 2026-09-21 22:08:08.582 WARN RegistroAlertas - [ALERTA] sensor=sensor-ecea9084327b setor=linha-producao particao=4 offset=1882 ATENCAO:energia=570.27(limite=500.00)
sensor-consumer-1  | 2026-09-21T21:56:30.465617052Z 2026-09-21 21:56:30.465 WARN RegistroAlertas - [ALERTA] sensor=sensor-ecea9084327b setor=linha-producao particao=4 offset=487 ATENCAO:energia=658.42(limite=500.00)
sensor-consumer-2  | 2026-09-21T22:08:11.215483248Z 2026-09-21 22:08:11.215 WARN SensorConsumer - [REBALANCE] consumidor=consumidor-5f3b04119deb PERDEU particoes=[4]
sensor-consumer-2  | 2026-09-21T22:08:11.228591149Z 2026-09-21 22:08:11.227 WARN SensorConsumer - [REBALANCE] consumidor=consumidor-5f3b04119deb RECEBEU particoes=[1, 4]
sensor-consumer-3  | 2026-09-21T22:08:08.018634603Z 2026-09-21 22:08:08.018 WARN RegistroAlertas - [ALERTA] sensor=sensor-006d0edef511 setor=refrigeracao particao=0 offset=1918 ATENCAO:vibracao=10.94(limite=7.00)
sensor-consumer-3  | 2026-09-21T22:08:08.520278127Z 2026-09-21 22:08:08.519 WARN RegistroAlertas - [ALERTA] sensor=sensor-006d0edef511 setor=refrigeracao particao=0 offset=1920 ATENCAO:energia=615.64(limite=500.00)
sensor-consumer-2  | 2026-09-21T22:08:11.585338206Z 2026-09-21 22:08:11.584 INFO SensorConsumer - [STATS] consumidor=consumidor-5f3b04119deb processadas=295 alertas=29 invalidas=0 particoes=[1, 4]
sensor-consumer-2  | 2026-09-21T22:08:14.596903692Z 2026-09-21 22:08:14.593 WARN RegistroAlertas - [ALERTA] sensor=sensor-ecea9084327b setor=linha-producao particao=4 offset=1894 CRITICO:temperatura=109.43(limite=80.00)
sensor-consumer-2  | 2026-09-21T22:08:15.085998663Z 2026-09-21 22:08:15.085 WARN RegistroAlertas - [ALERTA] sensor=sensor-ecea9084327b setor=linha-producao particao=4 offset=1895 ATENCAO:vibracao=8.64(limite=7.00)
sensor-consumer-3  | 2026-09-21T22:08:11.221996895Z 2026-09-21 22:08:11.221 WARN SensorConsumer - [REBALANCE] consumidor=consumidor-07b7cd127114 PERDEU particoes=[0]
sensor-consumer-3  | 2026-09-21T22:08:11.229589833Z 2026-09-21 22:08:11.228 WARN SensorConsumer - [REBALANCE] consumidor=consumidor-07b7cd127114 RECEBEU particoes=[0, 3]
sensor-consumer-1  | 2026-09-21T21:56:31.473164855Z 2026-09-21 21:56:31.472 WARN RegistroAlertas - [ALERTA] sensor=sensor-ecea9084327b setor=linha-producao particao=4 offset=489 ATENCAO:energia=602.61(limite=500.00)
sensor-consumer-1  | 2026-09-21T21:56:34.473337542Z 2026-09-21 21:56:34.472 INFO SensorConsumer - [STATS] consumidor=consumidor-c0aa95a89b68 processadas=496 alertas=58 invalidas=0 particoes=[1, 4]
sensor-consumer-1  | 2026-09-21T21:56:39.473872578Z 2026-09-21 21:56:39.473 INFO SensorConsumer - [STATS] consumidor=consumidor-c0aa95a89b68 processadas=506 alertas=58 invalidas=0 particoes=[1, 4]
sensor-consumer-1  | 2026-09-21T21:56:43.486098783Z 2026-09-21 21:56:43.485 WARN RegistroAlertas - [ALERTA] sensor=sensor-ecea9084327b setor=linha-producao particao=4 offset=513 ATENCAO:energia=567.88(limite=500.00)
sensor-consumer-2  | 2026-09-21T22:08:16.094898024Z 2026-09-21 22:08:16.093 WARN RegistroAlertas - [ALERTA] sensor=sensor-ecea9084327b setor=linha-producao particao=4 offset=1897 ATENCAO:temperatura=99.48(limite=80.00)
sensor-consumer-2  | 2026-09-21T22:08:16.587224934Z 2026-09-21 22:08:16.586 INFO SensorConsumer - [STATS] consumidor=consumidor-5f3b04119deb processadas=305 alertas=32 invalidas=0 particoes=[1, 4]
sensor-consumer-2  | 2026-09-21T22:08:17.591657985Z 2026-09-21 22:08:17.591 WARN RegistroAlertas - [ALERTA] sensor=sensor-ecea9084327b setor=linha-producao particao=4 offset=1900 ATENCAO:energia=550.45(limite=500.00)
sensor-consumer-2  | 2026-09-21T22:08:20.089884254Z 2026-09-21 22:08:20.089 WARN RegistroAlertas - [ALERTA] sensor=sensor-ecea9084327b setor=linha-producao particao=4 offset=1905 ATENCAO:temperatura=85.88(limite=80.00)
sensor-consumer-2  | 2026-09-21T22:08:21.590241128Z 2026-09-21 22:08:21.589 INFO SensorConsumer - [STATS] consumidor=consumidor-5f3b04119deb processadas=315 alertas=34 invalidas=0 particoes=[1, 4]
sensor-consumer-2  | 2026-09-21T22:08:26.594891505Z 2026-09-21 22:08:26.594 INFO SensorConsumer - [STATS] consumidor=consumidor-5f3b04119deb processadas=325 alertas=34 invalidas=0 particoes=[1, 4]
sensor-consumer-2  | 2026-09-21T22:08:31.596673103Z 2026-09-21 22:08:31.595 INFO SensorConsumer - [STATS] consumidor=consumidor-5f3b04119deb processadas=334 alertas=34 invalidas=0 particoes=[1, 4]
sensor-consumer-2  | 2026-09-21T22:08:36.603444024Z 2026-09-21 22:08:36.602 INFO SensorConsumer - [STATS] consumidor=consumidor-5f3b04119deb processadas=345 alertas=34 invalidas=0 particoes=[1, 4]
sensor-consumer-2  | 2026-09-21T22:08:40.113385609Z 2026-09-21 22:08:40.112 WARN RegistroAlertas - [ALERTA] sensor=sensor-ecea9084327b setor=linha-producao particao=4 offset=1945 ATENCAO:vibracao=11.58(limite=7.00)
sensor-consumer-2  | 2026-09-21T22:08:40.606244913Z 2026-09-21 22:08:40.605 WARN RegistroAlertas - [ALERTA] sensor=sensor-ecea9084327b setor=linha-producao particao=4 offset=1946 ATENCAO:energia=699.19(limite=500.00)
sensor-consumer-2  | 2026-09-21T22:08:41.603788211Z 2026-09-21 22:08:41.603 INFO SensorConsumer - [STATS] consumidor=consumidor-5f3b04119deb processadas=355 alertas=36 invalidas=0 particoes=[1, 4]
sensor-consumer-2  | 2026-09-21T22:08:45.614765749Z 2026-09-21 22:08:45.613 WARN RegistroAlertas - [ALERTA] sensor=sensor-ecea9084327b setor=linha-producao particao=4 offset=1956 ATENCAO:vibracao=11.49(limite=7.00)
sensor-consumer-3  | 2026-09-21T22:08:11.300484886Z 2026-09-21 22:08:11.298 WARN RegistroAlertas - [ALERTA] sensor=sensor-9caa6b672dc8 setor=linha-producao particao=3 offset=1929 ATENCAO:energia=555.33(limite=500.00)
sensor-consumer-3  | 2026-09-21T22:08:12.293319256Z 2026-09-21 22:08:12.292 INFO SensorConsumer - [STATS] consumidor=consumidor-07b7cd127114 processadas=355 alertas=39 invalidas=0 particoes=[0, 3]
sensor-consumer-3  | 2026-09-21T22:08:13.795167369Z 2026-09-21 22:08:13.794 WARN RegistroAlertas - [ALERTA] sensor=sensor-482f699b5e27 setor=linha-producao particao=0 offset=1933 ATENCAO:energia=672.05(limite=500.00)
sensor-consumer-1  | 2026-09-21T21:56:44.486033283Z 2026-09-21 21:56:44.485 INFO SensorConsumer - [STATS] consumidor=consumidor-c0aa95a89b68 processadas=516 alertas=59 invalidas=0 particoes=[1, 4]
sensor-consumer-1  | 2026-09-21T21:56:49.491743688Z 2026-09-21 21:56:49.491 INFO SensorConsumer - [STATS] consumidor=consumidor-c0aa95a89b68 processadas=526 alertas=59 invalidas=0 particoes=[1, 4]
sensor-consumer-3  | 2026-09-21T22:08:15.311950336Z 2026-09-21 22:08:15.310 WARN RegistroAlertas - [ALERTA] sensor=sensor-482f699b5e27 setor=linha-producao particao=0 offset=1936 ATENCAO:energia=604.98(limite=500.00)
sensor-consumer-3  | 2026-09-21T22:08:16.820290459Z 2026-09-21 22:08:16.819 WARN RegistroAlertas - [ALERTA] sensor=sensor-9caa6b672dc8 setor=linha-producao particao=3 offset=1941 ATENCAO:vibracao=9.50(limite=7.00)
sensor-consumer-3  | 2026-09-21T22:08:17.308797153Z 2026-09-21 22:08:17.307 INFO SensorConsumer - [STATS] consumidor=consumidor-07b7cd127114 processadas=375 alertas=42 invalidas=0 particoes=[0, 3]
sensor-consumer-3  | 2026-09-21T22:08:19.316422654Z 2026-09-21 22:08:19.315 WARN RegistroAlertas - [ALERTA] sensor=sensor-482f699b5e27 setor=linha-producao particao=0 offset=1944 CRITICO:temperatura=100.31(limite=80.00)
sensor-consumer-3  | 2026-09-21T22:08:19.333970802Z 2026-09-21 22:08:19.333 WARN RegistroAlertas - [ALERTA] sensor=sensor-9caa6b672dc8 setor=linha-producao particao=3 offset=1946 ATENCAO:energia=615.76(limite=500.00)
sensor-consumer-3  | 2026-09-21T22:08:20.304101824Z 2026-09-21 22:08:20.303 WARN RegistroAlertas - [ALERTA] sensor=sensor-482f699b5e27 setor=linha-producao particao=0 offset=1946 ATENCAO:vibracao=10.64(limite=7.00)
sensor-consumer-1  | 2026-09-21T21:56:53.492668629Z 2026-09-21 21:56:53.492 WARN RegistroAlertas - [ALERTA] sensor=sensor-ecea9084327b setor=linha-producao particao=4 offset=533 ATENCAO:vibracao=8.53(limite=7.00)
sensor-consumer-1  | 2026-09-21T21:56:53.995151177Z 2026-09-21 21:56:53.994 WARN RegistroAlertas - [ALERTA] sensor=sensor-ecea9084327b setor=linha-producao particao=4 offset=534 ATENCAO:vibracao=9.07(limite=7.00)
sensor-consumer-1  | 2026-09-21T21:56:54.494232276Z 2026-09-21 21:56:54.493 INFO SensorConsumer - [STATS] consumidor=consumidor-c0aa95a89b68 processadas=536 alertas=61 invalidas=0 particoes=[1, 4]
sensor-consumer-1  | 2026-09-21T21:56:59.497422983Z 2026-09-21 21:56:59.497 INFO SensorConsumer - [STATS] consumidor=consumidor-c0aa95a89b68 processadas=546 alertas=61 invalidas=0 particoes=[1, 4]
sensor-consumer-1  | 2026-09-21T21:57:04.514632936Z 2026-09-21 21:57:04.513 INFO SensorConsumer - [STATS] consumidor=consumidor-c0aa95a89b68 processadas=556 alertas=61 invalidas=0 particoes=[1, 4]
sensor-consumer-1  | 2026-09-21T21:57:09.523451486Z 2026-09-21 21:57:09.522 INFO SensorConsumer - [STATS] consumidor=consumidor-c0aa95a89b68 processadas=566 alertas=61 invalidas=0 particoes=[1, 4]
sensor-consumer-3  | 2026-09-21T22:08:20.322345528Z 2026-09-21 22:08:20.321 WARN RegistroAlertas - [ALERTA] sensor=sensor-9caa6b672dc8 setor=linha-producao particao=3 offset=1948 ATENCAO:energia=684.52(limite=500.00)
sensor-consumer-3  | 2026-09-21T22:08:20.803620227Z 2026-09-21 22:08:20.803 WARN RegistroAlertas - [ALERTA] sensor=sensor-482f699b5e27 setor=linha-producao particao=0 offset=1947 ATENCAO:vibracao=9.46(limite=7.00)
sensor-consumer-3  | 2026-09-21T22:08:22.309612066Z 2026-09-21 22:08:22.308 INFO SensorConsumer - [STATS] consumidor=consumidor-07b7cd127114 processadas=395 alertas=47 invalidas=0 particoes=[0, 3]
sensor-consumer-3  | 2026-09-21T22:08:26.836955731Z 2026-09-21 22:08:26.836 WARN RegistroAlertas - [ALERTA] sensor=sensor-9caa6b672dc8 setor=linha-producao particao=3 offset=1961 ATENCAO:energia=645.90(limite=500.00)
sensor-consumer-3  | 2026-09-21T22:08:27.323426576Z 2026-09-21 22:08:27.323 INFO SensorConsumer - [STATS] consumidor=consumidor-07b7cd127114 processadas=416 alertas=48 invalidas=0 particoes=[0, 3]
sensor-consumer-3  | 2026-09-21T22:08:28.807697559Z 2026-09-21 22:08:28.807 WARN RegistroAlertas - [ALERTA] sensor=sensor-482f699b5e27 setor=linha-producao particao=0 offset=1963 ATENCAO:energia=636.99(limite=500.00)
sensor-consumer-3  | 2026-09-21T22:08:30.825802385Z 2026-09-21 22:08:30.825 WARN RegistroAlertas - [ALERTA] sensor=sensor-9caa6b672dc8 setor=linha-producao particao=3 offset=1969 ATENCAO:energia=615.11(limite=500.00)
sensor-consumer-3  | 2026-09-21T22:08:31.831206136Z 2026-09-21 22:08:31.830 WARN RegistroAlertas - [ALERTA] sensor=sensor-9caa6b672dc8 setor=linha-producao particao=3 offset=1971 ATENCAO:temperatura=94.68(limite=80.00)
sensor-consumer-3  | 2026-09-21T22:08:32.328971505Z 2026-09-21 22:08:32.328 INFO SensorConsumer - [STATS] consumidor=consumidor-07b7cd127114 processadas=436 alertas=51 invalidas=0 particoes=[0, 3]
sensor-consumer-1  | 2026-09-21T21:57:15.018409885Z 2026-09-21 21:57:15.017 INFO SensorConsumer - [STATS] consumidor=consumidor-c0aa95a89b68 processadas=576 alertas=61 invalidas=0 particoes=[1, 4]
sensor-consumer-1  | 2026-09-21T21:57:20.028594474Z 2026-09-21 21:57:20.027 WARN RegistroAlertas - [ALERTA] sensor=sensor-ecea9084327b setor=linha-producao particao=4 offset=586 ATENCAO:vibracao=11.83(limite=7.00)
sensor-consumer-1  | 2026-09-21T21:57:20.032425190Z 2026-09-21 21:57:20.031 INFO SensorConsumer - [STATS] consumidor=consumidor-c0aa95a89b68 processadas=587 alertas=62 invalidas=0 particoes=[1, 4]
sensor-consumer-3  | 2026-09-21T22:08:34.832273058Z 2026-09-21 22:08:34.831 WARN RegistroAlertas - [ALERTA] sensor=sensor-9caa6b672dc8 setor=linha-producao particao=3 offset=1977 ATENCAO:energia=694.23(limite=500.00)
sensor-consumer-3  | 2026-09-21T22:08:35.313330128Z 2026-09-21 22:08:35.312 WARN RegistroAlertas - [ALERTA] sensor=sensor-482f699b5e27 setor=linha-producao particao=0 offset=1976 CRITICO:temperatura=109.84(limite=80.00)
sensor-consumer-3  | 2026-09-21T22:08:35.814325766Z 2026-09-21 22:08:35.813 WARN RegistroAlertas - [ALERTA] sensor=sensor-482f699b5e27 setor=linha-producao particao=0 offset=1977 ATENCAO:temperatura=94.16(limite=80.00)
sensor-consumer-1  | 2026-09-21T21:57:25.033637046Z 2026-09-21 21:57:25.033 INFO SensorConsumer - [STATS] consumidor=consumidor-c0aa95a89b68 processadas=597 alertas=62 invalidas=0 particoes=[1, 4]
sensor-consumer-1  | 2026-09-21T21:57:29.536907005Z 2026-09-21 21:57:29.536 WARN RegistroAlertas - [ALERTA] sensor=sensor-ecea9084327b setor=linha-producao particao=4 offset=605 ATENCAO:vibracao=11.04(limite=7.00)
sensor-consumer-1  | 2026-09-21T21:57:30.041682891Z 2026-09-21 21:57:30.041 INFO SensorConsumer - [STATS] consumidor=consumidor-c0aa95a89b68 processadas=607 alertas=63 invalidas=0 particoes=[1, 4]
sensor-consumer-1  | 2026-09-21T21:57:34.557136648Z 2026-09-21 21:57:34.556 WARN RegistroAlertas - [ALERTA] sensor=sensor-ecea9084327b setor=linha-producao particao=4 offset=615 ATENCAO:temperatura=86.01(limite=80.00)
sensor-consumer-1  | 2026-09-21T21:57:35.048078702Z 2026-09-21 21:57:35.047 INFO SensorConsumer - [STATS] consumidor=consumidor-c0aa95a89b68 processadas=617 alertas=64 invalidas=0 particoes=[1, 4]
sensor-consumer-1  | 2026-09-21T21:57:40.060663433Z 2026-09-21 21:57:40.058 INFO SensorConsumer - [STATS] consumidor=consumidor-c0aa95a89b68 processadas=627 alertas=64 invalidas=0 particoes=[1, 4]
sensor-consumer-1  | 2026-09-21T21:57:45.056799962Z 2026-09-21 21:57:45.056 WARN RegistroAlertas - [ALERTA] sensor=sensor-ecea9084327b setor=linha-producao particao=4 offset=636 ATENCAO:temperatura=91.44(limite=80.00)
sensor-consumer-1  | 2026-09-21T21:57:45.059630529Z 2026-09-21 21:57:45.059 INFO SensorConsumer - [STATS] consumidor=consumidor-c0aa95a89b68 processadas=637 alertas=65 invalidas=0 particoes=[1, 4]
sensor-consumer-1  | 2026-09-21T21:57:47.061082901Z 2026-09-21 21:57:47.060 WARN RegistroAlertas - [ALERTA] sensor=sensor-ecea9084327b setor=linha-producao particao=4 offset=640 ATENCAO:vibracao=10.94(limite=7.00)
sensor-consumer-1  | 2026-09-21T21:57:50.062495086Z 2026-09-21 21:57:50.061 INFO SensorConsumer - [STATS] consumidor=consumidor-c0aa95a89b68 processadas=647 alertas=66 invalidas=0 particoes=[1, 4]
sensor-consumer-1  | 2026-09-21T21:57:53.061230083Z 2026-09-21 21:57:53.060 WARN RegistroAlertas - [ALERTA] sensor=sensor-ecea9084327b setor=linha-producao particao=4 offset=652 ATENCAO:energia=695.11(limite=500.00)
sensor-consumer-1  | 2026-09-21T21:57:55.064508491Z 2026-09-21 21:57:55.064 INFO SensorConsumer - [STATS] consumidor=consumidor-c0aa95a89b68 processadas=657 alertas=67 invalidas=0 particoes=[1, 4]
sensor-consumer-1  | 2026-09-21T21:57:59.580457634Z 2026-09-21 21:57:59.579 WARN RegistroAlertas - [ALERTA] sensor=sensor-ecea9084327b setor=linha-producao particao=4 offset=665 ATENCAO:vibracao=10.07(limite=7.00)
sensor-consumer-1  | 2026-09-21T21:58:00.068500444Z 2026-09-21 21:58:00.068 WARN RegistroAlertas - [ALERTA] sensor=sensor-ecea9084327b setor=linha-producao particao=4 offset=666 ATENCAO:temperatura=88.75(limite=80.00)
sensor-consumer-1  | 2026-09-21T21:58:00.070604852Z 2026-09-21 21:58:00.070 INFO SensorConsumer - [STATS] consumidor=consumidor-c0aa95a89b68 processadas=667 alertas=69 invalidas=0 particoes=[1, 4]
sensor-consumer-1  | 2026-09-21T21:58:05.072088388Z 2026-09-21 21:58:05.071 INFO SensorConsumer - [STATS] consumidor=consumidor-c0aa95a89b68 processadas=677 alertas=69 invalidas=0 particoes=[1, 4]
sensor-consumer-2  | 2026-09-21T22:08:46.611603288Z 2026-09-21 22:08:46.610 INFO SensorConsumer - [STATS] consumidor=consumidor-5f3b04119deb processadas=365 alertas=37 invalidas=0 particoes=[1, 4]
sensor-consumer-2  | 2026-09-21T22:08:51.611541078Z 2026-09-21 22:08:51.611 INFO SensorConsumer - [STATS] consumidor=consumidor-5f3b04119deb processadas=375 alertas=37 invalidas=0 particoes=[1, 4]
sensor-consumer-1  | 2026-09-21T21:58:06.072360493Z 2026-09-21 21:58:06.072 WARN RegistroAlertas - [ALERTA] sensor=sensor-ecea9084327b setor=linha-producao particao=4 offset=678 ATENCAO:temperatura=92.20(limite=80.00)
sensor-consumer-1  | 2026-09-21T21:58:10.077245085Z 2026-09-21 21:58:10.076 INFO SensorConsumer - [STATS] consumidor=consumidor-c0aa95a89b68 processadas=686 alertas=70 invalidas=0 particoes=[1, 4]
sensor-consumer-1  | 2026-09-21T21:58:15.080656958Z 2026-09-21 21:58:15.080 INFO SensorConsumer - [STATS] consumidor=consumidor-c0aa95a89b68 processadas=697 alertas=70 invalidas=0 particoes=[1, 4]
sensor-consumer-1  | 2026-09-21T21:58:15.582246564Z 2026-09-21 21:58:15.581 WARN RegistroAlertas - [ALERTA] sensor=sensor-ecea9084327b setor=linha-producao particao=4 offset=697 ATENCAO:energia=669.79(limite=500.00)
sensor-consumer-1  | 2026-09-21T21:58:20.091749581Z 2026-09-21 21:58:20.091 INFO SensorConsumer - [STATS] consumidor=consumidor-c0aa95a89b68 processadas=707 alertas=71 invalidas=0 particoes=[1, 4]
sensor-consumer-1  | 2026-09-21T21:58:25.591065284Z 2026-09-21 21:58:25.590 INFO SensorConsumer - [STATS] consumidor=consumidor-c0aa95a89b68 processadas=717 alertas=71 invalidas=0 particoes=[1, 4]
sensor-consumer-1  | 2026-09-21T21:58:29.598152563Z 2026-09-21 21:58:29.597 WARN RegistroAlertas - [ALERTA] sensor=sensor-ecea9084327b setor=linha-producao particao=4 offset=725 ATENCAO:energia=627.19(limite=500.00)
sensor-consumer-3  | 2026-09-21T22:08:36.316004262Z 2026-09-21 22:08:36.315 WARN RegistroAlertas - [ALERTA] sensor=sensor-482f699b5e27 setor=linha-producao particao=0 offset=1978 ATENCAO:temperatura=92.46(limite=80.00)
sensor-consumer-3  | 2026-09-21T22:08:36.335411387Z 2026-09-21 22:08:36.334 WARN RegistroAlertas - [ALERTA] sensor=sensor-9caa6b672dc8 setor=linha-producao particao=3 offset=1980 ATENCAO:energia=648.05(limite=500.00)
sensor-consumer-3  | 2026-09-21T22:08:37.332294637Z 2026-09-21 22:08:37.331 INFO SensorConsumer - [STATS] consumidor=consumidor-07b7cd127114 processadas=456 alertas=56 invalidas=0 particoes=[0, 3]
sensor-consumer-3  | 2026-09-21T22:08:40.315566153Z 2026-09-21 22:08:40.315 WARN RegistroAlertas - [ALERTA] sensor=sensor-482f699b5e27 setor=linha-producao particao=0 offset=1986 ATENCAO:vibracao=8.15(limite=7.00)
sensor-consumer-2  | 2026-09-21T22:08:52.623125433Z 2026-09-21 22:08:52.622 WARN RegistroAlertas - [ALERTA] sensor=sensor-ecea9084327b setor=linha-producao particao=4 offset=1970 ATENCAO:vibracao=11.73(limite=7.00)
sensor-consumer-2  | 2026-09-21T22:08:54.112982340Z 2026-09-21 22:08:54.112 WARN RegistroAlertas - [ALERTA] sensor=sensor-ecea9084327b setor=linha-producao particao=4 offset=1973 CRITICO:temperatura=104.39(limite=80.00)
sensor-consumer-2  | 2026-09-21T22:08:56.621040709Z 2026-09-21 22:08:56.620 INFO SensorConsumer - [STATS] consumidor=consumidor-5f3b04119deb processadas=385 alertas=39 invalidas=0 particoes=[1, 4]
sensor-consumer-3  | 2026-09-21T22:08:42.337970939Z 2026-09-21 22:08:42.337 INFO SensorConsumer - [STATS] consumidor=consumidor-07b7cd127114 processadas=476 alertas=57 invalidas=0 particoes=[0, 3]
sensor-consumer-3  | 2026-09-21T22:08:45.821790598Z 2026-09-21 22:08:45.821 WARN RegistroAlertas - [ALERTA] sensor=sensor-482f699b5e27 setor=linha-producao particao=0 offset=1997 ATENCAO:temperatura=91.06(limite=80.00)
sensor-consumer-3  | 2026-09-21T22:08:47.351463191Z 2026-09-21 22:08:47.350 WARN RegistroAlertas - [ALERTA] sensor=sensor-9caa6b672dc8 setor=linha-producao particao=3 offset=2002 CRITICO:temperatura=109.11(limite=80.00)
sensor-consumer-3  | 2026-09-21T22:08:47.356571919Z 2026-09-21 22:08:47.355 INFO SensorConsumer - [STATS] consumidor=consumidor-07b7cd127114 processadas=496 alertas=59 invalidas=0 particoes=[0, 3]
sensor-consumer-3  | 2026-09-21T22:08:48.845248014Z 2026-09-21 22:08:48.844 WARN RegistroAlertas - [ALERTA] sensor=sensor-9caa6b672dc8 setor=linha-producao particao=3 offset=2005 ATENCAO:energia=649.87(limite=500.00)
sensor-consumer-3  | 2026-09-21T22:08:49.828918461Z 2026-09-21 22:08:49.826 WARN RegistroAlertas - [ALERTA] sensor=sensor-482f699b5e27 setor=linha-producao particao=0 offset=2005 ATENCAO:temperatura=86.41(limite=80.00)
sensor-consumer-3  | 2026-09-21T22:08:50.347118315Z 2026-09-21 22:08:50.346 WARN RegistroAlertas - [ALERTA] sensor=sensor-9caa6b672dc8 setor=linha-producao particao=3 offset=2008 ATENCAO:vibracao=11.03(limite=7.00)
sensor-consumer-3  | 2026-09-21T22:08:52.345675688Z 2026-09-21 22:08:52.345 WARN RegistroAlertas - [ALERTA] sensor=sensor-9caa6b672dc8 setor=linha-producao particao=3 offset=2012 ATENCAO:vibracao=9.87(limite=7.00)
sensor-consumer-2  | 2026-09-21T22:09:01.621664518Z 2026-09-21 22:09:01.621 INFO SensorConsumer - [STATS] consumidor=consumidor-5f3b04119deb processadas=395 alertas=39 invalidas=0 particoes=[1, 4]
sensor-consumer-2  | 2026-09-21T22:09:02.127889925Z 2026-09-21 22:09:02.126 WARN RegistroAlertas - [ALERTA] sensor=sensor-ecea9084327b setor=linha-producao particao=4 offset=1989 ATENCAO:vibracao=11.36(limite=7.00)
sensor-consumer-1  | 2026-09-21T21:58:30.598406035Z 2026-09-21 21:58:30.598 INFO SensorConsumer - [STATS] consumidor=consumidor-c0aa95a89b68 processadas=728 alertas=72 invalidas=0 particoes=[1, 4]
sensor-consumer-1  | 2026-09-21T21:58:35.600976894Z 2026-09-21 21:58:35.600 INFO SensorConsumer - [STATS] consumidor=consumidor-c0aa95a89b68 processadas=737 alertas=72 invalidas=0 particoes=[1, 4]
sensor-consumer-1  | 2026-09-21T21:58:39.608332321Z 2026-09-21 21:58:39.607 WARN RegistroAlertas - [ALERTA] sensor=sensor-ecea9084327b setor=linha-producao particao=4 offset=745 ATENCAO:energia=670.22(limite=500.00)
sensor-consumer-1  | 2026-09-21T21:58:40.107269999Z 2026-09-21 21:58:40.106 WARN RegistroAlertas - [ALERTA] sensor=sensor-ecea9084327b setor=linha-producao particao=4 offset=746 ATENCAO:energia=554.76(limite=500.00)
sensor-consumer-1  | 2026-09-21T21:58:40.610920712Z 2026-09-21 21:58:40.610 INFO SensorConsumer - [STATS] consumidor=consumidor-c0aa95a89b68 processadas=748 alertas=74 invalidas=0 particoes=[1, 4]
sensor-consumer-1  | 2026-09-21T21:58:41.107569879Z 2026-09-21 21:58:41.107 WARN RegistroAlertas - [ALERTA] sensor=sensor-ecea9084327b setor=linha-producao particao=4 offset=748 ATENCAO:vibracao=10.58(limite=7.00)
sensor-consumer-1  | 2026-09-21T21:58:41.607484847Z 2026-09-21 21:58:41.607 WARN RegistroAlertas - [ALERTA] sensor=sensor-ecea9084327b setor=linha-producao particao=4 offset=749 ATENCAO:energia=642.55(limite=500.00)
sensor-consumer-1  | 2026-09-21T21:58:44.612759091Z 2026-09-21 21:58:44.612 WARN RegistroAlertas - [ALERTA] sensor=sensor-ecea9084327b setor=linha-producao particao=4 offset=755 ATENCAO:energia=573.60(limite=500.00)
sensor-consumer-1  | 2026-09-21T21:58:45.625421112Z 2026-09-21 21:58:45.624 INFO SensorConsumer - [STATS] consumidor=consumidor-c0aa95a89b68 processadas=758 alertas=77 invalidas=0 particoes=[1, 4]
sensor-consumer-1  | 2026-09-21T21:58:51.121629950Z 2026-09-21 21:58:51.121 INFO SensorConsumer - [STATS] consumidor=consumidor-c0aa95a89b68 processadas=769 alertas=77 invalidas=0 particoes=[1, 4]
sensor-consumer-3  | 2026-09-21T22:08:52.825211445Z 2026-09-21 22:08:52.824 INFO SensorConsumer - [STATS] consumidor=consumidor-07b7cd127114 processadas=517 alertas=63 invalidas=0 particoes=[0, 3]
sensor-consumer-3  | 2026-09-21T22:08:55.347934967Z 2026-09-21 22:08:55.347 WARN RegistroAlertas - [ALERTA] sensor=sensor-9caa6b672dc8 setor=linha-producao particao=3 offset=2018 ATENCAO:energia=680.52(limite=500.00)
sensor-consumer-1  | 2026-09-21T21:58:51.620485471Z 2026-09-21 21:58:51.620 WARN RegistroAlertas - [ALERTA] sensor=sensor-ecea9084327b setor=linha-producao particao=4 offset=769 ATENCAO:vibracao=11.41(limite=7.00)
sensor-consumer-1  | 2026-09-21T21:58:52.618786580Z 2026-09-21 21:58:52.618 WARN RegistroAlertas - [ALERTA] sensor=sensor-ecea9084327b setor=linha-producao particao=4 offset=771 ATENCAO:vibracao=10.06(limite=7.00)
sensor-consumer-1  | 2026-09-21T21:58:56.622622211Z 2026-09-21 21:58:56.621 INFO SensorConsumer - [STATS] consumidor=consumidor-c0aa95a89b68 processadas=776 alertas=79 invalidas=0 particoes=[1, 4]
sensor-consumer-1  | 2026-09-21T21:59:01.632733424Z 2026-09-21 21:59:01.632 INFO SensorConsumer - [STATS] consumidor=consumidor-c0aa95a89b68 processadas=776 alertas=79 invalidas=0 particoes=[1, 4]
sensor-consumer-3  | 2026-09-21T22:08:57.839838209Z 2026-09-21 22:08:57.838 INFO SensorConsumer - [STATS] consumidor=consumidor-07b7cd127114 processadas=537 alertas=64 invalidas=0 particoes=[0, 3]
sensor-consumer-3  | 2026-09-21T22:09:02.857081310Z 2026-09-21 22:09:02.856 INFO SensorConsumer - [STATS] consumidor=consumidor-07b7cd127114 processadas=558 alertas=64 invalidas=0 particoes=[0, 3]
sensor-consumer-3  | 2026-09-21T22:09:03.836677084Z 2026-09-21 22:09:03.836 WARN RegistroAlertas - [ALERTA] sensor=sensor-482f699b5e27 setor=linha-producao particao=0 offset=2033 ATENCAO:vibracao=10.42(limite=7.00)
sensor-consumer-3  | 2026-09-21T22:09:04.358217690Z 2026-09-21 22:09:04.357 WARN RegistroAlertas - [ALERTA] sensor=sensor-9caa6b672dc8 setor=linha-producao particao=3 offset=2036 ATENCAO:vibracao=11.57(limite=7.00)
sensor-consumer-3  | 2026-09-21T22:09:05.357366922Z 2026-09-21 22:09:05.356 WARN RegistroAlertas - [ALERTA] sensor=sensor-9caa6b672dc8 setor=linha-producao particao=3 offset=2038 ATENCAO:energia=599.08(limite=500.00)
sensor-consumer-3  | 2026-09-21T22:09:06.340526214Z 2026-09-21 22:09:06.339 WARN RegistroAlertas - [ALERTA] sensor=sensor-482f699b5e27 setor=linha-producao particao=0 offset=2038 CRITICO:temperatura=102.39(limite=80.00)
sensor-consumer-3  | 2026-09-21T22:09:07.858358212Z 2026-09-21 22:09:07.857 INFO SensorConsumer - [STATS] consumidor=consumidor-07b7cd127114 processadas=578 alertas=68 invalidas=0 particoes=[0, 3]
sensor-consumer-3  | 2026-09-21T22:09:08.840988660Z 2026-09-21 22:09:08.840 WARN RegistroAlertas - [ALERTA] sensor=sensor-482f699b5e27 setor=linha-producao particao=0 offset=2043 ATENCAO:vibracao=10.50(limite=7.00)
sensor-consumer-3  | 2026-09-21T22:09:12.864034315Z 2026-09-21 22:09:12.863 INFO SensorConsumer - [STATS] consumidor=consumidor-07b7cd127114 processadas=598 alertas=69 invalidas=0 particoes=[0, 3]
sensor-consumer-1  | 2026-09-21T21:59:06.642870012Z 2026-09-21 21:59:06.642 INFO SensorConsumer - [STATS] consumidor=consumidor-c0aa95a89b68 processadas=776 alertas=79 invalidas=0 particoes=[1, 4]
sensor-consumer-1  | 2026-09-21T21:59:07.916191863Z 2026-09-21 21:59:07.915 WARN RegistroAlertas - [ALERTA] sensor=sensor-ecea9084327b setor=linha-producao particao=4 offset=784 CRITICO:temperatura=105.16(limite=80.00)
sensor-consumer-1  | 2026-09-21T21:59:08.643462975Z 2026-09-21 21:59:08.642 WARN RegistroAlertas - [ALERTA] sensor=sensor-ecea9084327b setor=linha-producao particao=4 offset=803 ATENCAO:energia=637.53(limite=500.00)
sensor-consumer-1  | 2026-09-21T21:59:11.149315083Z 2026-09-21 21:59:11.148 WARN RegistroAlertas - [ALERTA] sensor=sensor-ecea9084327b setor=linha-producao particao=4 offset=808 ATENCAO:vibracao=8.83(limite=7.00)
sensor-consumer-1  | 2026-09-21T21:59:11.647227716Z 2026-09-21 21:59:11.645 INFO SensorConsumer - [STATS] consumidor=consumidor-c0aa95a89b68 processadas=810 alertas=82 invalidas=0 particoes=[1, 4]
sensor-consumer-1  | 2026-09-21T21:59:13.646645344Z 2026-09-21 21:59:13.645 WARN RegistroAlertas - [ALERTA] sensor=sensor-ecea9084327b setor=linha-producao particao=4 offset=813 ATENCAO:vibracao=8.87(limite=7.00)
sensor-consumer-1  | 2026-09-21T21:59:16.648341418Z 2026-09-21 21:59:16.648 INFO SensorConsumer - [STATS] consumidor=consumidor-c0aa95a89b68 processadas=820 alertas=83 invalidas=0 particoes=[1, 4]
sensor-consumer-2  | 2026-09-21T22:09:05.629231905Z 2026-09-21 22:09:05.628 WARN RegistroAlertas - [ALERTA] sensor=sensor-ecea9084327b setor=linha-producao particao=4 offset=1996 ATENCAO:temperatura=88.27(limite=80.00)
sensor-consumer-2  | 2026-09-21T22:09:06.624081276Z 2026-09-21 22:09:06.623 INFO SensorConsumer - [STATS] consumidor=consumidor-5f3b04119deb processadas=405 alertas=41 invalidas=0 particoes=[1, 4]
sensor-consumer-2  | 2026-09-21T22:09:07.627811292Z 2026-09-21 22:09:07.627 WARN RegistroAlertas - [ALERTA] sensor=sensor-ecea9084327b setor=linha-producao particao=4 offset=2000 ATENCAO:energia=610.55(limite=500.00)
sensor-consumer-2  | 2026-09-21T22:09:11.627375401Z 2026-09-21 22:09:11.627 INFO SensorConsumer - [STATS] consumidor=consumidor-5f3b04119deb processadas=415 alertas=42 invalidas=0 particoes=[1, 4]
sensor-consumer-1  | 2026-09-21T21:59:22.150642174Z 2026-09-21 21:59:22.148 INFO SensorConsumer - [STATS] consumidor=consumidor-c0aa95a89b68 processadas=831 alertas=83 invalidas=0 particoes=[1, 4]
sensor-consumer-1  | 2026-09-21T21:59:27.148513282Z 2026-09-21 21:59:27.148 INFO SensorConsumer - [STATS] consumidor=consumidor-c0aa95a89b68 processadas=841 alertas=83 invalidas=0 particoes=[1, 4]
sensor-consumer-1  | 2026-09-21T21:59:29.650832987Z 2026-09-21 21:59:29.650 WARN RegistroAlertas - [ALERTA] sensor=sensor-ecea9084327b setor=linha-producao particao=4 offset=845 ATENCAO:energia=592.88(limite=500.00)
sensor-consumer-1  | 2026-09-21T21:59:31.153517023Z 2026-09-21 21:59:31.153 WARN RegistroAlertas - [ALERTA] sensor=sensor-ecea9084327b setor=linha-producao particao=4 offset=848 ATENCAO:temperatura=93.73(limite=80.00)
sensor-consumer-2  | 2026-09-21T22:09:16.632769093Z 2026-09-21 22:09:16.632 INFO SensorConsumer - [STATS] consumidor=consumidor-5f3b04119deb processadas=425 alertas=42 invalidas=0 particoes=[1, 4]
sensor-consumer-1  | 2026-09-21T21:59:32.152445129Z 2026-09-21 21:59:32.152 INFO SensorConsumer - [STATS] consumidor=consumidor-c0aa95a89b68 processadas=851 alertas=85 invalidas=0 particoes=[1, 4]
sensor-consumer-1  | 2026-09-21T21:59:32.653468919Z 2026-09-21 21:59:32.653 WARN RegistroAlertas - [ALERTA] sensor=sensor-ecea9084327b setor=linha-producao particao=4 offset=851 ATENCAO:temperatura=89.79(limite=80.00)
sensor-consumer-1  | 2026-09-21T21:59:33.667106817Z 2026-09-21 21:59:33.666 WARN RegistroAlertas - [ALERTA] sensor=sensor-ecea9084327b setor=linha-producao particao=4 offset=853 ATENCAO:vibracao=11.07(limite=7.00)
sensor-consumer-1  | 2026-09-21T21:59:37.158323982Z 2026-09-21 21:59:37.157 INFO SensorConsumer - [STATS] consumidor=consumidor-c0aa95a89b68 processadas=861 alertas=87 invalidas=0 particoes=[1, 4]
sensor-consumer-1  | 2026-09-21T21:59:42.175115422Z 2026-09-21 21:59:42.174 INFO SensorConsumer - [STATS] consumidor=consumidor-c0aa95a89b68 processadas=871 alertas=87 invalidas=0 particoes=[1, 4]
sensor-consumer-1  | 2026-09-21T21:59:47.167678798Z 2026-09-21 21:59:47.167 WARN RegistroAlertas - [ALERTA] sensor=sensor-ecea9084327b setor=linha-producao particao=4 offset=880 ATENCAO:energia=663.34(limite=500.00)
sensor-consumer-1  | 2026-09-21T21:59:47.676671522Z 2026-09-21 21:59:47.676 INFO SensorConsumer - [STATS] consumidor=consumidor-c0aa95a89b68 processadas=882 alertas=88 invalidas=0 particoes=[1, 4]
sensor-consumer-1  | 2026-09-21T21:59:48.171610833Z 2026-09-21 21:59:48.171 WARN RegistroAlertas - [ALERTA] sensor=sensor-ecea9084327b setor=linha-producao particao=4 offset=882 ATENCAO:vibracao=10.68(limite=7.00)
sensor-consumer-1  | 2026-09-21T21:59:49.168103325Z 2026-09-21 21:59:49.167 WARN RegistroAlertas - [ALERTA] sensor=sensor-ecea9084327b setor=linha-producao particao=4 offset=884 ATENCAO:temperatura=93.70(limite=80.00)
sensor-consumer-1  | 2026-09-21T21:59:50.669784582Z 2026-09-21 21:59:50.669 WARN RegistroAlertas - [ALERTA] sensor=sensor-ecea9084327b setor=linha-producao particao=4 offset=887 ATENCAO:temperatura=97.60(limite=80.00)
sensor-consumer-1  | 2026-09-21T21:59:52.683260952Z 2026-09-21 21:59:52.682 INFO SensorConsumer - [STATS] consumidor=consumidor-c0aa95a89b68 processadas=892 alertas=91 invalidas=0 particoes=[1, 4]
sensor-consumer-1  | 2026-09-21T21:59:55.170793546Z 2026-09-21 21:59:55.170 WARN RegistroAlertas - [ALERTA] sensor=sensor-ecea9084327b setor=linha-producao particao=4 offset=896 ATENCAO:vibracao=11.09(limite=7.00)
sensor-consumer-1  | 2026-09-21T21:59:56.677541901Z 2026-09-21 21:59:56.676 WARN RegistroAlertas - [ALERTA] sensor=sensor-ecea9084327b setor=linha-producao particao=4 offset=899 ATENCAO:vibracao=8.15(limite=7.00)
sensor-consumer-1  | 2026-09-21T21:59:57.677188717Z 2026-09-21 21:59:57.676 WARN RegistroAlertas - [ALERTA] sensor=sensor-ecea9084327b setor=linha-producao particao=4 offset=901 ATENCAO:temperatura=99.41(limite=80.00)
sensor-consumer-1  | 2026-09-21T21:59:58.173896997Z 2026-09-21 21:59:58.173 INFO SensorConsumer - [STATS] consumidor=consumidor-c0aa95a89b68 processadas=903 alertas=94 invalidas=0 particoes=[1, 4]
sensor-consumer-1  | 2026-09-21T21:59:59.687026276Z 2026-09-21 21:59:59.686 WARN RegistroAlertas - [ALERTA] sensor=sensor-ecea9084327b setor=linha-producao particao=4 offset=905 CRITICO:temperatura=104.22(limite=80.00)
sensor-consumer-1  | 2026-09-21T22:00:00.676438426Z 2026-09-21 22:00:00.676 WARN RegistroAlertas - [ALERTA] sensor=sensor-ecea9084327b setor=linha-producao particao=4 offset=907 ATENCAO:energia=625.49(limite=500.00)
sensor-consumer-1  | 2026-09-21T22:00:01.677571612Z 2026-09-21 22:00:01.677 WARN RegistroAlertas - [ALERTA] sensor=sensor-ecea9084327b setor=linha-producao particao=4 offset=909 ATENCAO:vibracao=8.66(limite=7.00)
sensor-consumer-1  | 2026-09-21T22:00:03.183532817Z 2026-09-21 22:00:03.182 INFO SensorConsumer - [STATS] consumidor=consumidor-c0aa95a89b68 processadas=912 alertas=97 invalidas=0 particoes=[1, 4]
sensor-consumer-1  | 2026-09-21T22:00:08.193570957Z 2026-09-21 22:00:08.193 INFO SensorConsumer - [STATS] consumidor=consumidor-c0aa95a89b68 processadas=923 alertas=97 invalidas=0 particoes=[1, 4]
sensor-consumer-1  | 2026-09-21T22:00:13.697659866Z 2026-09-21 22:00:13.697 INFO SensorConsumer - [STATS] consumidor=consumidor-c0aa95a89b68 processadas=934 alertas=97 invalidas=0 particoes=[1, 4]
sensor-consumer-1  | 2026-09-21T22:00:19.193852411Z 2026-09-21 22:00:19.193 INFO SensorConsumer - [STATS] consumidor=consumidor-c0aa95a89b68 processadas=945 alertas=97 invalidas=0 particoes=[1, 4]
sensor-consumer-1  | 2026-09-21T22:00:24.193803406Z 2026-09-21 22:00:24.193 INFO SensorConsumer - [STATS] consumidor=consumidor-c0aa95a89b68 processadas=954 alertas=97 invalidas=0 particoes=[1, 4]
sensor-consumer-1  | 2026-09-21T22:00:24.695734388Z 2026-09-21 22:00:24.695 WARN RegistroAlertas - [ALERTA] sensor=sensor-ecea9084327b setor=linha-producao particao=4 offset=955 ATENCAO:vibracao=8.73(limite=7.00)
sensor-consumer-1  | 2026-09-21T22:00:27.196700225Z 2026-09-21 22:00:27.196 WARN RegistroAlertas - [ALERTA] sensor=sensor-ecea9084327b setor=linha-producao particao=4 offset=960 ATENCAO:energia=629.90(limite=500.00)
sensor-consumer-1  | 2026-09-21T22:00:29.198368693Z 2026-09-21 22:00:29.198 INFO SensorConsumer - [STATS] consumidor=consumidor-c0aa95a89b68 processadas=965 alertas=99 invalidas=0 particoes=[1, 4]
sensor-consumer-1  | 2026-09-21T22:00:34.202654716Z 2026-09-21 22:00:34.202 INFO SensorConsumer - [STATS] consumidor=consumidor-c0aa95a89b68 processadas=975 alertas=99 invalidas=0 particoes=[1, 4]
sensor-consumer-1  | 2026-09-21T22:00:36.207834255Z 2026-09-21 22:00:36.207 WARN RegistroAlertas - [ALERTA] sensor=sensor-ecea9084327b setor=linha-producao particao=4 offset=978 ATENCAO:vibracao=10.63(limite=7.00)
sensor-consumer-1  | 2026-09-21T22:00:39.207708892Z 2026-09-21 22:00:39.207 INFO SensorConsumer - [STATS] consumidor=consumidor-c0aa95a89b68 processadas=985 alertas=100 invalidas=0 particoes=[1, 4]
sensor-consumer-1  | 2026-09-21T22:00:44.213747652Z 2026-09-21 22:00:44.213 INFO SensorConsumer - [STATS] consumidor=consumidor-c0aa95a89b68 processadas=995 alertas=100 invalidas=0 particoes=[1, 4]
sensor-consumer-1  | 2026-09-21T22:00:45.213850467Z 2026-09-21 22:00:45.213 WARN RegistroAlertas - [ALERTA] sensor=sensor-ecea9084327b setor=linha-producao particao=4 offset=996 ATENCAO:temperatura=86.06(limite=80.00)
sensor-consumer-1  | 2026-09-21T22:00:47.214550205Z 2026-09-21 22:00:47.214 WARN RegistroAlertas - [ALERTA] sensor=sensor-ecea9084327b setor=linha-producao particao=4 offset=1000 ATENCAO:energia=598.00(limite=500.00)
sensor-consumer-1  | 2026-09-21T22:00:49.214982438Z 2026-09-21 22:00:49.214 INFO SensorConsumer - [STATS] consumidor=consumidor-c0aa95a89b68 processadas=1005 alertas=102 invalidas=0 particoes=[1, 4]
sensor-consumer-1  | 2026-09-21T22:00:52.723269453Z 2026-09-21 22:00:52.722 WARN RegistroAlertas - [ALERTA] sensor=sensor-ecea9084327b setor=linha-producao particao=4 offset=1011 ATENCAO:vibracao=10.87(limite=7.00)
sensor-consumer-1  | 2026-09-21T22:00:53.717740562Z 2026-09-21 22:00:53.717 WARN RegistroAlertas - [ALERTA] sensor=sensor-ecea9084327b setor=linha-producao particao=4 offset=1013 ATENCAO:energia=641.16(limite=500.00)
sensor-consumer-1  | 2026-09-21T22:00:54.217157571Z 2026-09-21 22:00:54.216 INFO SensorConsumer - [STATS] consumidor=consumidor-c0aa95a89b68 processadas=1015 alertas=104 invalidas=0 particoes=[1, 4]
sensor-consumer-1  | 2026-09-21T22:00:57.236110674Z 2026-09-21 22:00:57.234 WARN RegistroAlertas - [ALERTA] sensor=sensor-ecea9084327b setor=linha-producao particao=4 offset=1020 ATENCAO:energia=641.12(limite=500.00)
sensor-consumer-1  | 2026-09-21T22:00:59.222726118Z 2026-09-21 22:00:59.222 WARN RegistroAlertas - [ALERTA] sensor=sensor-ecea9084327b setor=linha-producao particao=4 offset=1024 ATENCAO:energia=612.91(limite=500.00)
sensor-consumer-1  | 2026-09-21T22:00:59.225044414Z 2026-09-21 22:00:59.224 INFO SensorConsumer - [STATS] consumidor=consumidor-c0aa95a89b68 processadas=1025 alertas=106 invalidas=0 particoes=[1, 4]
sensor-consumer-1  | 2026-09-21T22:01:02.727509834Z 2026-09-21 22:01:02.726 WARN RegistroAlertas - [ALERTA] sensor=sensor-ecea9084327b setor=linha-producao particao=4 offset=1031 ATENCAO:vibracao=9.73(limite=7.00)
sensor-consumer-1  | 2026-09-21T22:01:04.225790168Z 2026-09-21 22:01:04.225 INFO SensorConsumer - [STATS] consumidor=consumidor-c0aa95a89b68 processadas=1034 alertas=107 invalidas=0 particoes=[1, 4]
sensor-consumer-1  | 2026-09-21T22:01:04.728838256Z 2026-09-21 22:01:04.728 WARN RegistroAlertas - [ALERTA] sensor=sensor-ecea9084327b setor=linha-producao particao=4 offset=1035 ATENCAO:temperatura=85.70(limite=80.00)
sensor-consumer-1  | 2026-09-21T22:01:09.231598437Z 2026-09-21 22:01:09.230 INFO SensorConsumer - [STATS] consumidor=consumidor-c0aa95a89b68 processadas=1044 alertas=108 invalidas=0 particoes=[1, 4]
sensor-consumer-1  | 2026-09-21T22:01:14.234309359Z 2026-09-21 22:01:14.234 INFO SensorConsumer - [STATS] consumidor=consumidor-c0aa95a89b68 processadas=1055 alertas=108 invalidas=0 particoes=[1, 4]
sensor-consumer-1  | 2026-09-21T22:01:15.240672693Z 2026-09-21 22:01:15.240 WARN RegistroAlertas - [ALERTA] sensor=sensor-ecea9084327b setor=linha-producao particao=4 offset=1056 ATENCAO:energia=574.74(limite=500.00)
sensor-consumer-1  | 2026-09-21T22:01:19.243153715Z 2026-09-21 22:01:19.242 INFO SensorConsumer - [STATS] consumidor=consumidor-c0aa95a89b68 processadas=1065 alertas=109 invalidas=0 particoes=[1, 4]
sensor-consumer-1  | 2026-09-21T22:01:24.243512565Z 2026-09-21 22:01:24.243 INFO SensorConsumer - [STATS] consumidor=consumidor-c0aa95a89b68 processadas=1075 alertas=109 invalidas=0 particoes=[1, 4]
sensor-consumer-1  | 2026-09-21T22:01:24.747429846Z 2026-09-21 22:01:24.746 WARN RegistroAlertas - [ALERTA] sensor=sensor-ecea9084327b setor=linha-producao particao=4 offset=1075 ATENCAO:energia=663.33(limite=500.00)
sensor-consumer-1  | 2026-09-21T22:01:29.248220277Z 2026-09-21 22:01:29.247 INFO SensorConsumer - [STATS] consumidor=consumidor-c0aa95a89b68 processadas=1085 alertas=110 invalidas=0 particoes=[1, 4]
sensor-consumer-1  | 2026-09-21T22:01:33.266028880Z 2026-09-21 22:01:33.265 WARN RegistroAlertas - [ALERTA] sensor=sensor-ecea9084327b setor=linha-producao particao=4 offset=1092 ATENCAO:temperatura=91.94(limite=80.00)
sensor-consumer-1  | 2026-09-21T22:01:34.254713148Z 2026-09-21 22:01:34.253 INFO SensorConsumer - [STATS] consumidor=consumidor-c0aa95a89b68 processadas=1094 alertas=111 invalidas=0 particoes=[1, 4]
sensor-consumer-1  | 2026-09-21T22:01:39.260368219Z 2026-09-21 22:01:39.259 INFO SensorConsumer - [STATS] consumidor=consumidor-c0aa95a89b68 processadas=1105 alertas=111 invalidas=0 particoes=[1, 4]
sensor-consumer-1  | 2026-09-21T22:01:39.772716673Z 2026-09-21 22:01:39.771 WARN RegistroAlertas - [ALERTA] sensor=sensor-ecea9084327b setor=linha-producao particao=4 offset=1105 ATENCAO:energia=570.56(limite=500.00)
sensor-consumer-1  | 2026-09-21T22:01:44.263927785Z 2026-09-21 22:01:44.263 INFO SensorConsumer - [STATS] consumidor=consumidor-c0aa95a89b68 processadas=1114 alertas=112 invalidas=0 particoes=[1, 4]
sensor-consumer-1  | 2026-09-21T22:01:49.267879354Z 2026-09-21 22:01:49.266 INFO SensorConsumer - [STATS] consumidor=consumidor-c0aa95a89b68 processadas=1124 alertas=112 invalidas=0 particoes=[1, 4]
sensor-consumer-1  | 2026-09-21T22:01:54.270260138Z 2026-09-21 22:01:54.269 INFO SensorConsumer - [STATS] consumidor=consumidor-c0aa95a89b68 processadas=1135 alertas=112 invalidas=0 particoes=[1, 4]
sensor-consumer-1  | 2026-09-21T22:01:56.271882980Z 2026-09-21 22:01:56.271 WARN RegistroAlertas - [ALERTA] sensor=sensor-ecea9084327b setor=linha-producao particao=4 offset=1138 ATENCAO:energia=605.99(limite=500.00)
sensor-consumer-1  | 2026-09-21T22:01:59.280095020Z 2026-09-21 22:01:59.279 INFO SensorConsumer - [STATS] consumidor=consumidor-c0aa95a89b68 processadas=1145 alertas=113 invalidas=0 particoes=[1, 4]
sensor-consumer-1  | 2026-09-21T22:02:04.780437215Z 2026-09-21 22:02:04.779 WARN RegistroAlertas - [ALERTA] sensor=sensor-ecea9084327b setor=linha-producao particao=4 offset=1155 CRITICO:temperatura=104.35(limite=80.00)
sensor-consumer-1  | 2026-09-21T22:02:04.783367365Z 2026-09-21 22:02:04.782 INFO SensorConsumer - [STATS] consumidor=consumidor-c0aa95a89b68 processadas=1156 alertas=114 invalidas=0 particoes=[1, 4]
sensor-consumer-1  | 2026-09-21T22:02:38.125671760Z Picked up JAVA_TOOL_OPTIONS: -Xms32m -Xmx128m
sensor-consumer-1  | 2026-09-21T22:02:38.266572436Z 2026-09-21 22:02:38.265 INFO SensorConsumer - [SensorConsumer.main] Iniciando consumidor=consumidor-c0aa95a89b68 grupo=processadores-sensores topico=dados-sensores
sensor-consumer-1  | 2026-09-21T22:02:41.091484610Z 2026-09-21 22:02:41.091 WARN SensorConsumer - [REBALANCE] consumidor=consumidor-c0aa95a89b68 RECEBEU particoes=[1, 4]
sensor-consumer-1  | 2026-09-21T22:02:41.811677253Z 2026-09-21 22:02:41.811 WARN RegistroAlertas - [ALERTA] sensor=sensor-ecea9084327b setor=linha-producao particao=4 offset=1229 CRITICO:temperatura=105.30(limite=80.00)
sensor-consumer-1  | 2026-09-21T22:02:43.817865097Z 2026-09-21 22:02:43.816 INFO SensorConsumer - [STATS] consumidor=consumidor-c0aa95a89b68 processadas=6 alertas=1 invalidas=0 particoes=[1, 4]
sensor-consumer-1  | 2026-09-21T22:02:44.812053564Z 2026-09-21 22:02:44.811 WARN RegistroAlertas - [ALERTA] sensor=sensor-ecea9084327b setor=linha-producao particao=4 offset=1235 ATENCAO:energia=683.67(limite=500.00)
sensor-consumer-1  | 2026-09-21T22:02:49.318670268Z 2026-09-21 22:02:49.317 INFO SensorConsumer - [STATS] consumidor=consumidor-c0aa95a89b68 processadas=16 alertas=2 invalidas=0 particoes=[1, 4]
sensor-consumer-1  | 2026-09-21T22:02:49.330182315Z 2026-09-21 22:02:49.329 WARN RegistroAlertas - [ALERTA] sensor=sensor-ecea9084327b setor=linha-producao particao=4 offset=1244 ATENCAO:vibracao=11.97(limite=7.00)
sensor-consumer-1  | 2026-09-21T22:02:54.319713400Z 2026-09-21 22:02:54.319 INFO SensorConsumer - [STATS] consumidor=consumidor-c0aa95a89b68 processadas=26 alertas=3 invalidas=0 particoes=[1, 4]
sensor-consumer-1  | 2026-09-21T22:02:59.321796701Z 2026-09-21 22:02:59.321 INFO SensorConsumer - [STATS] consumidor=consumidor-c0aa95a89b68 processadas=37 alertas=3 invalidas=0 particoes=[1, 4]
sensor-consumer-1  | 2026-09-21T22:03:01.337688587Z 2026-09-21 22:03:01.336 WARN RegistroAlertas - [ALERTA] sensor=sensor-ecea9084327b setor=linha-producao particao=4 offset=1268 ATENCAO:energia=612.41(limite=500.00)
sensor-consumer-1  | 2026-09-21T22:03:02.829072811Z 2026-09-21 22:03:02.828 WARN RegistroAlertas - [ALERTA] sensor=sensor-ecea9084327b setor=linha-producao particao=4 offset=1271 ATENCAO:energia=671.83(limite=500.00)
sensor-consumer-1  | 2026-09-21T22:03:04.328642236Z 2026-09-21 22:03:04.327 INFO SensorConsumer - [STATS] consumidor=consumidor-c0aa95a89b68 processadas=46 alertas=5 invalidas=0 particoes=[1, 4]
sensor-consumer-1  | 2026-09-21T22:03:09.331211113Z 2026-09-21 22:03:09.330 INFO SensorConsumer - [STATS] consumidor=consumidor-c0aa95a89b68 processadas=56 alertas=5 invalidas=0 particoes=[1, 4]
sensor-consumer-1  | 2026-09-21T22:03:14.333632735Z 2026-09-21 22:03:14.333 INFO SensorConsumer - [STATS] consumidor=consumidor-c0aa95a89b68 processadas=67 alertas=5 invalidas=0 particoes=[1, 4]
sensor-consumer-1  | 2026-09-21T22:03:18.841445905Z 2026-09-21 22:03:18.840 WARN RegistroAlertas - [ALERTA] sensor=sensor-ecea9084327b setor=linha-producao particao=4 offset=1303 ATENCAO:vibracao=11.08(limite=7.00)
sensor-consumer-1  | 2026-09-21T22:03:19.351511376Z 2026-09-21 22:03:19.350 INFO SensorConsumer - [STATS] consumidor=consumidor-c0aa95a89b68 processadas=77 alertas=6 invalidas=0 particoes=[1, 4]
sensor-consumer-1  | 2026-09-21T22:03:19.843730593Z 2026-09-21 22:03:19.843 WARN RegistroAlertas - [ALERTA] sensor=sensor-ecea9084327b setor=linha-producao particao=4 offset=1305 ATENCAO:vibracao=11.89(limite=7.00)
sensor-consumer-1  | 2026-09-21T22:03:20.340765009Z 2026-09-21 22:03:20.340 WARN RegistroAlertas - [ALERTA] sensor=sensor-ecea9084327b setor=linha-producao particao=4 offset=1306 ATENCAO:temperatura=99.90(limite=80.00)
sensor-consumer-1  | 2026-09-21T22:03:21.841412059Z 2026-09-21 22:03:21.840 WARN RegistroAlertas - [ALERTA] sensor=sensor-ecea9084327b setor=linha-producao particao=4 offset=1309 ATENCAO:energia=684.26(limite=500.00)
sensor-consumer-1  | 2026-09-21T22:03:24.845262759Z 2026-09-21 22:03:24.844 INFO SensorConsumer - [STATS] consumidor=consumidor-c0aa95a89b68 processadas=88 alertas=9 invalidas=0 particoes=[1, 4]
sensor-consumer-1  | 2026-09-21T22:03:26.357946703Z 2026-09-21 22:03:26.356 WARN RegistroAlertas - [ALERTA] sensor=sensor-ecea9084327b setor=linha-producao particao=4 offset=1318 ATENCAO:vibracao=9.89(limite=7.00)
sensor-consumer-1  | 2026-09-21T22:03:29.353138806Z 2026-09-21 22:03:29.350 WARN RegistroAlertas - [ALERTA] sensor=sensor-ecea9084327b setor=linha-producao particao=4 offset=1324 ATENCAO:energia=617.09(limite=500.00)
sensor-consumer-1  | 2026-09-21T22:03:29.852317013Z 2026-09-21 22:03:29.850 INFO SensorConsumer - [STATS] consumidor=consumidor-c0aa95a89b68 processadas=98 alertas=11 invalidas=0 particoes=[1, 4]
sensor-consumer-1  | 2026-09-21T22:03:34.850380703Z 2026-09-21 22:03:34.850 INFO SensorConsumer - [STATS] consumidor=consumidor-c0aa95a89b68 processadas=108 alertas=11 invalidas=0 particoes=[1, 4]
sensor-consumer-1  | 2026-09-21T22:03:37.854300314Z 2026-09-21 22:03:37.853 WARN RegistroAlertas - [ALERTA] sensor=sensor-ecea9084327b setor=linha-producao particao=4 offset=1341 ATENCAO:temperatura=87.99(limite=80.00)
sensor-consumer-1  | 2026-09-21T22:03:38.356444546Z 2026-09-21 22:03:38.356 WARN RegistroAlertas - [ALERTA] sensor=sensor-ecea9084327b setor=linha-producao particao=4 offset=1342 ATENCAO:energia=673.23(limite=500.00)
sensor-consumer-1  | 2026-09-21T22:03:39.855662534Z 2026-09-21 22:03:39.855 INFO SensorConsumer - [STATS] consumidor=consumidor-c0aa95a89b68 processadas=118 alertas=13 invalidas=0 particoes=[1, 4]
sensor-consumer-1  | 2026-09-21T22:03:42.360353186Z 2026-09-21 22:03:42.359 WARN RegistroAlertas - [ALERTA] sensor=sensor-ecea9084327b setor=linha-producao particao=4 offset=1350 ATENCAO:energia=575.87(limite=500.00)
sensor-consumer-1  | 2026-09-21T22:03:44.863641668Z 2026-09-21 22:03:44.863 INFO SensorConsumer - [STATS] consumidor=consumidor-c0aa95a89b68 processadas=128 alertas=14 invalidas=0 particoes=[1, 4]
sensor-consumer-1  | 2026-09-21T22:03:47.365364574Z 2026-09-21 22:03:47.364 WARN RegistroAlertas - [ALERTA] sensor=sensor-ecea9084327b setor=linha-producao particao=4 offset=1360 ATENCAO:energia=573.04(limite=500.00)
sensor-consumer-1  | 2026-09-21T22:03:48.273800533Z 2026-09-21 22:03:48.272 INFO SensorConsumer - [SensorConsumer.main] Encerrando consumidor consumidor-c0aa95a89b68...
sensor-consumer-1  | 2026-09-21T22:03:48.274352379Z 2026-09-21 22:03:48.273 INFO SensorConsumer - [SensorConsumer.main] wakeup recebido, saindo do loop.
sensor-consumer-1  | 2026-09-21T22:03:48.276449254Z 2026-09-21 22:03:48.276 WARN SensorConsumer - [REBALANCE] consumidor=consumidor-c0aa95a89b68 PERDEU particoes=[1, 4]
sensor-consumer-1  | 2026-09-21T22:03:48.373436653Z 2026-09-21 22:03:48.372 INFO SensorConsumer - [SensorConsumer.main] Encerrado. processadas=134 alertas=15
sensor-consumer-1  | 2026-09-21T22:04:20.862707147Z Picked up JAVA_TOOL_OPTIONS: -Xms32m -Xmx128m
sensor-consumer-1  | 2026-09-21T22:04:21.007744675Z 2026-09-21 22:04:21.007 INFO SensorConsumer - [SensorConsumer.main] Iniciando consumidor=consumidor-c0aa95a89b68 grupo=processadores-sensores topico=dados-sensores
sensor-consumer-1  | 2026-09-21T22:04:23.120893152Z 2026-09-21 22:04:23.120 WARN SensorConsumer - [REBALANCE] consumidor=consumidor-c0aa95a89b68 RECEBEU particoes=[1, 4]
sensor-consumer-1  | 2026-09-21T22:04:24.162272961Z 2026-09-21 22:04:24.161 WARN RegistroAlertas - [ALERTA] sensor=sensor-ecea9084327b setor=linha-producao particao=4 offset=1432 ATENCAO:energia=694.10(limite=500.00)
sensor-consumer-1  | 2026-09-21T22:04:25.398098983Z 2026-09-21 22:04:25.397 WARN RegistroAlertas - [ALERTA] sensor=sensor-ecea9084327b setor=linha-producao particao=4 offset=1436 CRITICO:temperatura=105.47(limite=80.00)
sensor-consumer-1  | 2026-09-21T22:04:26.392947057Z 2026-09-21 22:04:26.392 INFO SensorConsumer - [STATS] consumidor=consumidor-c0aa95a89b68 processadas=7 alertas=2 invalidas=0 particoes=[1, 4]
sensor-consumer-1  | 2026-09-21T22:04:27.895028255Z 2026-09-21 22:04:27.894 WARN RegistroAlertas - [ALERTA] sensor=sensor-ecea9084327b setor=linha-producao particao=4 offset=1441 ATENCAO:vibracao=8.05(limite=7.00)
sensor-consumer-1  | 2026-09-21T22:04:31.397944409Z 2026-09-21 22:04:31.397 INFO SensorConsumer - [STATS] consumidor=consumidor-c0aa95a89b68 processadas=17 alertas=3 invalidas=0 particoes=[1, 4]
sensor-consumer-1  | 2026-09-21T22:04:36.402996035Z 2026-09-21 22:04:36.402 INFO SensorConsumer - [STATS] consumidor=consumidor-c0aa95a89b68 processadas=27 alertas=3 invalidas=0 particoes=[1, 4]
sensor-consumer-1  | 2026-09-21T22:04:41.405798273Z 2026-09-21 22:04:41.405 INFO SensorConsumer - [STATS] consumidor=consumidor-c0aa95a89b68 processadas=37 alertas=3 invalidas=0 particoes=[1, 4]
sensor-consumer-1  | 2026-09-21T22:04:44.920031417Z 2026-09-21 22:04:44.919 WARN RegistroAlertas - [ALERTA] sensor=sensor-ecea9084327b setor=linha-producao particao=4 offset=1475 ATENCAO:energia=566.80(limite=500.00)
sensor-consumer-1  | 2026-09-21T22:04:46.413333113Z 2026-09-21 22:04:46.412 INFO SensorConsumer - [STATS] consumidor=consumidor-c0aa95a89b68 processadas=46 alertas=4 invalidas=0 particoes=[1, 4]
sensor-consumer-1  | 2026-09-21T22:04:47.414072533Z 2026-09-21 22:04:47.413 WARN RegistroAlertas - [ALERTA] sensor=sensor-ecea9084327b setor=linha-producao particao=4 offset=1480 ATENCAO:energia=665.16(limite=500.00)
sensor-consumer-1  | 2026-09-21T22:04:47.912613705Z 2026-09-21 22:04:47.912 WARN RegistroAlertas - [ALERTA] sensor=sensor-ecea9084327b setor=linha-producao particao=4 offset=1481 ATENCAO:vibracao=10.12(limite=7.00)
sensor-consumer-1  | 2026-09-21T22:04:48.416509373Z 2026-09-21 22:04:48.416 WARN RegistroAlertas - [ALERTA] sensor=sensor-ecea9084327b setor=linha-producao particao=4 offset=1482 ATENCAO:temperatura=94.96(limite=80.00)
sensor-consumer-1  | 2026-09-21T22:04:51.416922677Z 2026-09-21 22:04:51.416 WARN RegistroAlertas - [ALERTA] sensor=sensor-ecea9084327b setor=linha-producao particao=4 offset=1488 ATENCAO:energia=651.07(limite=500.00)
sensor-consumer-1  | 2026-09-21T22:04:51.420206820Z 2026-09-21 22:04:51.419 INFO SensorConsumer - [STATS] consumidor=consumidor-c0aa95a89b68 processadas=57 alertas=8 invalidas=0 particoes=[1, 4]
sensor-consumer-1  | 2026-09-21T22:04:56.916607352Z 2026-09-21 22:04:56.916 INFO SensorConsumer - [STATS] consumidor=consumidor-c0aa95a89b68 processadas=68 alertas=8 invalidas=0 particoes=[1, 4]
sensor-consumer-1  | 2026-09-21T22:04:58.417723642Z 2026-09-21 22:04:58.417 WARN RegistroAlertas - [ALERTA] sensor=sensor-ecea9084327b setor=linha-producao particao=4 offset=1502 ATENCAO:vibracao=8.03(limite=7.00)
sensor-consumer-1  | 2026-09-21T22:05:01.922607178Z 2026-09-21 22:05:01.922 INFO SensorConsumer - [STATS] consumidor=consumidor-c0aa95a89b68 processadas=78 alertas=9 invalidas=0 particoes=[1, 4]
sensor-consumer-1  | 2026-09-21T22:05:02.126664914Z 2026-09-21 22:05:02.126 WARN SensorConsumer - [REBALANCE] consumidor=consumidor-c0aa95a89b68 PERDEU particoes=[1, 4]
sensor-consumer-1  | 2026-09-21T22:05:02.135143113Z 2026-09-21 22:05:02.134 WARN SensorConsumer - [REBALANCE] consumidor=consumidor-c0aa95a89b68 RECEBEU particoes=[0, 1, 2, 3, 4, 5]
sensor-consumer-1  | 2026-09-21T22:05:02.186455043Z 2026-09-21 22:05:02.184 WARN RegistroAlertas - [ALERTA] sensor=sensor-9caa6b672dc8 setor=linha-producao particao=3 offset=1510 ATENCAO:energia=673.91(limite=500.00)
sensor-consumer-1  | 2026-09-21T22:05:03.677768047Z 2026-09-21 22:05:03.677 WARN RegistroAlertas - [ALERTA] sensor=sensor-9caa6b672dc8 setor=linha-producao particao=3 offset=1513 ATENCAO:vibracao=10.38(limite=7.00)
sensor-consumer-1  | 2026-09-21T22:05:03.928973634Z 2026-09-21 22:05:03.928 WARN RegistroAlertas - [ALERTA] sensor=sensor-ecea9084327b setor=linha-producao particao=4 offset=1513 ATENCAO:temperatura=91.29(limite=80.00)
sensor-consumer-1  | 2026-09-21T22:05:04.677122742Z 2026-09-21 22:05:04.676 WARN RegistroAlertas - [ALERTA] sensor=sensor-9caa6b672dc8 setor=linha-producao particao=3 offset=1515 ATENCAO:vibracao=9.21(limite=7.00)
sensor-consumer-1  | 2026-09-21T22:05:05.428763540Z 2026-09-21 22:05:05.428 WARN RegistroAlertas - [ALERTA] sensor=sensor-ecea9084327b setor=linha-producao particao=4 offset=1516 ATENCAO:energia=635.59(limite=500.00)
sensor-consumer-1  | 2026-09-21T22:05:06.142668501Z 2026-09-21 22:05:06.142 WARN RegistroAlertas - [ALERTA] sensor=sensor-482f699b5e27 setor=linha-producao particao=0 offset=1517 ATENCAO:energia=646.02(limite=500.00)
sensor-consumer-1  | 2026-09-21T22:05:06.939503257Z 2026-09-21 22:05:06.938 INFO SensorConsumer - [STATS] consumidor=consumidor-c0aa95a89b68 processadas=110 alertas=15 invalidas=0 particoes=[0, 1, 2, 3, 4, 5]
sensor-consumer-1  | 2026-09-21T22:05:08.646219869Z 2026-09-21 22:05:08.645 WARN RegistroAlertas - [ALERTA] sensor=sensor-482f699b5e27 setor=linha-producao particao=0 offset=1522 ATENCAO:temperatura=85.69(limite=80.00)
sensor-consumer-1  | 2026-09-21T22:05:09.429847427Z 2026-09-21 22:05:09.429 WARN RegistroAlertas - [ALERTA] sensor=sensor-ecea9084327b setor=linha-producao particao=4 offset=1524 ATENCAO:vibracao=10.29(limite=7.00)
sensor-consumer-1  | 2026-09-21T22:05:11.680279201Z 2026-09-21 22:05:11.679 WARN RegistroAlertas - [ALERTA] sensor=sensor-9caa6b672dc8 setor=linha-producao particao=3 offset=1529 ATENCAO:energia=679.94(limite=500.00)
sensor-consumer-1  | 2026-09-21T22:05:12.148535699Z 2026-09-21 22:05:12.148 INFO SensorConsumer - [STATS] consumidor=consumidor-c0aa95a89b68 processadas=141 alertas=18 invalidas=0 particoes=[0, 1, 2, 3, 4, 5]
sensor-consumer-1  | 2026-09-21T22:05:17.152726496Z 2026-09-21 22:05:17.152 INFO SensorConsumer - [STATS] consumidor=consumidor-c0aa95a89b68 processadas=171 alertas=18 invalidas=0 particoes=[0, 1, 2, 3, 4, 5]
sensor-consumer-1  | 2026-09-21T22:05:18.662738332Z 2026-09-21 22:05:18.661 WARN RegistroAlertas - [ALERTA] sensor=sensor-482f699b5e27 setor=linha-producao particao=0 offset=1542 ATENCAO:vibracao=11.42(limite=7.00)
sensor-consumer-1  | 2026-09-21T22:05:22.152426598Z 2026-09-21 22:05:22.152 WARN RegistroAlertas - [ALERTA] sensor=sensor-482f699b5e27 setor=linha-producao particao=0 offset=1549 ATENCAO:energia=670.57(limite=500.00)
sensor-consumer-1  | 2026-09-21T22:05:22.154775660Z 2026-09-21 22:05:22.154 INFO SensorConsumer - [STATS] consumidor=consumidor-c0aa95a89b68 processadas=201 alertas=20 invalidas=0 particoes=[0, 1, 2, 3, 4, 5]
sensor-consumer-1  | 2026-09-21T22:05:24.437742769Z 2026-09-21 22:05:24.437 WARN RegistroAlertas - [ALERTA] sensor=sensor-ecea9084327b setor=linha-producao particao=4 offset=1554 ATENCAO:vibracao=8.12(limite=7.00)
sensor-consumer-1  | 2026-09-21T22:05:26.190137558Z 2026-09-21 22:05:26.189 WARN RegistroAlertas - [ALERTA] sensor=sensor-9caa6b672dc8 setor=linha-producao particao=3 offset=1558 ATENCAO:temperatura=92.98(limite=80.00)
sensor-consumer-1  | 2026-09-21T22:05:27.161960156Z 2026-09-21 22:05:27.161 WARN RegistroAlertas - [ALERTA] sensor=sensor-482f699b5e27 setor=linha-producao particao=0 offset=1559 ATENCAO:vibracao=10.92(limite=7.00)
sensor-consumer-1  | 2026-09-21T22:05:27.165469740Z 2026-09-21 22:05:27.165 INFO SensorConsumer - [STATS] consumidor=consumidor-c0aa95a89b68 processadas=231 alertas=23 invalidas=0 particoes=[0, 1, 2, 3, 4, 5]
sensor-consumer-1  | 2026-09-21T22:05:27.192138794Z 2026-09-21 22:05:27.191 WARN RegistroAlertas - [ALERTA] sensor=sensor-9caa6b672dc8 setor=linha-producao particao=3 offset=1560 ATENCAO:temperatura=97.11(limite=80.00)
sensor-consumer-1  | 2026-09-21T22:05:28.159214530Z 2026-09-21 22:05:28.158 WARN RegistroAlertas - [ALERTA] sensor=sensor-482f699b5e27 setor=linha-producao particao=0 offset=1561 ATENCAO:energia=644.27(limite=500.00)
sensor-consumer-1  | 2026-09-21T22:05:31.947560412Z 2026-09-21 22:05:31.947 WARN RegistroAlertas - [ALERTA] sensor=sensor-ecea9084327b setor=linha-producao particao=4 offset=1569 ATENCAO:vibracao=9.63(limite=7.00)
sensor-consumer-1  | 2026-09-21T22:05:32.165714838Z 2026-09-21 22:05:32.165 INFO SensorConsumer - [STATS] consumidor=consumidor-c0aa95a89b68 processadas=261 alertas=26 invalidas=0 particoes=[0, 1, 2, 3, 4, 5]
sensor-consumer-1  | 2026-09-21T22:05:34.195682350Z 2026-09-21 22:05:34.195 WARN RegistroAlertas - [ALERTA] sensor=sensor-9caa6b672dc8 setor=linha-producao particao=3 offset=1574 ATENCAO:energia=626.33(limite=500.00)
sensor-consumer-1  | 2026-09-21T22:05:36.670055160Z 2026-09-21 22:05:36.669 WARN RegistroAlertas - [ALERTA] sensor=sensor-482f699b5e27 setor=linha-producao particao=0 offset=1578 ATENCAO:energia=648.03(limite=500.00)
sensor-consumer-1  | 2026-09-21T22:05:37.167157754Z 2026-09-21 22:05:37.166 INFO SensorConsumer - [STATS] consumidor=consumidor-c0aa95a89b68 processadas=291 alertas=28 invalidas=0 particoes=[0, 1, 2, 3, 4, 5]
sensor-consumer-1  | 2026-09-21T22:05:41.141866633Z 2026-09-21 22:05:41.141 WARN SensorConsumer - [REBALANCE] consumidor=consumidor-c0aa95a89b68 PERDEU particoes=[0, 1, 2, 3, 4, 5]
sensor-consumer-1  | 2026-09-21T22:05:41.148179454Z 2026-09-21 22:05:41.147 WARN SensorConsumer - [REBALANCE] consumidor=consumidor-c0aa95a89b68 RECEBEU particoes=[1, 3, 5]
sensor-consumer-1  | 2026-09-21T22:05:42.200029896Z 2026-09-21 22:05:42.199 INFO SensorConsumer - [STATS] consumidor=consumidor-c0aa95a89b68 processadas=317 alertas=28 invalidas=0 particoes=[1, 3, 5]
sensor-consumer-1  | 2026-09-21T22:05:43.700909817Z 2026-09-21 22:05:43.700 WARN RegistroAlertas - [ALERTA] sensor=sensor-9caa6b672dc8 setor=linha-producao particao=3 offset=1593 ATENCAO:energia=575.62(limite=500.00)
sensor-consumer-1  | 2026-09-21T22:05:47.204453548Z 2026-09-21 22:05:47.203 INFO SensorConsumer - [STATS] consumidor=consumidor-c0aa95a89b68 processadas=327 alertas=29 invalidas=0 particoes=[1, 3, 5]
sensor-consumer-1  | 2026-09-21T22:05:52.205480779Z 2026-09-21 22:05:52.205 WARN RegistroAlertas - [ALERTA] sensor=sensor-9caa6b672dc8 setor=linha-producao particao=3 offset=1610 ATENCAO:temperatura=88.82(limite=80.00)
sensor-consumer-1  | 2026-09-21T22:05:52.207708062Z 2026-09-21 22:05:52.207 INFO SensorConsumer - [STATS] consumidor=consumidor-c0aa95a89b68 processadas=337 alertas=30 invalidas=0 particoes=[1, 3, 5]
sensor-consumer-1  | 2026-09-21T22:05:53.212046652Z 2026-09-21 22:05:53.211 WARN RegistroAlertas - [ALERTA] sensor=sensor-9caa6b672dc8 setor=linha-producao particao=3 offset=1612 ATENCAO:vibracao=11.05(limite=7.00)
sensor-consumer-1  | 2026-09-21T22:05:57.211975683Z 2026-09-21 22:05:57.211 INFO SensorConsumer - [STATS] consumidor=consumidor-c0aa95a89b68 processadas=347 alertas=31 invalidas=0 particoes=[1, 3, 5]
sensor-consumer-1  | 2026-09-21T22:06:02.216757084Z 2026-09-21 22:06:02.216 INFO SensorConsumer - [STATS] consumidor=consumidor-c0aa95a89b68 processadas=357 alertas=31 invalidas=0 particoes=[1, 3, 5]
sensor-consumer-1  | 2026-09-21T22:06:02.715520175Z 2026-09-21 22:06:02.714 WARN RegistroAlertas - [ALERTA] sensor=sensor-9caa6b672dc8 setor=linha-producao particao=3 offset=1631 ATENCAO:temperatura=87.07(limite=80.00)
sensor-consumer-1  | 2026-09-21T22:06:04.215281874Z 2026-09-21 22:06:04.214 WARN RegistroAlertas - [ALERTA] sensor=sensor-9caa6b672dc8 setor=linha-producao particao=3 offset=1634 ATENCAO:temperatura=90.78(limite=80.00)
sensor-consumer-1  | 2026-09-21T22:06:07.217457165Z 2026-09-21 22:06:07.217 INFO SensorConsumer - [STATS] consumidor=consumidor-c0aa95a89b68 processadas=367 alertas=33 invalidas=0 particoes=[1, 3, 5]
sensor-consumer-1  | 2026-09-21T22:06:11.154904584Z 2026-09-21 22:06:11.154 WARN SensorConsumer - [REBALANCE] consumidor=consumidor-c0aa95a89b68 PERDEU particoes=[1, 3, 5]
sensor-consumer-1  | 2026-09-21T22:06:11.167255430Z 2026-09-21 22:06:11.166 WARN SensorConsumer - [REBALANCE] consumidor=consumidor-c0aa95a89b68 RECEBEU particoes=[2, 5]
sensor-consumer-1  | 2026-09-21T22:06:12.220830654Z 2026-09-21 22:06:12.220 INFO SensorConsumer - [STATS] consumidor=consumidor-c0aa95a89b68 processadas=374 alertas=33 invalidas=0 particoes=[2, 5]
sensor-consumer-1  | 2026-09-21T22:06:17.227138370Z 2026-09-21 22:06:17.225 INFO SensorConsumer - [STATS] consumidor=consumidor-c0aa95a89b68 processadas=374 alertas=33 invalidas=0 particoes=[2, 5]
sensor-consumer-1  | 2026-09-21T22:06:22.231404834Z 2026-09-21 22:06:22.231 INFO SensorConsumer - [STATS] consumidor=consumidor-c0aa95a89b68 processadas=374 alertas=33 invalidas=0 particoes=[2, 5]
sensor-consumer-1  | 2026-09-21T22:06:27.237745458Z 2026-09-21 22:06:27.237 INFO SensorConsumer - [STATS] consumidor=consumidor-c0aa95a89b68 processadas=374 alertas=33 invalidas=0 particoes=[2, 5]
sensor-consumer-1  | 2026-09-21T22:06:32.241796832Z 2026-09-21 22:06:32.241 INFO SensorConsumer - [STATS] consumidor=consumidor-c0aa95a89b68 processadas=374 alertas=33 invalidas=0 particoes=[2, 5]
sensor-consumer-1  | 2026-09-21T22:06:37.245177115Z 2026-09-21 22:06:37.244 INFO SensorConsumer - [STATS] consumidor=consumidor-c0aa95a89b68 processadas=374 alertas=33 invalidas=0 particoes=[2, 5]
sensor-consumer-1  | 2026-09-21T22:06:42.250873853Z 2026-09-21 22:06:42.250 INFO SensorConsumer - [STATS] consumidor=consumidor-c0aa95a89b68 processadas=374 alertas=33 invalidas=0 particoes=[2, 5]
sensor-consumer-1  | 2026-09-21T22:06:44.170184483Z 2026-09-21 22:06:44.169 WARN SensorConsumer - [REBALANCE] consumidor=consumidor-c0aa95a89b68 PERDEU particoes=[2, 5]
sensor-consumer-1  | 2026-09-21T22:06:44.188903644Z 2026-09-21 22:06:44.187 WARN SensorConsumer - [REBALANCE] consumidor=consumidor-c0aa95a89b68 RECEBEU particoes=[3]
sensor-consumer-1  | 2026-09-21T22:06:47.747381615Z 2026-09-21 22:06:47.746 INFO SensorConsumer - [STATS] consumidor=consumidor-c0aa95a89b68 processadas=382 alertas=33 invalidas=0 particoes=[3]
sensor-consumer-1  | 2026-09-21T22:06:52.751110907Z 2026-09-21 22:06:52.750 INFO SensorConsumer - [STATS] consumidor=consumidor-c0aa95a89b68 processadas=392 alertas=33 invalidas=0 particoes=[3]
sensor-consumer-1  | 2026-09-21T22:06:54.762142641Z 2026-09-21 22:06:54.761 WARN RegistroAlertas - [ALERTA] sensor=sensor-9caa6b672dc8 setor=linha-producao particao=3 offset=1735 ATENCAO:vibracao=9.30(limite=7.00)
sensor-consumer-1  | 2026-09-21T22:06:56.255439872Z 2026-09-21 22:06:56.255 WARN RegistroAlertas - [ALERTA] sensor=sensor-9caa6b672dc8 setor=linha-producao particao=3 offset=1738 ATENCAO:vibracao=10.29(limite=7.00)
sensor-consumer-1  | 2026-09-21T22:06:57.756017276Z 2026-09-21 22:06:57.755 INFO SensorConsumer - [STATS] consumidor=consumidor-c0aa95a89b68 processadas=402 alertas=35 invalidas=0 particoes=[3]
sensor-consumer-1  | 2026-09-21T22:06:59.261246492Z 2026-09-21 22:06:59.260 WARN RegistroAlertas - [ALERTA] sensor=sensor-9caa6b672dc8 setor=linha-producao particao=3 offset=1744 ATENCAO:energia=599.50(limite=500.00)
sensor-consumer-1  | 2026-09-21T22:07:02.760866416Z 2026-09-21 22:07:02.760 INFO SensorConsumer - [STATS] consumidor=consumidor-c0aa95a89b68 processadas=412 alertas=36 invalidas=0 particoes=[3]
sensor-consumer-1  | 2026-09-21T22:07:05.263689911Z 2026-09-21 22:07:05.263 WARN RegistroAlertas - [ALERTA] sensor=sensor-9caa6b672dc8 setor=linha-producao particao=3 offset=1756 ATENCAO:temperatura=99.66(limite=80.00)
sensor-consumer-1  | 2026-09-21T22:07:07.765808250Z 2026-09-21 22:07:07.765 INFO SensorConsumer - [STATS] consumidor=consumidor-c0aa95a89b68 processadas=422 alertas=37 invalidas=0 particoes=[3]
sensor-consumer-1  | 2026-09-21T22:07:11.765581059Z 2026-09-21 22:07:11.765 WARN RegistroAlertas - [ALERTA] sensor=sensor-9caa6b672dc8 setor=linha-producao particao=3 offset=1769 ATENCAO:temperatura=97.62(limite=80.00)
sensor-consumer-1  | 2026-09-21T22:07:12.766749558Z 2026-09-21 22:07:12.766 INFO SensorConsumer - [STATS] consumidor=consumidor-c0aa95a89b68 processadas=432 alertas=38 invalidas=0 particoes=[3]
sensor-consumer-1  | 2026-09-21T22:07:13.769042253Z 2026-09-21 22:07:13.768 WARN RegistroAlertas - [ALERTA] sensor=sensor-9caa6b672dc8 setor=linha-producao particao=3 offset=1773 ATENCAO:temperatura=93.40(limite=80.00)
sensor-consumer-1  | 2026-09-21T22:07:17.194999823Z 2026-09-21 22:07:17.194 WARN SensorConsumer - [REBALANCE] consumidor=consumidor-c0aa95a89b68 PERDEU particoes=[3]
sensor-consumer-1  | 2026-09-21T22:07:17.214219141Z 2026-09-21 22:07:17.212 WARN SensorConsumer - [REBALANCE] consumidor=consumidor-c0aa95a89b68 RECEBEU particoes=[5]
sensor-consumer-1  | 2026-09-21T22:07:17.770206256Z 2026-09-21 22:07:17.769 INFO SensorConsumer - [STATS] consumidor=consumidor-c0aa95a89b68 processadas=440 alertas=39 invalidas=0 particoes=[5]
sensor-consumer-1  | 2026-09-21T22:07:22.772541853Z 2026-09-21 22:07:22.772 INFO SensorConsumer - [STATS] consumidor=consumidor-c0aa95a89b68 processadas=440 alertas=39 invalidas=0 particoes=[5]
sensor-consumer-1  | 2026-09-21T22:07:27.778935427Z 2026-09-21 22:07:27.778 INFO SensorConsumer - [STATS] consumidor=consumidor-c0aa95a89b68 processadas=440 alertas=39 invalidas=0 particoes=[5]
sensor-consumer-1  | 2026-09-21T22:07:32.779395348Z 2026-09-21 22:07:32.778 INFO SensorConsumer - [STATS] consumidor=consumidor-c0aa95a89b68 processadas=440 alertas=39 invalidas=0 particoes=[5]
sensor-consumer-1  | 2026-09-21T22:07:37.785702918Z 2026-09-21 22:07:37.784 INFO SensorConsumer - [STATS] consumidor=consumidor-c0aa95a89b68 processadas=440 alertas=39 invalidas=0 particoes=[5]
sensor-consumer-1  | 2026-09-21T22:07:42.788441460Z 2026-09-21 22:07:42.787 INFO SensorConsumer - [STATS] consumidor=consumidor-c0aa95a89b68 processadas=440 alertas=39 invalidas=0 particoes=[5]
sensor-consumer-1  | 2026-09-21T22:07:47.793677410Z 2026-09-21 22:07:47.793 INFO SensorConsumer - [STATS] consumidor=consumidor-c0aa95a89b68 processadas=440 alertas=39 invalidas=0 particoes=[5]
sensor-consumer-1  | 2026-09-21T22:07:49.303806034Z 2026-09-21 22:07:49.303 WARN RegistroAlertas - [ALERTA] sensor=sensor-22c2c6e9bd13 setor=linha-producao particao=5 offset=2 ATENCAO:energia=699.35(limite=500.00)
sensor-consumer-1  | 2026-09-21T22:07:49.697526547Z 2026-09-21 22:07:49.697 WARN RegistroAlertas - [ALERTA] sensor=sensor-5810d1cfca65 setor=empacotamento particao=5 offset=4 ATENCAO:energia=595.40(limite=500.00)
sensor-consumer-1  | 2026-09-21T22:07:51.052422054Z 2026-09-21 22:07:51.051 WARN RegistroAlertas - [ALERTA] sensor=sensor-ec9b69caab16 setor=refrigeracao particao=5 offset=12 ATENCAO:energia=561.77(limite=500.00)
sensor-consumer-1  | 2026-09-21T22:07:51.700605617Z 2026-09-21 22:07:51.700 WARN RegistroAlertas - [ALERTA] sensor=sensor-5810d1cfca65 setor=empacotamento particao=5 offset=16 ATENCAO:vibracao=11.23(limite=7.00)
sensor-consumer-1  | 2026-09-21T22:07:52.796256786Z 2026-09-21 22:07:52.795 INFO SensorConsumer - [STATS] consumidor=consumidor-c0aa95a89b68 processadas=464 alertas=43 invalidas=0 particoes=[5]
sensor-consumer-1  | 2026-09-21T22:07:57.059731973Z 2026-09-21 22:07:57.059 WARN RegistroAlertas - [ALERTA] sensor=sensor-ec9b69caab16 setor=refrigeracao particao=5 offset=48 ATENCAO:energia=684.89(limite=500.00)
sensor-consumer-1  | 2026-09-21T22:07:57.810063287Z 2026-09-21 22:07:57.809 INFO SensorConsumer - [STATS] consumidor=consumidor-c0aa95a89b68 processadas=494 alertas=44 invalidas=0 particoes=[5]
sensor-consumer-1  | 2026-09-21T22:07:58.222549274Z 2026-09-21 22:07:58.221 WARN RegistroAlertas - [ALERTA] sensor=sensor-5810d1cfca65 setor=empacotamento particao=5 offset=55 CRITICO:temperatura=100.98(limite=80.00)
sensor-consumer-1  | 2026-09-21T22:07:59.222410611Z 2026-09-21 22:07:59.221 WARN RegistroAlertas - [ALERTA] sensor=sensor-5810d1cfca65 setor=empacotamento particao=5 offset=61 ATENCAO:energia=677.83(limite=500.00)
sensor-consumer-1  | 2026-09-21T22:08:00.219013560Z 2026-09-21 22:08:00.218 WARN RegistroAlertas - [ALERTA] sensor=sensor-5810d1cfca65 setor=empacotamento particao=5 offset=67 ATENCAO:energia=676.20(limite=500.00)
sensor-consumer-1  | 2026-09-21T22:08:02.820574961Z 2026-09-21 22:08:02.820 INFO SensorConsumer - [STATS] consumidor=consumidor-c0aa95a89b68 processadas=524 alertas=47 invalidas=0 particoes=[5]
sensor-consumer-1  | 2026-09-21T22:08:03.221996053Z 2026-09-21 22:08:03.221 WARN RegistroAlertas - [ALERTA] sensor=sensor-5810d1cfca65 setor=empacotamento particao=5 offset=85 ATENCAO:energia=682.06(limite=500.00)
sensor-consumer-1  | 2026-09-21T22:08:05.822317250Z 2026-09-21 22:08:05.821 WARN RegistroAlertas - [ALERTA] sensor=sensor-22c2c6e9bd13 setor=linha-producao particao=5 offset=101 ATENCAO:energia=678.60(limite=500.00)
sensor-consumer-1  | 2026-09-21T22:08:07.243201261Z 2026-09-21 22:08:07.242 WARN RegistroAlertas - [ALERTA] sensor=sensor-5810d1cfca65 setor=empacotamento particao=5 offset=109 ATENCAO:energia=618.33(limite=500.00)
sensor-consumer-1  | 2026-09-21T22:08:07.822300016Z 2026-09-21 22:08:07.821 INFO SensorConsumer - [STATS] consumidor=consumidor-c0aa95a89b68 processadas=554 alertas=50 invalidas=0 particoes=[5]
sensor-consumer-1  | 2026-09-21T22:08:08.325619481Z 2026-09-21 22:08:08.325 WARN RegistroAlertas - [ALERTA] sensor=sensor-22c2c6e9bd13 setor=linha-producao particao=5 offset=116 ATENCAO:temperatura=99.83(limite=80.00)
sensor-consumer-1  | 2026-09-21T22:08:09.076488933Z 2026-09-21 22:08:09.076 WARN RegistroAlertas - [ALERTA] sensor=sensor-ec9b69caab16 setor=refrigeracao particao=5 offset=120 ATENCAO:vibracao=9.00(limite=7.00)
sensor-consumer-1  | 2026-09-21T22:08:11.220455566Z 2026-09-21 22:08:11.219 WARN SensorConsumer - [REBALANCE] consumidor=consumidor-c0aa95a89b68 PERDEU particoes=[5]
sensor-consumer-1  | 2026-09-21T22:08:11.228216417Z 2026-09-21 22:08:11.227 WARN SensorConsumer - [REBALANCE] consumidor=consumidor-c0aa95a89b68 RECEBEU particoes=[2, 5]
sensor-consumer-1  | 2026-09-21T22:08:12.831808174Z 2026-09-21 22:08:12.831 INFO SensorConsumer - [STATS] consumidor=consumidor-c0aa95a89b68 processadas=563 alertas=52 invalidas=0 particoes=[2, 5]
sensor-consumer-1  | 2026-09-21T22:08:17.838186521Z 2026-09-21 22:08:17.837 INFO SensorConsumer - [STATS] consumidor=consumidor-c0aa95a89b68 processadas=563 alertas=52 invalidas=0 particoes=[2, 5]
sensor-consumer-1  | 2026-09-21T22:08:22.848252796Z 2026-09-21 22:08:22.847 INFO SensorConsumer - [STATS] consumidor=consumidor-c0aa95a89b68 processadas=563 alertas=52 invalidas=0 particoes=[2, 5]
sensor-consumer-1  | 2026-09-21T22:08:27.856166530Z 2026-09-21 22:08:27.855 INFO SensorConsumer - [STATS] consumidor=consumidor-c0aa95a89b68 processadas=563 alertas=52 invalidas=0 particoes=[2, 5]
sensor-consumer-1  | 2026-09-21T22:08:32.861007042Z 2026-09-21 22:08:32.860 INFO SensorConsumer - [STATS] consumidor=consumidor-c0aa95a89b68 processadas=563 alertas=52 invalidas=0 particoes=[2, 5]
sensor-consumer-1  | 2026-09-21T22:08:37.865793296Z 2026-09-21 22:08:37.865 INFO SensorConsumer - [STATS] consumidor=consumidor-c0aa95a89b68 processadas=563 alertas=52 invalidas=0 particoes=[2, 5]
sensor-consumer-1  | 2026-09-21T22:08:42.874331688Z 2026-09-21 22:08:42.873 INFO SensorConsumer - [STATS] consumidor=consumidor-c0aa95a89b68 processadas=563 alertas=52 invalidas=0 particoes=[2, 5]
sensor-consumer-1  | 2026-09-21T22:08:47.879910283Z 2026-09-21 22:08:47.879 INFO SensorConsumer - [STATS] consumidor=consumidor-c0aa95a89b68 processadas=563 alertas=52 invalidas=0 particoes=[2, 5]
sensor-consumer-1  | 2026-09-21T22:08:52.887468393Z 2026-09-21 22:08:52.887 INFO SensorConsumer - [STATS] consumidor=consumidor-c0aa95a89b68 processadas=563 alertas=52 invalidas=0 particoes=[2, 5]
sensor-consumer-1  | 2026-09-21T22:08:57.892314505Z 2026-09-21 22:08:57.891 INFO SensorConsumer - [STATS] consumidor=consumidor-c0aa95a89b68 processadas=563 alertas=52 invalidas=0 particoes=[2, 5]
sensor-consumer-1  | 2026-09-21T22:09:02.900169520Z 2026-09-21 22:09:02.899 INFO SensorConsumer - [STATS] consumidor=consumidor-c0aa95a89b68 processadas=563 alertas=52 invalidas=0 particoes=[2, 5]
sensor-consumer-1  | 2026-09-21T22:09:07.904895612Z 2026-09-21 22:09:07.904 INFO SensorConsumer - [STATS] consumidor=consumidor-c0aa95a89b68 processadas=563 alertas=52 invalidas=0 particoes=[2, 5]
sensor-consumer-1  | 2026-09-21T22:09:12.912128256Z 2026-09-21 22:09:12.911 INFO SensorConsumer - [STATS] consumidor=consumidor-c0aa95a89b68 processadas=563 alertas=52 invalidas=0 particoes=[2, 5]
